subset,model,query_id,reference_rank_bin,delta_ndcg,delta_mrr,delta_best_positive_score,delta_hardest_unlabelled_score,delta_margin,delta_fixed_margin,delta_fixed_boundary_distance,delta_fixed_mean_positive_cosine,query_neighbor_retention
biology,E0,0,1,0.0,0.0,0.0,0.0,0.0,0.0,0.0,0.0,1.0
biology,E0,1,2-10,0.0,0.0,0.0,0.0,0.0,0.0,0.0,0.0,1.0
biology,E0,10,1,0.0,0.0,0.0,0.0,0.0,0.0,0.0,0.0,1.0
biology,E0,100,1,0.0,0.0,0.0,0.0,0.0,0.0,0.0,0.0,1.0
biology,E0,101,101+,0.0,0.0,0.0,0.0,0.0,0.0,0.0,0.0,1.0
biology,E0,102,101+,0.0,0.0,0.0,0.0,0.0,0.0,0.0,0.0,1.0
biology,E0,11,2-10,0.0,0.0,0.0,0.0,0.0,0.0,0.0,0.0,1.0
biology,E0,12,101+,0.0,0.0,0.0,0.0,0.0,0.0,0.0,0.0,1.0
biology,E0,13,2-10,0.0,0.0,0.0,0.0,0.0,0.0,0.0,0.0,1.0
biology,E0,14,1,0.0,0.0,0.0,0.0,0.0,0.0,0.0,0.0,1.0
biology,E0,15,101+,0.0,0.0,0.0,0.0,0.0,0.0,0.0,0.0,1.0
biology,E0,16,101+,0.0,0.0,0.0,0.0,0.0,0.0,0.0,0.0,1.0
biology,E0,17,2-10,0.0,0.0,0.0,0.0,0.0,0.0,0.0,0.0,1.0
biology,E0,18,101+,0.0,0.0,0.0,0.0,0.0,0.0,0.0,0.0,1.0
biology,E0,19,2-10,0.0,0.0,0.0,0.0,0.0,0.0,0.0,0.0,1.0
biology,E0,2,11-100,0.0,0.0,0.0,0.0,0.0,0.0,0.0,0.0,1.0
biology,E0,20,2-10,0.0,0.0,0.0,0.0,0.0,0.0,0.0,0.0,1.0
biology,E0,21,2-10,0.0,0.0,0.0,0.0,0.0,0.0,0.0,0.0,1.0
biology,E0,22,11-100,0.0,0.0,0.0,0.0,0.0,0.0,0.0,0.0,1.0
biology,E0,23,101+,0.0,0.0,0.0,0.0,0.0,0.0,0.0,0.0,1.0
biology,E0,24,1,0.0,0.0,0.0,0.0,0.0,0.0,0.0,0.0,1.0
biology,E0,25,1,0.0,0.0,0.0,0.0,0.0,0.0,0.0,0.0,1.0
biology,E0,26,101+,0.0,0.0,0.0,0.0,0.0,0.0,0.0,0.0,1.0
biology,E0,27,11-100,0.0,0.0,0.0,0.0,0.0,0.0,0.0,0.0,1.0
biology,E0,28,2-10,0.0,0.0,0.0,0.0,0.0,0.0,0.0,0.0,1.0
biology,E0,29,11-100,0.0,0.0,0.0,0.0,0.0,0.0,0.0,0.0,1.0
biology,E0,3,1,0.0,0.0,0.0,0.0,0.0,0.0,0.0,0.0,1.0
biology,E0,30,1,0.0,0.0,0.0,0.0,0.0,0.0,0.0,0.0,1.0
biology,E0,31,11-100,0.0,0.0,0.0,0.0,0.0,0.0,0.0,0.0,1.0
biology,E0,32,101+,0.0,0.0,0.0,0.0,0.0,0.0,0.0,0.0,1.0
biology,E0,33,101+,0.0,0.0,0.0,0.0,0.0,0.0,0.0,0.0,1.0
biology,E0,34,101+,0.0,0.0,0.0,0.0,0.0,0.0,0.0,0.0,1.0
biology,E0,35,2-10,0.0,0.0,0.0,0.0,0.0,0.0,0.0,0.0,1.0
biology,E0,36,11-100,0.0,0.0,0.0,0.0,0.0,0.0,0.0,0.0,1.0
biology,E0,37,101+,0.0,0.0,0.0,0.0,0.0,0.0,0.0,0.0,1.0
biology,E0,38,11-100,0.0,0.0,0.0,0.0,0.0,0.0,0.0,0.0,1.0
biology,E0,39,101+,0.0,0.0,0.0,0.0,0.0,0.0,0.0,0.0,1.0
biology,E0,4,2-10,0.0,0.0,0.0,0.0,0.0,0.0,0.0,0.0,1.0
biology,E0,40,101+,0.0,0.0,0.0,0.0,0.0,0.0,0.0,0.0,1.0
biology,E0,41,11-100,0.0,0.0,0.0,0.0,0.0,0.0,0.0,0.0,1.0
biology,E0,42,101+,0.0,0.0,0.0,0.0,0.0,0.0,0.0,0.0,1.0
biology,E0,43,11-100,0.0,0.0,0.0,0.0,0.0,0.0,0.0,0.0,1.0
biology,E0,44,11-100,0.0,0.0,0.0,0.0,0.0,0.0,0.0,0.0,1.0
biology,E0,45,11-100,0.0,0.0,0.0,0.0,0.0,0.0,0.0,0.0,1.0
biology,E0,46,101+,0.0,0.0,0.0,0.0,0.0,0.0,0.0,0.0,1.0
biology,E0,47,11-100,0.0,0.0,0.0,0.0,0.0,0.0,0.0,0.0,1.0
biology,E0,48,11-100,0.0,0.0,0.0,0.0,0.0,0.0,0.0,0.0,1.0
biology,E0,49,101+,0.0,0.0,0.0,0.0,0.0,0.0,0.0,0.0,1.0
biology,E0,5,2-10,0.0,0.0,0.0,0.0,0.0,0.0,0.0,0.0,1.0
biology,E0,50,101+,0.0,0.0,0.0,0.0,0.0,0.0,0.0,0.0,1.0
biology,E0,51,101+,0.0,0.0,0.0,0.0,0.0,0.0,0.0,0.0,1.0
biology,E0,52,11-100,0.0,0.0,0.0,0.0,0.0,0.0,0.0,0.0,1.0
biology,E0,53,101+,0.0,0.0,0.0,0.0,0.0,0.0,0.0,0.0,1.0
biology,E0,54,11-100,0.0,0.0,0.0,0.0,0.0,0.0,0.0,0.0,1.0
biology,E0,55,11-100,0.0,0.0,0.0,0.0,0.0,0.0,0.0,0.0,1.0
biology,E0,56,101+,0.0,0.0,0.0,0.0,0.0,0.0,0.0,0.0,1.0
biology,E0,57,2-10,0.0,0.0,0.0,0.0,0.0,0.0,0.0,0.0,1.0
biology,E0,58,11-100,0.0,0.0,0.0,0.0,0.0,0.0,0.0,0.0,1.0
biology,E0,59,11-100,0.0,0.0,0.0,0.0,0.0,0.0,0.0,0.0,1.0
biology,E0,6,11-100,0.0,0.0,0.0,0.0,0.0,0.0,0.0,0.0,1.0
biology,E0,60,101+,0.0,0.0,0.0,0.0,0.0,0.0,0.0,0.0,1.0
biology,E0,61,11-100,0.0,0.0,0.0,0.0,0.0,0.0,0.0,0.0,1.0
biology,E0,62,2-10,0.0,0.0,0.0,0.0,0.0,0.0,0.0,0.0,1.0
biology,E0,63,11-100,0.0,0.0,0.0,0.0,0.0,0.0,0.0,0.0,1.0
biology,E0,64,2-10,0.0,0.0,0.0,0.0,0.0,0.0,0.0,0.0,1.0
biology,E0,65,1,0.0,0.0,0.0,0.0,0.0,0.0,,0.0,1.0
biology,E0,66,2-10,0.0,0.0,0.0,0.0,0.0,0.0,0.0,0.0,1.0
biology,E0,67,11-100,0.0,0.0,0.0,0.0,0.0,0.0,0.0,0.0,1.0
biology,E0,68,11-100,0.0,0.0,0.0,0.0,0.0,0.0,0.0,0.0,1.0
biology,E0,69,11-100,0.0,0.0,0.0,0.0,0.0,0.0,0.0,0.0,1.0
biology,E0,7,1,0.0,0.0,0.0,0.0,0.0,0.0,0.0,0.0,1.0
biology,E0,70,2-10,0.0,0.0,0.0,0.0,0.0,0.0,0.0,0.0,1.0
biology,E0,71,101+,0.0,0.0,0.0,0.0,0.0,0.0,0.0,0.0,1.0
biology,E0,72,1,0.0,0.0,0.0,0.0,0.0,0.0,0.0,0.0,1.0
biology,E0,73,101+,0.0,0.0,0.0,0.0,0.0,0.0,0.0,0.0,1.0
biology,E0,74,1,0.0,0.0,0.0,0.0,0.0,0.0,0.0,0.0,1.0
biology,E0,75,11-100,0.0,0.0,0.0,0.0,0.0,0.0,0.0,0.0,1.0
biology,E0,76,101+,0.0,0.0,0.0,0.0,0.0,0.0,0.0,0.0,1.0
biology,E0,77,101+,0.0,0.0,0.0,0.0,0.0,0.0,0.0,0.0,1.0
biology,E0,78,2-10,0.0,0.0,0.0,0.0,0.0,0.0,0.0,0.0,1.0
biology,E0,79,2-10,0.0,0.0,0.0,0.0,0.0,0.0,0.0,0.0,1.0
biology,E0,8,1,0.0,0.0,0.0,0.0,0.0,0.0,0.0,0.0,1.0
biology,E0,80,101+,0.0,0.0,0.0,0.0,0.0,0.0,0.0,0.0,1.0
biology,E0,81,101+,0.0,0.0,0.0,0.0,0.0,0.0,0.0,0.0,1.0
biology,E0,82,101+,0.0,0.0,0.0,0.0,0.0,0.0,0.0,0.0,1.0
biology,E0,83,101+,0.0,0.0,0.0,0.0,0.0,0.0,0.0,0.0,1.0
biology,E0,84,2-10,0.0,0.0,0.0,0.0,0.0,0.0,0.0,0.0,1.0
biology,E0,85,2-10,0.0,0.0,0.0,0.0,0.0,0.0,0.0,0.0,1.0
biology,E0,86,11-100,0.0,0.0,0.0,0.0,0.0,0.0,0.0,0.0,1.0
biology,E0,87,11-100,0.0,0.0,0.0,0.0,0.0,0.0,0.0,0.0,1.0
biology,E0,88,11-100,0.0,0.0,0.0,0.0,0.0,0.0,0.0,0.0,1.0
biology,E0,89,11-100,0.0,0.0,0.0,0.0,0.0,0.0,0.0,0.0,1.0
biology,E0,9,11-100,0.0,0.0,0.0,0.0,0.0,0.0,0.0,0.0,1.0
biology,E0,90,101+,0.0,0.0,0.0,0.0,0.0,0.0,0.0,0.0,1.0
biology,E0,91,101+,0.0,0.0,0.0,0.0,0.0,0.0,0.0,0.0,1.0
biology,E0,92,11-100,0.0,0.0,0.0,0.0,0.0,0.0,0.0,0.0,1.0
biology,E0,93,11-100,0.0,0.0,0.0,0.0,0.0,0.0,0.0,0.0,1.0
biology,E0,94,11-100,0.0,0.0,0.0,0.0,0.0,0.0,0.0,0.0,1.0
biology,E0,95,11-100,0.0,0.0,0.0,0.0,0.0,0.0,0.0,0.0,1.0
biology,E0,96,2-10,0.0,0.0,0.0,0.0,0.0,0.0,0.0,0.0,1.0
biology,E0,97,2-10,0.0,0.0,0.0,0.0,0.0,0.0,0.0,0.0,1.0
biology,E0,98,101+,0.0,0.0,0.0,0.0,0.0,0.0,0.0,0.0,1.0
biology,E0,99,1,0.0,0.0,0.0,0.0,0.0,0.0,0.0,0.0,1.0
biology,InfoNCE,0,1,0.11305340175787204,0.0,0.24211359024047852,0.24956905841827393,-0.00745546817779541,-0.007455587387084961,-0.001775533566944031,0.311554491519928,0.3
biology,InfoNCE,1,2-10,-0.00798871898805914,-0.024999999999999994,0.2511937618255615,0.19397902488708496,0.05721473693847656,0.10262250900268555,0.11262397214046127,0.26085320115089417,0.5
biology,InfoNCE,10,1,0.0,0.0,0.2048705816268921,0.30585357546806335,-0.10098299384117126,0.09702181816101074,0.12627654327813106,0.2880271375179291,0.9
biology,InfoNCE,100,1,0.23719771276929624,0.0,0.3031879663467407,0.2982051968574524,0.00498276948928833,0.14275407791137695,0.21643071775309958,0.3516857624053955,0.5
biology,InfoNCE,101,101+,0.0,0.0,0.25542670488357544,0.19764095544815063,0.057785749435424805,0.2895124852657318,0.3385184000744935,0.25719666481018066,0.8
biology,InfoNCE,102,101+,0.0,0.0,0.41871121525764465,0.06283950805664062,0.35587170720100403,0.3908885717391968,0.29743921415097746,0.41871118545532227,0.4
biology,InfoNCE,11,2-10,0.2765732350040719,0.6666666666666667,0.2680097222328186,0.19630223512649536,0.07170748710632324,0.07170754671096802,0.07864174969854616,0.3650948405265808,0.7
biology,InfoNCE,12,101+,0.0,0.0,0.3431892991065979,0.11718744039535522,0.22600185871124268,0.22787782549858093,0.18420760629648758,0.37513482570648193,0.8
biology,InfoNCE,13,2-10,0.6168295842361275,0.75,0.303375244140625,0.19782108068466187,0.10555416345596313,0.08850115537643433,0.13558357845185393,0.336358904838562,0.8
biology,InfoNCE,14,1,-0.05072433796302572,-0.6666666666666667,0.2622162699699402,0.2658689022064209,-0.003652632236480713,0.009554862976074219,0.016536726955849554,0.33304205536842346,0.6
biology,InfoNCE,15,101+,0.2188505885308512,0.16666666666666666,0.3702722489833832,0.2726806402206421,0.09759160876274109,0.2753593921661377,0.30709385770100034,0.3520742654800415,0.7
biology,InfoNCE,16,101+,0.0,0.0,0.37394970655441284,0.15598994493484497,0.21795976161956787,0.27470123767852783,0.2297935318411867,0.37394964694976807,0.8
biology,InfoNCE,17,2-10,0.14693317688339746,0.0,0.2965555787086487,0.3077026605606079,-0.011147081851959229,0.0015342235565185547,0.0023795131510456653,0.30912238359451294,0.8
biology,InfoNCE,18,101+,0.15642624200758548,0.14285714285714285,0.35852518677711487,0.18653982877731323,0.17198535799980164,0.14921069145202637,0.08970262996256695,0.3541897237300873,0.4
biology,InfoNCE,19,2-10,0.5,0.6666666666666667,0.25953757762908936,0.19546055793762207,0.06407701969146729,0.06407713890075684,0.12423204701801291,0.25953757762908936,0.6
biology,InfoNCE,2,11-100,0.4941479988872082,0.3333333333333333,0.32535964250564575,0.25172239542007446,0.07363724708557129,0.34118983149528503,0.3342515002194284,0.35514339804649353,0.7
biology,InfoNCE,20,2-10,0.5378479902998544,0.8888888888888888,0.2726922631263733,0.15808916091918945,0.11460310220718384,0.10234099626541138,0.10686494590351261,0.27490097284317017,0.5
biology,InfoNCE,21,2-10,0.16362992818445032,0.6666666666666667,0.2890273928642273,0.25262701511383057,0.03640037775039673,0.12446147203445435,0.18752599751644533,0.27945780754089355,0.8
biology,InfoNCE,22,11-100,0.6131471927654584,1.0,0.34298431873321533,0.18879598379135132,0.154188334941864,0.23439347743988037,0.285064580164135,0.3053496181964874,0.8
biology,InfoNCE,23,101+,0.0,0.0,0.35257530212402344,0.23751318454742432,0.11506211757659912,0.3012569546699524,0.28848712951858013,0.4142646789550781,0.7
biology,InfoNCE,24,1,-0.7653606369886217,-1.0,0.1478087306022644,0.27984321117401123,-0.13203448057174683,0.0473252534866333,0.08277294874717331,0.20554295182228088,0.6
biology,InfoNCE,25,1,-0.21265070651264217,-0.6666666666666667,0.2706443667411804,0.29475438594818115,-0.024110019207000732,0.11607062816619873,0.14448898883312872,0.3190065622329712,0.7
biology,InfoNCE,26,101+,0.0,0.0,0.32426613569259644,0.2570676803588867,0.06719845533370972,0.07663995027542114,0.04690308237283846,0.32426613569259644,0.6
biology,InfoNCE,27,11-100,0.2691828628414762,0.16666666666666666,0.29247087240219116,0.27273571491241455,0.01973515748977661,0.08844143152236938,0.18461495350889134,0.3529544472694397,0.8
biology,InfoNCE,28,2-10,0.04382375083885143,0.04999999999999999,0.25622642040252686,0.1274094581604004,0.12881696224212646,0.12881696224212646,0.07598591295769022,0.25622642040252686,0.7
biology,InfoNCE,29,11-100,0.0,0.0,0.19051086902618408,0.22491830587387085,-0.03440743684768677,-0.01966017484664917,-0.06927766397733856,0.285056471824646,0.8
biology,InfoNCE,3,1,0.0,0.0,0.23827219009399414,0.2610173225402832,-0.022745132446289062,-0.04004979133605957,-0.003230050521800268,0.2622876763343811,0.5
biology,InfoNCE,30,1,-0.20714198040934612,-0.5,0.18441271781921387,0.274300217628479,-0.08988749980926514,-0.011623740196228027,0.03875531329264731,0.2693714499473572,0.5
biology,InfoNCE,31,11-100,0.2960819109658652,0.5,0.3751923441886902,0.1933985948562622,0.18179374933242798,0.24880555272102356,0.31959176092739217,0.35619810223579407,0.4
biology,InfoNCE,32,101+,0.0,0.0,0.18458884954452515,0.26564717292785645,-0.0810583233833313,-0.07100901007652283,-0.10077060185314926,0.19226378202438354,0.6
biology,InfoNCE,33,101+,0.0,0.0,0.3357890844345093,0.23896723985671997,0.0968218445777893,0.0968218445777893,0.0459013989104375,0.36085695028305054,0.6
biology,InfoNCE,34,101+,0.0,0.0,0.292978972196579,0.28116780519485474,0.011811167001724243,0.17979806661605835,0.1691141993561535,0.3173694312572479,0.6
biology,InfoNCE,35,2-10,0.7918450036385782,0.8,0.2796342968940735,0.19466865062713623,0.08496564626693726,0.13290125131607056,0.17737194782606167,0.3284391462802887,0.6
biology,InfoNCE,36,11-100,0.31546487678572877,0.125,0.27455657720565796,0.24539059400558472,0.029165983200073242,0.11601638793945312,0.13901914677403746,0.27455663681030273,0.8
biology,InfoNCE,37,101+,0.0,0.0,0.37062549591064453,0.26768457889556885,0.10294091701507568,0.34324488043785095,0.3126166907705454,0.37295302748680115,0.7
biology,InfoNCE,38,11-100,0.812653045383133,1.0,0.3075358271598816,0.21645879745483398,0.09107702970504761,0.1572411060333252,0.18816804998432768,0.3307915925979614,0.7
biology,InfoNCE,39,101+,1.0,1.0,0.292172908782959,0.1959829330444336,0.09618997573852539,0.36465030908584595,0.39803961354916734,0.3386536240577698,0.6
biology,InfoNCE,4,2-10,-0.18154179253735267,-0.2,0.20023977756500244,0.22460722923278809,-0.024367451667785645,0.0029111504554748535,-0.04201011415598706,0.24022790789604187,0.5
biology,InfoNCE,40,101+,0.0,0.0,0.40608683228492737,0.17790764570236206,0.2281791865825653,0.2858857214450836,0.25644860373272327,0.4526844620704651,0.7
biology,InfoNCE,41,11-100,0.8710785440003369,1.0,0.2811043858528137,0.20065057277679443,0.08045381307601929,0.1834145188331604,0.24913505153754179,0.31771647930145264,0.6
biology,InfoNCE,42,101+,0.0,0.0,0.29686278104782104,0.142162024974823,0.15470075607299805,0.3340287208557129,0.331901978866437,0.29254090785980225,0.7
biology,InfoNCE,43,11-100,0.4776237035032179,0.5,0.3455435037612915,0.20929419994354248,0.13624930381774902,0.27868837118148804,0.2791107483697587,0.3775671422481537,0.9
biology,InfoNCE,44,11-100,0.2640681225725909,0.25,0.25330138206481934,0.17508965730667114,0.0782117247581482,0.13038253784179688,0.13227542689664157,0.28309643268585205,0.7
biology,InfoNCE,45,11-100,0.23719771276929622,0.2,0.3041113615036011,0.2109469175338745,0.09316444396972656,0.09316432476043701,0.057303537688325024,0.3919379711151123,0.7
biology,InfoNCE,46,101+,0.0,0.0,0.37913191318511963,0.18396800756454468,0.19516390562057495,0.22519341111183167,0.1751014251395092,0.379131942987442,0.6
biology,InfoNCE,47,11-100,0.8179809735263114,1.0,0.3128463625907898,0.14699113368988037,0.16585522890090942,0.27493607997894287,0.3201758157346293,0.35855093598365784,0.7
biology,InfoNCE,48,11-100,0.4632423659320675,0.5,0.24562078714370728,0.18925684690475464,0.05636394023895264,0.3987948000431061,0.39653796743101527,0.26118457317352295,0.6
biology,InfoNCE,49,101+,0.8315546295836225,1.0,0.47980839014053345,0.24164599180221558,0.23816239833831787,0.36701545119285583,0.3759597549497401,0.4943672716617584,0.6
biology,InfoNCE,5,2-10,0.29047279550897565,0.6666666666666667,0.2825853228569031,0.23043417930603027,0.0521511435508728,0.056213200092315674,0.10599058088120872,0.29066234827041626,0.7
biology,InfoNCE,50,101+,0.0,0.0,0.3443090617656708,0.08632004261016846,0.2579890191555023,0.39706429839134216,0.399403997071921,0.37460657954216003,0.6
biology,InfoNCE,51,101+,0.0,0.0,0.4432004392147064,0.17389297485351562,0.2693074643611908,0.3107953816652298,0.20428935847890575,0.44317692518234253,0.7
biology,InfoNCE,52,11-100,0.20210734650054757,0.25,0.3520714342594147,0.20521998405456543,0.14685145020484924,0.09036624431610107,0.030309429901088758,0.34924665093421936,0.7
biology,InfoNCE,53,101+,0.3084274278260313,0.16666666666666666,0.3776335120201111,0.21989154815673828,0.1577419638633728,0.3508119583129883,0.35983158375784474,0.39169254899024963,0.9
biology,InfoNCE,54,11-100,0.617319681505689,1.0,0.38391897082328796,0.08954322338104248,0.2943757474422455,0.4371296763420105,0.45483611393490475,0.37504151463508606,0.5
biology,InfoNCE,55,11-100,0.20210734650054757,0.25,0.28642749786376953,0.17470324039459229,0.11172425746917725,0.26075926423072815,0.26858380512214663,0.3011730909347534,0.7
biology,InfoNCE,56,101+,0.0,0.0,0.4093661308288574,0.15067654848098755,0.2586895823478699,0.34649163484573364,0.2929944332299994,0.40936601161956787,0.7
biology,InfoNCE,57,2-10,0.35234566506778275,0.25,0.23263919353485107,0.1623091697692871,0.07033002376556396,0.1662420630455017,0.2407895862729499,0.3136940002441406,0.8
biology,InfoNCE,58,11-100,0.46927872602275644,1.0,0.31545859575271606,0.18707901239395142,0.12837958335876465,0.20758754014968872,0.26475368701726926,0.38155582547187805,0.7
biology,InfoNCE,59,11-100,0.23719771276929622,0.2,0.270113468170166,0.19597774744033813,0.07413572072982788,0.11947125196456909,0.18506380157108682,0.24592703580856323,0.6
biology,InfoNCE,6,11-100,0.29849003527675555,1.0,0.3739330768585205,0.1758939027786255,0.19803917407989502,0.18053168058395386,0.1612559603045227,0.37654319405555725,0.7
biology,InfoNCE,60,101+,0.0,0.0,0.3884393572807312,0.07571244239807129,0.3127269148826599,0.4080188274383545,0.3616161914269175,0.39236584305763245,0.8
biology,InfoNCE,61,11-100,0.0,0.0,0.33875495195388794,0.16103386878967285,0.1777210831642151,0.2951083779335022,0.28870967134430736,0.36903879046440125,0.6
biology,InfoNCE,62,2-10,0.11454011842851256,0.3,0.2798953056335449,0.21074426174163818,0.06915104389190674,0.12807995080947876,0.22648424183213647,0.3439830541610718,0.8
biology,InfoNCE,63,11-100,0.3191471544989227,0.25,0.3598358631134033,0.2150440216064453,0.144791841506958,0.19065052270889282,0.18527858600363345,0.42181670665740967,0.9
biology,InfoNCE,64,2-10,0.16844537041637744,0.33333333333333337,0.23686665296554565,0.18585509061813354,0.05101156234741211,0.1315280795097351,0.19548729877109108,0.2844013571739197,0.7
biology,InfoNCE,65,1,0.0,0.0,0.24028056859970093,0.24028056859970093,0.0,0.0,,0.41115573048591614,0.6
biology,InfoNCE,66,2-10,0.41981074770899945,0.5,0.25978606939315796,0.21830368041992188,0.041482388973236084,0.05601799488067627,0.07971916740019751,0.32310038805007935,0.6
biology,InfoNCE,67,11-100,0.369453583111095,0.5,0.29911231994628906,0.1806623339653015,0.11844998598098755,0.2868101894855499,0.2693375679070873,0.33812904357910156,0.6
biology,InfoNCE,68,11-100,0.21398626473452756,0.5,0.2663421630859375,0.12128639221191406,0.14505577087402344,0.32501286268234253,0.34438335741487025,0.33223646879196167,0.7
biology,InfoNCE,69,11-100,0.2476427880871277,0.14285714285714285,0.1926925778388977,0.09059572219848633,0.10209685564041138,0.15345031023025513,0.2343605107476186,0.2599360942840576,0.6
biology,InfoNCE,7,1,-0.2021073465005475,0.0,0.07368022203445435,0.11749500036239624,-0.043814778327941895,-0.04381459951400757,-0.0685916656690638,0.10413408279418945,0.6
biology,InfoNCE,70,2-10,0.10724620922995437,0.33333333333333337,0.32204192876815796,0.30275386571884155,0.019288063049316406,-0.12949073314666748,-0.1606030710825257,0.28729283809661865,0.8
biology,InfoNCE,71,101+,0.0,0.0,0.24644291400909424,0.16045451164245605,0.08598840236663818,0.18459439277648926,0.16195147514693387,0.3232933282852173,0.8
biology,InfoNCE,72,1,-0.06476172503948735,-0.75,0.1996089220046997,0.264052152633667,-0.06444323062896729,-0.05695837736129761,-0.05490400188005087,0.2958033084869385,0.5
biology,InfoNCE,73,101+,0.0,0.0,0.4331502914428711,0.10924863815307617,0.3239016532897949,0.3953290283679962,0.3095444297715002,0.44939540326595306,0.3
biology,InfoNCE,74,1,0.2733648774656634,0.0,0.2725440263748169,0.23331201076507568,0.03923201560974121,0.062379419803619385,0.09299842460026331,0.27534765005111694,0.6
biology,InfoNCE,75,11-100,0.41618115554873086,0.3333333333333333,0.4035019874572754,0.21572250127792358,0.1877794861793518,0.1819983422756195,0.1565445431657171,0.4147770404815674,0.7
biology,InfoNCE,76,101+,0.0,0.0,0.3682524561882019,0.32476383447647095,0.04348862171173096,0.2803065776824951,0.23846925890877815,0.3813028335571289,0.3
biology,InfoNCE,77,101+,0.0,0.0,0.3997361660003662,0.1852068305015564,0.21452933549880981,0.24254286289215088,0.20531822717950948,0.4042690396308899,0.8
biology,InfoNCE,78,2-10,0.053097570474025524,0.1333333333333333,0.19296205043792725,0.21083903312683105,-0.01787698268890381,0.08513045310974121,0.19197792236116076,0.2162998914718628,0.8
biology,InfoNCE,79,2-10,0.45221360703148816,0.75,0.28973180055618286,0.2653481364250183,0.02438366413116455,0.1899944543838501,0.25600568775247057,0.33555868268013,0.4
biology,InfoNCE,8,1,-0.6131471927654584,-1.0,-0.06872391700744629,0.14146989583969116,-0.21019381284713745,-0.18695318698883057,-0.21211060390910497,0.15257513523101807,0.5
biology,InfoNCE,80,101+,0.0,0.0,0.2724337577819824,0.1855735182762146,0.08686023950576782,0.13583025336265564,0.12149169361817393,0.17799893021583557,0.6
biology,InfoNCE,81,101+,0.0,0.0,0.3011682331562042,0.2240883708000183,0.07707986235618591,0.20179617404937744,0.13491088395756065,0.34019213914871216,0.8
biology,InfoNCE,82,101+,0.0,0.0,0.3793361783027649,0.1642124056816101,0.21512377262115479,0.3233744502067566,0.2647504351822286,0.37992769479751587,0.5
biology,InfoNCE,83,101+,0.0,0.0,0.33027541637420654,0.12884902954101562,0.20142638683319092,0.295449435710907,0.27181654881293027,0.33027535676956177,0.4
biology,InfoNCE,84,2-10,0.42972130227891636,0.5,0.08635610342025757,0.029728949069976807,0.05662715435028076,0.056627094745635986,0.07288547616091375,0.30594027042388916,0.3
biology,InfoNCE,85,2-10,0.6934264036172708,0.6666666666666667,0.22827279567718506,0.18208152055740356,0.046191275119781494,0.312410831451416,0.3416105450334022,0.267128050327301,0.9
biology,InfoNCE,86,11-100,0.4935232796777481,1.0,0.34469783306121826,0.2941240072250366,0.05057382583618164,0.05031085014343262,0.07428635084368602,0.3894297480583191,0.6
biology,InfoNCE,87,11-100,0.2640681225725909,0.25,0.3567321300506592,0.2509276270866394,0.10580450296401978,0.2457922399044037,0.28112544777192433,0.35115498304367065,0.6
biology,InfoNCE,88,11-100,0.7653606369886217,1.0,0.35592401027679443,0.1206008791923523,0.23532313108444214,0.35081541538238525,0.413879428642966,0.3706940710544586,0.8
biology,InfoNCE,89,11-100,0.20210734650054757,0.25,0.2743574380874634,0.22647064924240112,0.047886788845062256,0.13530784845352173,0.1713904198180407,0.3124326467514038,0.8
biology,InfoNCE,9,11-100,0.09546043308946733,0.125,0.24211835861206055,0.1711876392364502,0.07093071937561035,0.11300039291381836,0.10226615113674312,0.28497055172920227,0.7
biology,InfoNCE,90,101+,0.0,0.0,0.3491177558898926,0.21072113513946533,0.13839662075042725,0.26273685693740845,0.20538004142842545,0.348405659198761,0.7
biology,InfoNCE,91,101+,0.2406672991267921,0.125,0.4617953300476074,0.22070634365081787,0.24108898639678955,0.4643971025943756,0.43228939595868665,0.4685763120651245,0.7
biology,InfoNCE,92,11-100,0.0,0.0,0.24127614498138428,0.1965596079826355,0.04471653699874878,0.17239004373550415,0.21276986327789965,0.2703999876976013,0.7
biology,InfoNCE,93,11-100,0.2890648263178879,0.1,0.30755162239074707,0.2221987247467041,0.08535289764404297,0.11881512403488159,0.1050252672341807,0.30755168199539185,0.7
biology,InfoNCE,94,11-100,0.5585075862632192,1.0,0.2841269373893738,0.22186368703842163,0.06226325035095215,0.008069634437561035,0.0021772731689745223,0.25023365020751953,0.7
biology,InfoNCE,95,11-100,0.0,0.0,0.2945166230201721,0.15383177995681763,0.1406848430633545,0.16179591417312622,0.10290588255132883,0.3163715898990631,0.6
biology,InfoNCE,96,2-10,0.4359079059814106,0.9,0.2927141785621643,0.1897326111793518,0.1029815673828125,0.2534407377243042,0.3069361746685044,0.2741743326187134,0.8
biology,InfoNCE,97,2-10,0.1845756967795682,0.0,0.20342719554901123,0.20681458711624146,-0.0033873915672302246,0.014174103736877441,0.02071913146849455,0.23190051317214966,0.8
biology,InfoNCE,98,101+,0.6131471927654584,1.0,0.4628983736038208,0.22433871030807495,0.23855966329574585,0.19985845685005188,0.18056660999996987,0.3135693669319153,0.6
biology,InfoNCE,99,1,0.09397456446531771,0.0,0.29770028591156006,0.24101436138153076,0.0566859245300293,0.05668574571609497,0.13509786845715582,0.3104896545410156,0.7
biology,LambdaLoss,0,1,0.09803928583135707,0.0,0.32391536235809326,0.33609187602996826,-0.012176513671875,-0.012176573276519775,-0.0045565733688413095,0.4249610900878906,0.5
biology,LambdaLoss,1,2-10,0.0123287214350436,0.04166666666666666,0.311154842376709,0.24233651161193848,0.06881833076477051,0.05350470542907715,0.023073491353307045,0.35152289271354675,0.6
biology,LambdaLoss,10,1,0.0,0.0,0.24033111333847046,0.3727664649486542,-0.13243535161018372,-0.10816329717636108,-0.005686935821210243,0.36944493651390076,0.9
biology,LambdaLoss,100,1,-0.03286798191364593,-0.5,0.3260880708694458,0.33984947204589844,-0.013761401176452637,0.04770493507385254,0.13168930060883646,0.3788062334060669,0.5
biology,LambdaLoss,101,101+,0.0,0.0,0.39070624113082886,0.2682090997695923,0.12249714136123657,0.15335217118263245,0.06768158061909985,0.3905913829803467,0.9
biology,LambdaLoss,102,101+,0.0,0.0,0.5006242096424103,0.16542279720306396,0.3352014124393463,0.33520156145095825,0.18744631810751708,0.5006242394447327,0.5
biology,LambdaLoss,11,2-10,0.0,0.0,0.31734228134155273,0.2699521780014038,0.047390103340148926,0.047390103340148926,0.028356774003501627,0.4658157229423523,0.7
biology,LambdaLoss,12,101+,0.0,0.0,0.3809018135070801,0.14496451616287231,0.23593729734420776,0.23593732714653015,0.1431856461981902,0.4307061433792114,0.8
biology,LambdaLoss,13,2-10,0.5137319873323948,0.75,0.3427550196647644,0.2867922782897949,0.05596274137496948,0.03288751840591431,0.02656197296096715,0.395349383354187,0.6
biology,LambdaLoss,14,1,0.10364794552343126,-0.5,0.3090631365776062,0.31082987785339355,-0.0017667412757873535,-0.003862142562866211,-0.006678201286151098,0.40370985865592957,0.7
biology,LambdaLoss,15,101+,0.0,0.0,0.4081973731517792,0.3189166784286499,0.08928069472312927,0.17597854137420654,0.213376494261153,0.4142223596572876,0.8
biology,LambdaLoss,16,101+,0.0,0.0,0.45382457971572876,0.22289854288101196,0.2309260368347168,0.24415302276611328,0.16336724312123102,0.45382463932037354,0.8
biology,LambdaLoss,17,2-10,-0.07822630290698038,-0.3,0.355230450630188,0.3690860867500305,-0.01385563611984253,-0.02499622106552124,-0.09265211235741085,0.39857834577560425,0.6
biology,LambdaLoss,18,101+,0.0,0.0,0.45734336972236633,0.2590137720108032,0.1983295977115631,0.18557250499725342,0.10674561006096707,0.457087904214859,0.3
biology,LambdaLoss,19,2-10,0.5,0.6666666666666667,0.2942359447479248,0.2640256881713867,0.030210256576538086,0.030210256576538086,0.05257783168843362,0.2942359447479248,0.6
biology,LambdaLoss,2,11-100,0.11706259313796354,0.2,0.39589083194732666,0.30713027715682983,0.08876055479049683,0.12171843647956848,0.12850824573063735,0.42047742009162903,0.6
biology,LambdaLoss,20,2-10,0.043970954719794814,0.1388888888888889,0.309562087059021,0.2412947416305542,0.0682673454284668,0.033374905586242676,-0.01886266784405484,0.36148715019226074,0.6
biology,LambdaLoss,21,2-10,0.22515947979037787,0.6666666666666667,0.3340020179748535,0.3090229034423828,0.024979114532470703,0.03960627317428589,0.10316625235073826,0.3451284170150757,0.8
biology,LambdaLoss,22,11-100,0.7903864795495061,1.0,0.4053906798362732,0.27309125661849976,0.13229942321777344,0.16088581085205078,0.21859415168574076,0.3921896517276764,0.8
biology,LambdaLoss,23,101+,0.0,0.0,0.4150812029838562,0.2692326307296753,0.1458485722541809,0.17758435010910034,0.13660380541721023,0.46905869245529175,0.7
biology,LambdaLoss,24,1,-0.617319681505689,-0.875,0.2285550832748413,0.3157604932785034,-0.08720541000366211,-0.0785112977027893,-0.10705113419617289,0.33967772126197815,0.6
biology,LambdaLoss,25,1,-0.09092803061897886,0.0,0.33745402097702026,0.34561777114868164,-0.008163750171661377,-0.007248401641845703,0.010178592027965429,0.4004930257797241,0.7
biology,LambdaLoss,26,101+,0.0,0.0,0.4292452335357666,0.33635640144348145,0.09288883209228516,0.0963544249534607,0.06068355320866979,0.4292451739311218,0.7
biology,LambdaLoss,27,11-100,0.13905617951077562,0.16666666666666666,0.3432987332344055,0.3155555725097656,0.027743160724639893,0.057748496532440186,0.10936936043828127,0.4233132004737854,0.9
biology,LambdaLoss,28,2-10,-0.38685280723454163,-0.2,0.29820358753204346,0.15033578872680664,0.14786779880523682,0.14786773920059204,0.08714279902095015,0.29820358753204346,0.7
biology,LambdaLoss,29,11-100,0.0,0.0,0.27373892068862915,0.2557162046432495,0.01802271604537964,0.01802283525466919,-0.02528561268867722,0.36622560024261475,0.7
biology,LambdaLoss,3,1,0.0,0.0,0.2622273564338684,0.32365286350250244,-0.06142550706863403,-0.06142556667327881,-0.0019944205389621494,0.29294776916503906,0.6
biology,LambdaLoss,30,1,-0.1506764875399466,-0.75,0.21240854263305664,0.29636627435684204,-0.0839577317237854,-0.03201848268508911,0.04133015721217333,0.3306891918182373,0.7
biology,LambdaLoss,31,11-100,0.2960819109658652,0.5,0.41708213090896606,0.23985666036605835,0.17722547054290771,0.21370437741279602,0.289033383179978,0.4173993766307831,0.4
biology,LambdaLoss,32,101+,0.0,0.0,0.4618402123451233,0.36380428075790405,0.09803593158721924,0.11124393343925476,0.04674058627219077,0.49681752920150757,0.6
biology,LambdaLoss,33,101+,0.0,0.0,0.4043518304824829,0.28891831636428833,0.11543351411819458,0.1154334545135498,0.04793745223881875,0.43694013357162476,0.7
biology,LambdaLoss,34,101+,0.0,0.0,0.41035404801368713,0.3374619483947754,0.07289209961891174,0.11503785848617554,0.08786711808824674,0.45268526673316956,0.8
biology,LambdaLoss,35,2-10,0.6202263564660687,0.8,0.328777015209198,0.27854329347610474,0.05023372173309326,0.06879431009292603,0.11726469361228417,0.38271084427833557,0.7
biology,LambdaLoss,36,11-100,0.0,0.0,0.31288570165634155,0.29489070177078247,0.017994999885559082,0.034246623516082764,0.015606192231465366,0.31288576126098633,0.7
biology,LambdaLoss,37,101+,0.0,0.0,0.45480799674987793,0.31633514165878296,0.13847285509109497,0.18787482380867004,0.1765125518977365,0.45855000615119934,0.7
biology,LambdaLoss,38,11-100,0.49818925746641285,0.5,0.3467180132865906,0.26461005210876465,0.08210796117782593,0.10853666067123413,0.1414536974165184,0.38569825887680054,0.6
biology,LambdaLoss,39,101+,0.0,0.0,0.34579139947891235,0.2693690061569214,0.07642239332199097,0.0983535647392273,0.12364080017478019,0.3811088800430298,0.6
biology,LambdaLoss,4,2-10,-0.18154179253735267,-0.2,0.29679369926452637,0.2669370770454407,0.029856622219085693,0.0356408953666687,-0.02660466282124803,0.3344824016094208,0.4
biology,LambdaLoss,40,101+,0.0,0.0,0.48517200350761414,0.24780923128128052,0.23736277222633362,0.24693772196769714,0.16783329569643163,0.5278195738792419,0.7
biology,LambdaLoss,41,11-100,0.39106560501896365,0.3333333333333333,0.3385685086250305,0.2671515941619873,0.07141691446304321,0.09162551164627075,0.11522963836429748,0.3794001340866089,0.7
biology,LambdaLoss,42,101+,0.0,0.0,0.38605010509490967,0.2145223617553711,0.17152774333953857,0.19326967000961304,0.13598218425899739,0.3969310522079468,0.6
biology,LambdaLoss,43,11-100,0.2960819109658652,0.5,0.39802974462509155,0.2511868476867676,0.14684289693832397,0.1530919075012207,0.14055484800260917,0.42722299695014954,0.8
biology,LambdaLoss,44,11-100,0.19342640361727081,0.125,0.2931641936302185,0.20302927494049072,0.09013491868972778,0.09432518482208252,0.07247401339866998,0.3297885060310364,0.8
biology,LambdaLoss,45,11-100,0.19342640361727081,0.125,0.3899282217025757,0.2812960743904114,0.1086321473121643,0.10863208770751953,0.051320951171244356,0.4729697108268738,0.5
biology,LambdaLoss,46,101+,0.0,0.0,0.4511147737503052,0.2835202217102051,0.1675945520401001,0.17752179503440857,0.07850936023880692,0.45111480355262756,0.7
biology,LambdaLoss,47,11-100,0.8854598815714874,1.0,0.3565186858177185,0.20230549573898315,0.15421319007873535,0.2464696764945984,0.32554629007634206,0.41728827357292175,0.8
biology,LambdaLoss,48,11-100,0.8854598815714874,1.0,0.3109895586967468,0.24421584606170654,0.06677371263504028,0.10352122783660889,0.15820179426989336,0.32677584886550903,0.7
biology,LambdaLoss,49,101+,0.19342640361727081,0.125,0.518241822719574,0.2904980778694153,0.2277437448501587,0.2490576207637787,0.23172152234070564,0.5421862304210663,0.6
biology,LambdaLoss,5,2-10,0.23936043176429644,0.6666666666666667,0.3005136251449585,0.2732519507408142,0.027261674404144287,0.027261674404144287,0.05347869055159872,0.3417159914970398,0.9
biology,LambdaLoss,50,101+,0.0,0.0,0.43004271388053894,0.19439780712127686,0.23564490675926208,0.2518925368785858,0.1923535999792332,0.47857674956321716,0.6
biology,LambdaLoss,51,101+,0.0,0.0,0.5467729270458221,0.23925012350082397,0.30752280354499817,0.3075230270624161,0.13020718357717903,0.5573171377182007,0.7
biology,LambdaLoss,52,11-100,0.0,0.0,0.40365734696388245,0.2510233521461487,0.15263399481773376,0.12488949298858643,0.024839771385202714,0.4163011610507965,0.8
biology,LambdaLoss,53,101+,0.0,0.0,0.4232397675514221,0.27961719036102295,0.14362257719039917,0.17519128322601318,0.1581710589231464,0.4361281096935272,0.9
biology,LambdaLoss,54,11-100,0.0,0.0,0.4685880243778229,0.23510372638702393,0.23348429799079895,0.25610458850860596,0.23038422869152755,0.48188552260398865,0.5
biology,LambdaLoss,55,11-100,0.0,0.0,0.3822210431098938,0.26787662506103516,0.11434441804885864,0.11434432864189148,0.07801989600326702,0.41164618730545044,0.8
biology,LambdaLoss,56,101+,0.0,0.0,0.4386999011039734,0.1779388189315796,0.2607610821723938,0.2748498320579529,0.15203329411971667,0.43869996070861816,0.8
biology,LambdaLoss,57,2-10,0.12315119437036501,0.0,0.28303325176239014,0.21710580587387085,0.06592744588851929,0.06592726707458496,0.07036110625273825,0.3658542037010193,0.9
biology,LambdaLoss,58,11-100,0.46927872602275644,1.0,0.35957062244415283,0.24250900745391846,0.11706161499023438,0.12690764665603638,0.170224463307045,0.44042620062828064,0.8
biology,LambdaLoss,59,11-100,0.21840743681816419,0.16666666666666666,0.31294184923171997,0.22725778818130493,0.08568406105041504,0.09107691049575806,0.10396114035621651,0.30531972646713257,0.7
biology,LambdaLoss,6,11-100,0.08514311764162101,0.2,0.3962070941925049,0.22273600101470947,0.1734710931777954,0.1657981276512146,0.12248504127021355,0.44206902384757996,0.7
biology,LambdaLoss,60,101+,0.0,0.0,0.43499302864074707,0.1249890923500061,0.31000393629074097,0.3102584481239319,0.2216699304771998,0.45150867104530334,0.8
biology,LambdaLoss,61,11-100,0.0,0.0,0.4246091842651367,0.22217893600463867,0.20243024826049805,0.2049311399459839,0.1537619274009977,0.46840760111808777,0.6
biology,LambdaLoss,62,2-10,-0.18154179253735267,-0.2,0.30602824687957764,0.2539765238761902,0.05205172300338745,0.06648921966552734,0.07033650035218082,0.37846189737319946,0.8
biology,LambdaLoss,63,11-100,0.16812753627111746,0.25,0.41739410161972046,0.26123785972595215,0.1561562418937683,0.18042588233947754,0.18686182039575838,0.47063058614730835,0.8
biology,LambdaLoss,64,2-10,-0.014025039229678071,-0.023809523809523808,0.3060290813446045,0.2510664463043213,0.0549626350402832,0.06500422954559326,0.07090580576027171,0.365784227848053,0.7
biology,LambdaLoss,65,1,0.0,0.0,0.29663777351379395,0.29663777351379395,0.0,0.0,,0.4975973665714264,0.6
biology,LambdaLoss,66,2-10,0.17679936205027363,0.5,0.29998672008514404,0.280126690864563,0.019860029220581055,0.02641385793685913,0.049698024875568944,0.39167821407318115,0.5
biology,LambdaLoss,67,11-100,0.0,0.0,0.3788164258003235,0.2773289680480957,0.10148745775222778,0.12966099381446838,0.1161130750544238,0.42640912532806396,0.6
biology,LambdaLoss,68,11-100,0.0,0.0,0.2968598008155823,0.1884995698928833,0.10836023092269897,0.11356532573699951,0.06386165500948422,0.3916756510734558,0.8
biology,LambdaLoss,69,11-100,0.16812753627111746,0.25,0.260750412940979,0.1475285291671753,0.11322188377380371,0.14088290929794312,0.2260939573520617,0.32069456577301025,0.7
biology,LambdaLoss,7,1,-0.1406647985460605,-0.5,0.11047476530075073,0.16433149576187134,-0.053856730461120605,-0.053856730461120605,-0.11345466481201902,0.20310884714126587,0.7
biology,LambdaLoss,70,2-10,0.44651389547737685,0.8333333333333334,0.348888099193573,0.32617706060409546,0.02271103858947754,0.0318453311920166,0.05594297413375067,0.3922111988067627,0.8
biology,LambdaLoss,71,101+,0.0,0.0,0.34582287073135376,0.20237606763839722,0.14344680309295654,0.14040160179138184,0.03096738894581258,0.4186621904373169,0.9
biology,LambdaLoss,72,1,0.037783607766412486,-0.5,0.29921019077301025,0.3557703495025635,-0.05656015872955322,-0.02688390016555786,0.014841213072503585,0.3998783230781555,0.6
biology,LambdaLoss,73,101+,0.0,0.0,0.5300408005714417,0.20154958963394165,0.3284912109375,0.32849112153053284,0.18688391325766296,0.5701306313276291,0.3
biology,LambdaLoss,74,1,0.24630238874072996,0.0,0.3185737133026123,0.30954283475875854,0.00903087854385376,0.021637678146362305,0.04810252985829354,0.3408154845237732,0.6
biology,LambdaLoss,75,11-100,0.3044671974905181,0.14285714285714285,0.44328171014785767,0.257876455783844,0.18540525436401367,0.18513110280036926,0.12866669249366533,0.46312808990478516,0.8
biology,LambdaLoss,76,101+,0.0,0.0,0.4604905843734741,0.3662571310997009,0.0942334532737732,0.17523705959320068,0.11889168476840972,0.4747481942176819,0.3
biology,LambdaLoss,77,101+,0.0,0.0,0.4512631297111511,0.2319895625114441,0.21927356719970703,0.21927350759506226,0.15091974982116463,0.45981669425964355,0.8
biology,LambdaLoss,78,2-10,0.4166583894850667,0.8,0.2324662208557129,0.2235279083251953,0.008938312530517578,0.03147876262664795,0.12910978884602042,0.25966620445251465,0.8
biology,LambdaLoss,79,2-10,0.2374980175286292,0.25,0.3216630816459656,0.2993149161338806,0.02234816551208496,0.07907670736312866,0.14962943005091153,0.3959103524684906,0.4
biology,LambdaLoss,8,1,-0.4087647951769723,-0.8571428571428572,0.21147394180297852,0.2438817024230957,-0.03240776062011719,-0.03240787982940674,-0.0714598067386695,0.3753012418746948,0.5
biology,LambdaLoss,80,101+,0.0,0.0,0.3781149983406067,0.23632586002349854,0.14178913831710815,0.20515182614326477,0.22935906318232474,0.4250754415988922,0.7
biology,LambdaLoss,81,101+,0.0,0.0,0.4408644735813141,0.2583288550376892,0.18253561854362488,0.22091948986053467,0.06973318349825366,0.48100996017456055,0.9
biology,LambdaLoss,82,101+,0.0,0.0,0.4743373990058899,0.2613603472709656,0.21297705173492432,0.24453550577163696,0.18755121172627437,0.47801822423934937,0.7
biology,LambdaLoss,83,101+,0.0,0.0,0.4088479280471802,0.18276548385620117,0.226082444190979,0.24449646472930908,0.17894447158951599,0.40884798765182495,0.6
biology,LambdaLoss,84,2-10,-0.051112363744679146,-0.16666666666666669,0.1551501750946045,0.12230068445205688,0.03284949064254761,0.03284960985183716,-0.0032950868993695953,0.37174850702285767,0.3
biology,LambdaLoss,85,2-10,0.6934264036172708,0.6666666666666667,0.2627854347229004,0.21994233131408691,0.04284310340881348,0.07549363374710083,0.14343354626999535,0.3005116581916809,0.8
biology,LambdaLoss,86,11-100,0.19632790425573848,0.14285714285714285,0.37644922733306885,0.3408329486846924,0.035616278648376465,0.03561621904373169,0.028636742931021895,0.4372716546058655,0.7
biology,LambdaLoss,87,11-100,0.0,0.0,0.3966166377067566,0.2764219045639038,0.12019473314285278,0.14043918251991272,0.14146448941338058,0.4037419557571411,0.7
biology,LambdaLoss,88,11-100,0.38364913903790027,0.25,0.38766908645629883,0.18140745162963867,0.20626163482666016,0.23830348253250122,0.27975699860711806,0.4092884957790375,0.7
biology,LambdaLoss,89,11-100,0.20210734650054757,0.25,0.3224264979362488,0.27312207221984863,0.049304425716400146,0.07963383197784424,0.08828041400350042,0.37353456020355225,0.8
biology,LambdaLoss,9,11-100,0.0,0.0,0.3051173686981201,0.21524953842163086,0.08986783027648926,0.12596166133880615,0.118463932556783,0.4057377874851227,0.8
biology,LambdaLoss,90,101+,0.0,0.0,0.45125335454940796,0.24054062366485596,0.210712730884552,0.2661653161048889,0.1756314641062936,0.45704740285873413,0.6
biology,LambdaLoss,91,101+,0.0,0.0,0.5048027038574219,0.2573314905166626,0.24747121334075928,0.28024712204933167,0.21607560830238945,0.5164365172386169,0.7
biology,LambdaLoss,92,11-100,0.0,0.0,0.32745790481567383,0.2735961675643921,0.05386173725128174,0.07616984844207764,0.08648068253391548,0.3583279252052307,0.7
biology,LambdaLoss,93,11-100,0.0,0.0,0.37216633558273315,0.291424036026001,0.08074229955673218,0.09952419996261597,0.07011183120605341,0.3721664547920227,0.8
biology,LambdaLoss,94,11-100,0.9709286432396583,1.0,0.3274174928665161,0.2531840205192566,0.07423347234725952,0.09662598371505737,0.1797457518570859,0.36004650592803955,0.8
biology,LambdaLoss,95,11-100,0.0,0.0,0.3777470588684082,0.19297349452972412,0.18477356433868408,0.18477344512939453,0.07908972986619414,0.4146619737148285,0.7
biology,LambdaLoss,96,2-10,0.42802095726865796,0.4,0.3412996530532837,0.2510756850242615,0.09022396802902222,0.1112443208694458,0.15503502547346779,0.35066360235214233,0.7
biology,LambdaLoss,97,2-10,-0.18247040964605551,-0.35714285714285715,0.24305599927902222,0.2571711540222168,-0.01411515474319458,-0.014115095138549805,-0.07139636612113841,0.2760779857635498,0.8
biology,LambdaLoss,98,101+,0.21840743681816419,0.16666666666666666,0.4779718518257141,0.27179986238479614,0.20617198944091797,0.21929606795310974,0.19625394956849374,0.47359514236450195,0.5
biology,LambdaLoss,99,1,0.09397456446531771,0.0,0.3303791880607605,0.3141922950744629,0.016186892986297607,0.016186773777008057,0.07567821021731375,0.3492271304130554,0.7
biology,RELER,0,1,0.32703966649239957,0.0,0.026696383953094482,0.026510000228881836,0.00018638372421264648,0.058157920837402344,0.0582025265324064,0.05872774124145508,0.4
biology,RELER,1,2-10,0.43292617940918404,0.875,0.029498636722564697,-0.07204639911651611,0.10154503583908081,0.040321290493011475,0.04567149195208526,-0.05016827583312988,0.8
biology,RELER,10,1,0.0,0.0,0.08526712656021118,0.08347013592720032,0.0017969906330108643,0.26622241735458374,0.21577867409238408,0.024467140436172485,0.9
biology,RELER,100,1,0.2043823975884861,0.0,0.13499164581298828,0.06976437568664551,0.06522727012634277,0.33268117904663086,0.31225869718230237,0.15087759494781494,0.5
biology,RELER,101,101+,0.0,0.0,-0.06904608011245728,-0.0009076595306396484,-0.06813842058181763,0.2602561116218567,0.2765489275559363,-0.0654497742652893,0.7
biology,RELER,102,101+,0.5,0.3333333333333333,0.18802616000175476,-0.19477903842926025,0.382805198431015,0.4810910224914551,0.37983112733445945,0.18802618980407715,0.5
biology,RELER,11,2-10,0.16958010263680806,0.6666666666666667,0.05800473690032959,-0.02422696352005005,0.08223170042037964,0.08223176002502441,0.08333488785796353,0.04832565784454346,0.9
biology,RELER,12,101+,0.0,0.0,0.1859481930732727,0.03879064321517944,0.14715754985809326,0.2415158450603485,0.22905847152894684,0.15022265911102295,0.8
biology,RELER,13,2-10,0.6804503724350792,0.75,0.1438700556755066,-0.01282811164855957,0.15669816732406616,0.14837080240249634,0.18108795090499374,0.11612331867218018,0.8
biology,RELER,14,1,0.028133213885159603,-0.75,0.057216525077819824,0.08650559186935425,-0.029289066791534424,0.20598676800727844,0.2103537963258058,0.09820768237113953,0.5
biology,RELER,15,101+,0.6661998717660157,1.0,0.16051152348518372,0.01284492015838623,0.14766660332679749,0.32714805006980896,0.2834225248046488,0.07850855588912964,0.6
biology,RELER,16,101+,0.0,0.0,0.15153318643569946,-0.016809046268463135,0.1683422327041626,0.2410678267478943,0.2051994655373591,0.1515331268310547,0.7
biology,RELER,17,2-10,0.35844318715875295,0.5,0.0731973648071289,-0.03536343574523926,0.10856080055236816,0.009259581565856934,0.009145394317513211,0.002643674612045288,0.8
biology,RELER,18,101+,0.55744812840856,0.3333333333333333,0.12976422905921936,-0.03817838430404663,0.167942613363266,0.14802592992782593,0.12955246278634194,0.10870471596717834,0.4
biology,RELER,19,2-10,0.5,0.6666666666666667,0.10623806715011597,-0.032260119915008545,0.1384981870651245,0.15354639291763306,0.21464294526943983,0.10623794794082642,0.5
biology,RELER,2,11-100,0.09109240322345806,0.1111111111111111,0.008300721645355225,-0.06015890836715698,0.06845963001251221,0.272066205739975,0.2312669637000562,0.00794181227684021,0.7
biology,RELER,20,2-10,0.6206291775220403,0.8888888888888888,0.09760302305221558,-0.08260500431060791,0.1802080273628235,0.18523377180099487,0.17144316295797982,0.052786409854888916,0.6
biology,RELER,21,2-10,0.3069704433648227,0.6666666666666667,0.09378808736801147,-0.012650251388549805,0.10643833875656128,0.32671642303466797,0.2906954716405243,0.0641864538192749,0.6
biology,RELER,22,11-100,0.38685280723454163,0.5,0.1055026650428772,-0.008754968643188477,0.11425763368606567,0.3010443449020386,0.2959565836254359,0.04926636815071106,0.7
biology,RELER,23,101+,0.0,0.0,0.16848266124725342,0.0850324034690857,0.08345025777816772,0.2443784773349762,0.218560483673938,0.162827730178833,0.7
biology,RELER,24,1,-0.583818844451269,-0.8,-0.07534557580947876,0.0435565710067749,-0.11890214681625366,0.21107244491577148,0.18528588087782602,-0.08260393142700195,0.6
biology,RELER,25,1,-0.17957712468379533,0.0,0.05051952600479126,0.05672562122344971,-0.006206095218658447,0.3357947766780853,0.27226773863131076,0.005487322807312012,0.6
biology,RELER,26,101+,0.38685280723454163,0.2,0.1469321846961975,0.04998302459716797,0.09694916009902954,0.09694921970367432,0.08326087777936261,0.14693224430084229,0.5
biology,RELER,27,11-100,0.3764290720714305,0.5,0.150068998336792,0.10601204633712769,0.04405695199966431,0.11545294523239136,0.17275440957908686,0.1386793851852417,0.9
biology,RELER,28,2-10,0.0,0.0,0.019759058952331543,-0.006902098655700684,0.026661157608032227,0.026661276817321777,0.023589733046801953,0.019759058952331543,0.8
biology,RELER,29,11-100,0.6131471927654584,1.0,0.15411525964736938,0.10674411058425903,0.04737114906311035,0.11360454559326172,0.1327268588345244,0.1393865942955017,0.8
biology,RELER,3,1,0.0,0.0,0.10776156187057495,0.045047879219055176,0.06271368265151978,0.06271368265151978,0.09378420828106564,0.12236428260803223,0.4
biology,RELER,30,1,0.32665167016610913,0.0,0.03840482234954834,0.04186701774597168,-0.00346219539642334,0.113261878490448,0.14095445510876842,0.06309264898300171,0.6
biology,RELER,31,11-100,0.6508205185601091,1.0,0.24661415815353394,-0.014950871467590332,0.26156502962112427,0.31105026602745056,0.35012968644892595,0.16577038168907166,0.5
biology,RELER,32,101+,0.0,0.0,-0.18252259492874146,0.03248095512390137,-0.21500355005264282,-0.15556350350379944,-0.12051004619071834,-0.17814239859580994,0.5
biology,RELER,33,101+,0.3065735963827292,0.3333333333333333,0.13363683223724365,0.06054967641830444,0.07308715581893921,0.07308721542358398,0.05733190061686065,0.10362130403518677,0.6
biology,RELER,34,101+,0.0,0.0,0.041496485471725464,0.11423587799072266,-0.07273939251899719,0.35714951157569885,0.28459624184152765,0.01569458842277527,0.7
biology,RELER,35,2-10,0.6355510478137023,0.8,0.019085705280303955,-0.0644298791885376,0.08351558446884155,0.24103683233261108,0.22224472548104635,0.03625372052192688,0.7
biology,RELER,36,11-100,1.0,1.0,0.11502087116241455,-0.033243656158447266,0.14826452732086182,0.25297656655311584,0.2337386828295752,0.1150209903717041,0.7
biology,RELER,37,101+,0.2640681225725909,0.25,0.17900943756103516,0.08963823318481445,0.0893712043762207,0.5140661001205444,0.39680230098878133,0.1756255328655243,0.7
biology,RELER,38,11-100,0.7653606369886217,1.0,0.16452831029891968,-0.061063170433044434,0.2255914807319641,0.26838982105255127,0.2582939437775542,0.10528510808944702,0.6
biology,RELER,39,101+,1.0,1.0,0.15859150886535645,-0.004964292049407959,0.1635558009147644,0.4845391511917114,0.43148482024289636,0.19820255041122437,0.7
biology,RELER,4,2-10,-0.18154179253735267,-0.2,-0.08935332298278809,0.012309074401855469,-0.10166239738464355,0.024708658456802368,0.03696278236404525,-0.0650777518749237,0.5
biology,RELER,40,101+,0.6508205185601091,1.0,0.17096224427223206,-0.1179656982421875,0.28892794251441956,0.3176766335964203,0.2810926389192314,0.18563222885131836,0.7
biology,RELER,41,11-100,0.8854598815714874,1.0,0.15359312295913696,0.07313930988311768,0.08045381307601929,0.3780985474586487,0.37020621863620096,0.1681637167930603,0.7
biology,RELER,42,101+,0.0,0.0,0.0709998607635498,-0.0847240686416626,0.1557239294052124,0.4696080684661865,0.40590823366513695,0.05623596906661987,0.6
biology,RELER,43,11-100,0.7039180890341347,1.0,0.1614387035369873,-0.007207989692687988,0.1686466932296753,0.5184198617935181,0.4089596966493197,0.13981088995933533,0.8
biology,RELER,44,11-100,0.21840743681816419,0.16666666666666666,0.02988576889038086,-0.003470778465270996,0.033356547355651855,0.09548002481460571,0.09036399804587039,0.03378152847290039,0.9
biology,RELER,45,11-100,0.9197207891481876,1.0,0.09021413326263428,-0.05004364252090454,0.14025777578353882,0.13674205541610718,0.13797650592106517,0.18475216627120972,0.6
biology,RELER,46,101+,1.0,1.0,0.19066572189331055,-0.06442761421203613,0.2550933361053467,0.38436633348464966,0.304920245036739,0.1906658113002777,0.8
biology,RELER,47,11-100,0.8854598815714874,1.0,0.2410982847213745,-0.04681718349456787,0.2879154682159424,0.5136343240737915,0.46812691454241795,0.19310423731803894,0.7
biology,RELER,48,11-100,0.46927872602275644,1.0,0.07557034492492676,0.008796632289886475,0.06677371263504028,0.3944576531648636,0.3347808029876979,0.030246853828430176,0.7
biology,RELER,49,101+,0.38685280723454163,0.5,0.2746567726135254,0.03657931089401245,0.23807746171951294,0.4711442291736603,0.4064182621689405,0.250314861536026,0.7
biology,RELER,5,2-10,0.29047279550897565,0.6666666666666667,0.23632586002349854,0.0916871428489685,0.14463871717453003,0.21654415130615234,0.2855830436493169,0.10685974359512329,0.9
biology,RELER,50,101+,0.13905617951077562,0.16666666666666666,0.12178584933280945,-0.13719046115875244,0.2589763104915619,0.48234549164772034,0.44359625425121213,0.06537261605262756,0.7
biology,RELER,51,101+,0.0,0.0,0.18308499455451965,-0.05740326642990112,0.24048826098442078,0.28217606246471405,0.21991489458976948,0.16580989956855774,0.7
biology,RELER,52,11-100,0.0,0.0,0.08869007229804993,0.044824302196502686,0.04386577010154724,-0.005158841609954834,-0.055413630446028955,0.058117836713790894,0.7
biology,RELER,53,101+,0.0,0.0,0.1400485634803772,0.030562639236450195,0.109485924243927,0.5644682347774506,0.443903044948231,0.12405630946159363,0.9
biology,RELER,54,11-100,0.4776237035032179,0.5,0.16784468293190002,-0.08684027194976807,0.2546849548816681,0.47260063886642456,0.4398862274654287,0.1328810751438141,0.6
biology,RELER,55,11-100,0.7653606369886217,1.0,0.10113412141799927,-0.09948951005935669,0.20062363147735596,0.4603908360004425,0.38264563440883703,0.07494407892227173,0.7
biology,RELER,56,101+,0.3333333333333333,0.14285714285714285,0.24594271183013916,0.062061309814453125,0.18388140201568604,0.37856870889663696,0.31771774061392327,0.24594277143478394,0.7
biology,RELER,57,2-10,0.3853585682515056,0.25,0.08436775207519531,0.014037728309631348,0.07033002376556396,0.19251787662506104,0.23771924371245187,0.14846378564834595,0.7
biology,RELER,58,11-100,0.6713860725233041,1.0,0.16374105215072632,-0.06063491106033325,0.22437596321105957,0.32860201597213745,0.3401845933594755,0.12986955046653748,0.7
biology,RELER,59,11-100,0.6131471927654584,1.0,0.14934492111206055,0.044335007667541504,0.10500991344451904,0.15023696422576904,0.2037038187901195,0.0970919132232666,0.6
biology,RELER,6,11-100,0.5036067026046992,1.0,0.19987529516220093,-0.005601763725280762,0.2054770588874817,0.22584062814712524,0.20398441055222752,0.13504937291145325,0.8
biology,RELER,60,101+,0.0,0.0,0.10842868685722351,-0.15855330228805542,0.26698198914527893,0.2765366733074188,0.24118318770977046,0.09044861793518066,0.8
biology,RELER,61,11-100,0.0,0.0,0.09662061929702759,-0.029502034187316895,0.12612265348434448,0.41294634342193604,0.35267330490332177,0.06943902373313904,0.6
biology,RELER,62,2-10,0.5056057234474762,0.3,0.09052836894989014,0.021377623081207275,0.06915074586868286,0.1555688977241516,0.20755728807546364,0.15633368492126465,0.8
biology,RELER,63,11-100,0.7397466333385988,0.5,0.1562078595161438,0.0020900368690490723,0.15411782264709473,0.2027972936630249,0.1840993501837993,0.20831012725830078,0.9
biology,RELER,64,2-10,0.39473975594729416,0.8333333333333334,0.07734256982803345,-0.05639714002609253,0.13373970985412598,0.2099950909614563,0.2613350436409614,0.071094810962677,0.6
biology,RELER,65,1,0.10086747116627115,0.0,0.08057153224945068,0.08057153224945068,0.0,0.0,,0.13861840963363647,0.6
biology,RELER,66,2-10,0.4416737339478613,0.5,0.11115747690200806,0.015331804752349854,0.0958256721496582,0.09582573175430298,0.09954330660980006,0.08740943670272827,0.7
biology,RELER,67,11-100,0.29127873064148246,0.25,0.05461615324020386,-0.019692301750183105,0.07430845499038696,0.3921869099140167,0.3160167958292595,0.05519267916679382,0.7
biology,RELER,68,11-100,0.21398626473452756,0.5,0.10544323921203613,-0.0021813511848449707,0.1076245903968811,0.42338547110557556,0.3767063502324145,0.09937399625778198,0.7
biology,RELER,69,11-100,0.5855700749881525,1.0,0.07098495960235596,-0.05619311332702637,0.12717807292938232,0.18862700462341309,0.26759059864633145,0.054715633392333984,0.5
biology,RELER,7,1,-0.08756722807203499,0.0,-0.03625422716140747,-0.04169166088104248,0.00543743371963501,0.10640901327133179,0.13606113764769823,-0.048561036586761475,0.7
biology,RELER,70,2-10,0.2247623139863815,0.33333333333333337,0.10277795791625977,0.0837259292602539,0.01905202865600586,-0.22843194007873535,-0.21556783604386004,-0.004916638135910034,0.8
biology,RELER,71,101+,0.0,0.0,-0.06464850902557373,-0.0628620982170105,-0.0017864108085632324,0.15318089723587036,0.1500101625389698,-0.007294952869415283,0.8
biology,RELER,72,1,0.1010584509288262,0.0,-0.018295645713806152,0.03204655647277832,-0.05034220218658447,-0.011485636234283447,-0.008356483941464661,0.020003676414489746,0.6
biology,RELER,73,101+,0.13565197343244778,0.1,0.1353190839290619,-0.22633850574493408,0.36165758967399597,0.3759478032588959,0.30147949854003475,0.11490856111049652,0.4
biology,RELER,74,1,0.13905617951077565,0.0,0.07632827758789062,0.05039095878601074,0.025937318801879883,0.1298026442527771,0.12729040212038653,0.02367985248565674,0.5
biology,RELER,75,11-100,0.5508095940041026,0.25,0.13550019264221191,-0.020445644855499268,0.15594583749771118,0.1225147545337677,0.11237164562081928,0.1362873911857605,0.8
biology,RELER,76,101+,0.0,0.0,0.10686886310577393,0.12347352504730225,-0.01660466194152832,0.40398257970809937,0.30236158312840555,0.11001136898994446,0.3
biology,RELER,77,101+,0.23719771276929622,0.2,0.18139898777008057,-0.011084496974945068,0.19248348474502563,0.3053629398345947,0.26115028002062485,0.17723709344863892,0.8
biology,RELER,78,2-10,0.5579253623448958,0.8,0.08663511276245117,0.0282781720161438,0.05835694074630737,0.15626871585845947,0.22738285291345028,0.07614946365356445,0.7
biology,RELER,79,2-10,0.678755617925157,0.75,0.1220131516456604,0.008261501789093018,0.11375164985656738,0.42541074752807617,0.3762935903990044,0.1419457495212555,0.4
biology,RELER,8,1,-0.6131471927654584,-1.0,-0.30848410725593567,-0.07194840908050537,-0.2365356981754303,-0.1117674708366394,-0.11310694739896568,-0.1474580466747284,0.5
biology,RELER,80,101+,0.0,0.0,-0.01190871000289917,-0.031856656074523926,0.019947946071624756,0.21625980734825134,0.21239698352534372,-0.16374610364437103,0.6
biology,RELER,81,101+,0.0,0.0,-0.033985137939453125,0.06895190477371216,-0.10293704271316528,0.3298443555831909,0.27648594244869484,-0.011949986219406128,0.7
biology,RELER,82,101+,0.2640681225725909,0.25,0.1337711215019226,-0.07504725456237793,0.20881837606430054,0.335859477519989,0.2544296568436823,0.12975060939788818,0.8
biology,RELER,83,101+,0.0,0.0,0.08008229732513428,-0.08614027500152588,0.16622257232666016,0.3089013993740082,0.27787429245624184,0.08008229732513428,0.5
biology,RELER,84,2-10,0.6542448095688422,0.5,-0.15456116199493408,-0.2499377727508545,0.09537661075592041,0.11921179294586182,0.13133563701150092,0.04136335849761963,0.4
biology,RELER,85,2-10,0.6934264036172708,0.6666666666666667,0.025635480880737305,-0.08022880554199219,0.10586428642272949,0.3586355447769165,0.32366794903239576,0.06668519973754883,0.8
biology,RELER,86,11-100,0.22485174766247445,0.2,0.15942823886871338,0.1539669632911682,0.005461275577545166,0.00556635856628418,-0.006834399703994132,0.1302538514137268,0.7
biology,RELER,87,11-100,0.48247555939075504,0.25,0.1086963415145874,0.044518113136291504,0.0641782283782959,0.3574585020542145,0.33803570743745937,0.11210626363754272,0.7
biology,RELER,88,11-100,1.0,1.0,0.1631324291229248,-0.12811118364334106,0.29124361276626587,0.4236106872558594,0.42602692527750374,0.1552514135837555,0.8
biology,RELER,89,11-100,0.6049306994552042,1.0,0.10563910007476807,0.002900421619415283,0.10273867845535278,0.34068119525909424,0.32332495695327157,0.10094082355499268,0.7
biology,RELER,9,11-100,0.30260241349881345,1.0,0.13154160976409912,-0.007642090320587158,0.13918370008468628,0.2073526382446289,0.21349112757653677,0.03181356191635132,0.8
biology,RELER,90,101+,0.0,0.0,0.06504237651824951,0.06998175382614136,-0.004939377307891846,0.23199689388275146,0.19475974651171352,0.030734002590179443,0.6
biology,RELER,91,101+,0.592512031964586,0.5,0.2840002179145813,-0.01155102252960205,0.29555124044418335,0.6702784895896912,0.5305946743580635,0.24856549501419067,0.8
biology,RELER,92,11-100,0.48381288316677695,0.3333333333333333,-0.02666628360748291,-0.06572860479354858,0.039062321186065674,0.33770139515399933,0.3035602815508577,-0.008710384368896484,0.7
biology,RELER,93,11-100,1.0,1.0,0.06227576732635498,-0.1462680697441101,0.2085438370704651,0.27193552255630493,0.22368833318800602,0.062275826930999756,0.7
biology,RELER,94,11-100,0.15101961822780524,0.2,0.05916738510131836,0.03887534141540527,0.020292043685913086,0.26828306913375854,0.24821176506090198,-0.0005508065223693848,0.7
biology,RELER,95,11-100,0.18457569677956817,0.1111111111111111,0.10021179914474487,0.00426936149597168,0.0959424376487732,0.15061724185943604,0.12617300532587072,0.08701470494270325,0.8
biology,RELER,96,2-10,0.2096135204504939,0.4,0.07626152038574219,0.005706787109375,0.07055473327636719,0.2530757188796997,0.26544851805978786,0.02802741527557373,0.7
biology,RELER,97,2-10,0.22629438553091674,0.5,0.11213624477386475,0.0509265661239624,0.061209678649902344,0.09864389896392822,0.12843425855637872,0.06336581707000732,0.8
biology,RELER,98,101+,0.38685280723454163,0.5,0.2305833101272583,0.014044582843780518,0.21653872728347778,0.11404374241828918,0.11144905823798633,0.04483455419540405,0.4
biology,RELER,99,1,0.09397456446531771,0.0,0.19754111766815186,0.013522624969482422,0.18401849269866943,0.18603867292404175,0.23726261121794864,0.17102688550949097,0.6
biology,Listwise,0,1,0.3347975674340218,0.0,0.029526472091674805,-0.004521787166595459,0.034048259258270264,0.034048259258270264,0.03312175734613694,0.04105502367019653,0.5
biology,Listwise,1,2-10,0.09546043308946733,0.375,-0.018709301948547363,-0.08775252103805542,0.06904321908950806,-0.02219468355178833,-0.013729543540494049,-0.04862767457962036,0.8
biology,Listwise,10,1,0.0,0.0,0.08503389358520508,0.013566285371780396,0.07146760821342468,0.08556729555130005,0.08096806943123794,0.028987020254135132,1.0
biology,Listwise,100,1,0.0,0.0,0.09921783208847046,0.05750930309295654,0.041708528995513916,0.2398880422115326,0.22878996664985965,0.1015932559967041,0.6
biology,Listwise,101,101+,0.0,0.0,-0.043448418378829956,0.0021647214889526367,-0.04561313986778259,0.16193464398384094,0.1728757681268801,-0.037295401096343994,0.7
biology,Listwise,102,101+,0.0,0.0,0.13159063458442688,-0.17119520902633667,0.30278584361076355,0.30278587341308594,0.23444264892484745,0.13159072399139404,0.6
biology,Listwise,11,2-10,0.16958010263680806,0.6666666666666667,0.034639954566955566,-0.04204249382019043,0.076682448387146,0.076682448387146,0.0768315595601855,0.012404054403305054,0.9
biology,Listwise,12,101+,0.0,0.0,0.12450379133224487,0.03751242160797119,0.08699136972427368,0.1820894181728363,0.17370882695352344,0.0895533561706543,0.8
biology,Listwise,13,2-10,0.5949424048114329,0.75,0.10144472122192383,-0.014728426933288574,0.1161731481552124,0.04272043704986572,0.0523637686475623,0.06883120536804199,0.9
biology,Listwise,14,1,-0.13743816645714543,-0.6666666666666667,0.05677306652069092,0.06753712892532349,-0.010764062404632568,0.1437774896621704,0.14516426405285696,0.07155439257621765,0.6
biology,Listwise,15,101+,0.21515079688078367,0.14285714285714285,0.12812766432762146,0.0447314977645874,0.08339616656303406,0.20820870995521545,0.183933299795229,0.04694831371307373,0.7
biology,Listwise,16,101+,0.0,0.0,0.10280662775039673,-0.027359485626220703,0.13016611337661743,0.1641196608543396,0.1370655999040327,0.10280662775039673,0.9
biology,Listwise,17,2-10,0.32420457354730975,0.5,0.06402468681335449,-0.02376377582550049,0.08778846263885498,-0.040721356868743896,-0.041073869060903156,0.00317344069480896,0.8
biology,Listwise,18,101+,0.35853358850813305,0.25,0.10622665286064148,-0.010111510753631592,0.11633816361427307,0.08758866786956787,0.07735202120173185,0.08522933721542358,0.5
biology,Listwise,19,2-10,0.5,0.6666666666666667,0.07481199502944946,-0.01723623275756836,0.09204822778701782,0.09204816818237305,0.13367309212569306,0.07481193542480469,0.7
biology,Listwise,2,11-100,0.11706259313796354,0.2,0.00777435302734375,-0.0747520923614502,0.08252644538879395,0.15177133679389954,0.1361826626215264,-0.006610572338104248,0.7
biology,Listwise,20,2-10,0.5378479902998544,0.8888888888888888,0.06959909200668335,-0.04903852939605713,0.11863762140274048,0.06237912178039551,0.060978788917431095,0.008797943592071533,0.7
biology,Listwise,21,2-10,0.3069704433648227,0.6666666666666667,0.06088358163833618,-0.013392329216003418,0.0742759108543396,0.2210777997970581,0.21380976116332917,0.03930312395095825,0.7
biology,Listwise,22,11-100,0.38685280723454163,0.5,0.09228062629699707,-0.00113600492477417,0.09341663122177124,0.22948116064071655,0.2230186951332096,0.04804101586341858,0.7
biology,Listwise,23,101+,0.0,0.0,0.11639875173568726,0.038143813610076904,0.07825493812561035,0.07617300748825073,0.07967100203041547,0.10034510493278503,0.7
biology,Listwise,24,1,-0.1548149381060362,0.0,-0.02549910545349121,0.03075110912322998,-0.05625021457672119,0.16272538900375366,0.15790342094045037,-0.025814443826675415,0.7
biology,Listwise,25,1,0.01629416649494242,0.0,0.035831987857818604,0.010504722595214844,0.02532726526260376,0.2001599669456482,0.17129441412726998,0.0012604296207427979,0.7
biology,Listwise,26,101+,0.3333333333333333,0.14285714285714285,0.12212973833084106,0.03496521711349487,0.08716452121734619,0.08716446161270142,0.07491544300639205,0.12212973833084106,0.5
biology,Listwise,27,11-100,0.3903800499921017,1.0,0.11152517795562744,0.05873602628707886,0.052789151668548584,0.0711788535118103,0.10603508000002966,0.09717786312103271,0.9
biology,Listwise,28,2-10,0.11314719276545837,0.1333333333333333,0.027655959129333496,-0.0053462982177734375,0.033002257347106934,0.03300219774246216,0.02907816939929847,0.027655959129333496,0.8
biology,Listwise,29,11-100,0.6131471927654584,1.0,0.14161479473114014,0.06396681070327759,0.07764798402786255,0.11792570352554321,0.13093618485205252,0.11717987060546875,0.8
biology,Listwise,3,1,0.0,0.0,0.09795469045639038,0.02826380729675293,0.06969088315963745,0.06969094276428223,0.08714909394234167,0.11249285936355591,0.6
biology,Listwise,30,1,0.34222207292834145,0.0,-0.00348508358001709,0.04325300455093384,-0.04673808813095093,0.10765865445137024,0.1334655425501936,0.05872511863708496,0.7
biology,Listwise,31,11-100,0.6049306994552042,1.0,0.20104044675827026,-0.01512134075164795,0.2161617875099182,0.22610434889793396,0.2556771236608143,0.1308552324771881,0.6
biology,Listwise,32,101+,0.0,0.0,-0.09203708171844482,0.00669369101524353,-0.09873077273368835,-0.09873092174530029,-0.07932501547499823,-0.08533012866973877,0.7
biology,Listwise,33,101+,0.2640681225725909,0.25,0.10309243202209473,0.047005295753479004,0.05608713626861572,0.05608707666397095,0.04446837851397688,0.07200592756271362,0.7
biology,Listwise,34,101+,0.0,0.0,0.051206231117248535,0.019928395748138428,0.03127783536911011,0.32195812463760376,0.2582009453817312,0.014497995376586914,0.9
biology,Listwise,35,2-10,0.6747824105006148,0.8,0.04965478181838989,-0.09386950731277466,0.14352428913116455,0.2042001485824585,0.19026188450976508,0.0532895028591156,0.7
biology,Listwise,36,11-100,1.0,1.0,0.08994835615158081,-0.046611905097961426,0.13656026124954224,0.23053401708602905,0.2079878040095489,0.08994847536087036,0.7
biology,Listwise,37,101+,0.5012658353418871,0.25,0.1552453637123108,0.03728806972503662,0.11795729398727417,0.3486313819885254,0.2779210792274507,0.1555282175540924,0.8
biology,Listwise,38,11-100,0.7653606369886217,1.0,0.14147013425827026,-0.062071919441223145,0.2035420536994934,0.2152896523475647,0.20393086716370024,0.1011282205581665,0.6
biology,Listwise,39,101+,1.0,1.0,0.1615687608718872,0.002171158790588379,0.15939760208129883,0.3478098511695862,0.33301182125217654,0.19180864095687866,0.7
biology,Listwise,4,2-10,-0.18154179253735267,-0.2,-0.07278960943222046,-0.026264190673828125,-0.046525418758392334,0.005502432584762573,0.01489055539672704,-0.05438512563705444,0.6
biology,Listwise,40,101+,0.0,0.0,0.15328451991081238,-0.0465545654296875,0.19983908534049988,0.2360636293888092,0.20859039470697355,0.14439451694488525,0.8
biology,Listwise,41,11-100,0.8710785440003369,1.0,0.1488860845565796,0.0684322714805603,0.08045381307601929,0.2872290015220642,0.283572638146943,0.16131436824798584,0.9
biology,Listwise,42,101+,0.0,0.0,0.0473213791847229,-0.07581222057342529,0.1231335997581482,0.36031070351600647,0.3255827897368957,0.031152784824371338,0.6
biology,Listwise,43,11-100,0.7039180890341347,1.0,0.1213083267211914,-0.07057815790176392,0.19188648462295532,0.35773545503616333,0.2941483848573513,0.0991610586643219,0.9
biology,Listwise,44,11-100,0.3065735963827292,0.3333333333333333,0.05871683359146118,-0.03496861457824707,0.09368544816970825,0.0936855673789978,0.08865080896429865,0.055426597595214844,0.9
biology,Listwise,45,11-100,0.3065735963827292,0.3333333333333333,0.0558168888092041,-0.04581946134567261,0.10163635015487671,0.10163635015487671,0.09847044093672033,0.12674370408058167,0.6
biology,Listwise,46,101+,0.3562071871080222,0.16666666666666666,0.1256541907787323,-0.08299088478088379,0.2086450755596161,0.2562057077884674,0.20602967857063653,0.12565425038337708,0.8
biology,Listwise,47,11-100,0.7039180890341347,1.0,0.2355443239212036,-0.04145157337188721,0.2769958972930908,0.4097056984901428,0.37865449634456605,0.18973127007484436,0.8
biology,Listwise,48,11-100,0.6049306994552042,1.0,0.06054055690765381,-0.006233155727386475,0.06677371263504028,0.2491450309753418,0.2175128972736433,0.015918493270874023,0.7
biology,Listwise,49,101+,0.38685280723454163,0.5,0.2248140573501587,-0.007844984531402588,0.23265904188156128,0.3866991102695465,0.33397203834259315,0.2081567347049713,0.7
biology,Listwise,5,2-10,0.23936043176429644,0.6666666666666667,0.2236926555633545,0.09113562107086182,0.13255703449249268,0.19129669666290283,0.2578752442499764,0.09718525409698486,0.9
biology,Listwise,50,101+,0.11751610475642714,0.1111111111111111,0.11504539847373962,-0.047452330589294434,0.16249772906303406,0.2973645031452179,0.28471596047150854,0.07229512929916382,0.7
biology,Listwise,51,101+,0.0,0.0,0.14518079161643982,-0.04005783796310425,0.18523862957954407,0.17203570902347565,0.123994829253846,0.13735473155975342,0.7
biology,Listwise,52,11-100,0.14126697285982898,0.1111111111111111,0.0745595395565033,0.08809560537338257,-0.013536065816879272,-0.06626683473587036,-0.11081905418665747,0.05263411998748779,0.8
biology,Listwise,53,101+,0.0,0.0,0.09216547012329102,0.005937695503234863,0.08622777462005615,0.31894803047180176,0.27013275915690776,0.0747596025466919,0.9
biology,Listwise,54,11-100,0.18154179253735267,0.2,0.11212876439094543,-0.04538106918334961,0.15750983357429504,0.30327776074409485,0.29981259584395364,0.08476471900939941,0.6
biology,Listwise,55,11-100,0.7653606369886217,1.0,0.0927889347076416,-0.1056637167930603,0.1984526515007019,0.3171554207801819,0.27914508440437635,0.0712205171585083,0.9
biology,Listwise,56,101+,0.0,0.0,0.200869619846344,0.020398437976837158,0.18047118186950684,0.24118942022323608,0.19409072072847605,0.20086956024169922,0.7
biology,Listwise,57,2-10,0.3403822263507532,0.25,0.07509326934814453,0.004763245582580566,0.07033002376556396,0.09429734945297241,0.11859955286949894,0.10293012857437134,0.8
biology,Listwise,58,11-100,0.6713860725233041,1.0,0.13824039697647095,-0.06607955694198608,0.20431995391845703,0.270982027053833,0.2767166682277353,0.11742761731147766,0.7
biology,Listwise,59,11-100,0.38685280723454163,0.5,0.10152029991149902,0.02294403314590454,0.07857626676559448,0.09932476282119751,0.12425987191679135,0.06880903244018555,0.7
biology,Listwise,6,11-100,0.4198523768135527,0.3333333333333333,0.12874937057495117,-0.05138838291168213,0.1801377534866333,0.19094336032867432,0.17249987353896395,0.09099516272544861,0.8
biology,Listwise,60,101+,0.0,0.0,0.051463425159454346,-0.07841044664382935,0.1298738718032837,0.12987375259399414,0.11508256591215865,0.03208082914352417,0.8
biology,Listwise,61,11-100,0.11751610475642714,0.1111111111111111,0.10013425350189209,-0.06847041845321655,0.16860467195510864,0.2339286208152771,0.2060723424880729,0.06492343544960022,0.7
biology,Listwise,62,2-10,0.10215113637802772,-0.07500000000000001,0.05925208330154419,0.016187429428100586,0.043064653873443604,0.12244522571563721,0.15351702034899764,0.13743984699249268,0.8
biology,Listwise,63,11-100,0.3764290720714305,0.5,0.14373672008514404,-0.0007476806640625,0.14448440074920654,0.14448446035385132,0.1266578069775143,0.16180777549743652,0.8
biology,Listwise,64,2-10,0.39473975594729416,0.8333333333333334,0.08369582891464233,-0.007489502429962158,0.09118533134460449,0.1282665729522705,0.16514327183644623,0.06774181127548218,0.6
biology,Listwise,65,1,0.0,0.0,0.058124005794525146,0.058124005794525146,0.0,0.0,,0.08204340934753418,0.6
biology,Listwise,66,2-10,0.3809072475714496,0.5,0.10311567783355713,0.056217312812805176,0.04689836502075195,0.04689842462539673,0.04833562389976202,0.06562167406082153,0.7
biology,Listwise,67,11-100,0.28097267762005274,0.25,0.030322790145874023,-0.07763206958770752,0.10795485973358154,0.26083168387413025,0.2154469816177263,0.02271246910095215,0.7
biology,Listwise,68,11-100,0.16958010263680806,0.3333333333333333,0.07510477304458618,-0.025908172130584717,0.1010129451751709,0.22372984886169434,0.21603428031207825,0.05982017517089844,0.7
biology,Listwise,69,11-100,0.29007579773858083,0.2,0.06366091966629028,0.006429314613342285,0.057231605052948,0.10354220867156982,0.13667014679762507,0.04248082637786865,0.5
biology,Listwise,7,1,0.0688590139355505,0.0,-0.02947622537612915,-0.05706220865249634,0.027585983276367188,0.05727660655975342,0.08246207516922092,-0.010412931442260742,0.7
biology,Listwise,70,2-10,0.2513238704813261,0.8333333333333334,0.08726996183395386,0.04824841022491455,0.03902155160903931,-0.19472432136535645,-0.1889238512325675,0.01515209674835205,0.9
biology,Listwise,71,101+,0.0,0.0,-0.02409738302230835,-0.0314294695854187,0.0073320865631103516,0.07854515314102173,0.07955880146246838,0.0066477954387664795,0.9
biology,Listwise,72,1,0.10403783122080151,-0.5,-0.02020728588104248,0.08671021461486816,-0.10691750049591064,-0.01928400993347168,-0.017000723915631163,0.017142415046691895,0.5
biology,Listwise,73,101+,0.0,0.0,0.07364487648010254,-0.1794198751449585,0.25306475162506104,0.2530645728111267,0.20572700349701162,0.054363101720809937,0.6
biology,Listwise,74,1,0.19519002499605087,0.0,0.07083511352539062,0.04834103584289551,0.022494077682495117,0.08294898271560669,0.07972278096346952,0.02835601568222046,0.5
biology,Listwise,75,11-100,0.18154179253735267,0.2,0.08905786275863647,0.012487590312957764,0.07657027244567871,0.03808584809303284,0.027474735373659714,0.08819550275802612,0.8
biology,Listwise,76,101+,0.0,0.0,0.0934453010559082,0.10806190967559814,-0.014616608619689941,0.2521013617515564,0.19754662971245254,0.08849892020225525,0.4
biology,Listwise,77,101+,0.19342640361727081,0.125,0.13249284029006958,-0.01986163854598999,0.15235447883605957,0.25105464458465576,0.2144586566601366,0.1272193193435669,0.8
biology,Listwise,78,2-10,0.4166583894850667,0.8,0.08001989126205444,0.029886245727539062,0.05013364553451538,0.07361459732055664,0.13188394421848915,0.07656633853912354,0.7
biology,Listwise,79,2-10,0.6661998717660158,0.75,0.10664451122283936,0.011228501796722412,0.09541600942611694,0.35707032680511475,0.3211379403641109,0.1097349226474762,0.5
biology,Listwise,8,1,-0.3065735963827292,-0.6666666666666667,-0.13309413194656372,-0.12142634391784668,-0.011667788028717041,0.0044661760330200195,0.004466778205963685,-0.0638132095336914,0.6
biology,Listwise,80,101+,0.0,0.0,-0.028108328580856323,-0.06498539447784424,0.036877065896987915,0.17639204859733582,0.17446293261888063,-0.0936148464679718,0.8
biology,Listwise,81,101+,0.0,0.0,-0.06842449307441711,0.043779194355010986,-0.1122036874294281,0.2069896161556244,0.18576888806103842,-0.050659775733947754,0.8
biology,Listwise,82,101+,0.0,0.0,0.08658471703529358,-0.07947331666946411,0.1660580337047577,0.18671083450317383,0.14294154836175277,0.08595415949821472,0.9
biology,Listwise,83,101+,0.0,0.0,0.027787834405899048,-0.07750111818313599,0.10528895258903503,0.170665442943573,0.1533855776720796,0.02778780460357666,0.5
biology,Listwise,84,2-10,0.3183412193664158,0.0,-0.10876768827438354,-0.15692138671875,0.048153698444366455,0.04815375804901123,0.057692365854696406,0.04836207628250122,0.3
biology,Listwise,85,2-10,0.6934264036172708,0.6666666666666667,0.010476112365722656,-0.11924827098846436,0.129724383354187,0.28408312797546387,0.26755533034802154,0.03846544027328491,0.8
biology,Listwise,86,11-100,0.21252302622743086,0.2,0.12278902530670166,0.14237594604492188,-0.019586920738220215,-0.01958698034286499,-0.03817145668700911,0.08461838960647583,0.7
biology,Listwise,87,11-100,0.0,0.0,0.06771385669708252,0.07462745904922485,-0.006913602352142334,0.20446589589118958,0.20363413442574402,0.06622427701950073,0.8
biology,Listwise,88,11-100,0.6364391809889587,1.0,0.16568541526794434,-0.08478474617004395,0.2504701614379883,0.29731202125549316,0.308437822503038,0.14297404885292053,1.0
biology,Listwise,89,11-100,0.8070380459557518,1.0,0.09779012203216553,0.0037487149238586426,0.09404140710830688,0.24715939164161682,0.24345491468085453,0.1128530502319336,0.7
biology,Listwise,9,11-100,0.19092086617893467,0.5,0.11338061094284058,0.007780551910400391,0.10560005903244019,0.16283679008483887,0.164318478813695,0.027934551239013672,0.7
biology,Listwise,90,101+,0.0,0.0,0.05267724394798279,0.0027791261672973633,0.049898117780685425,0.14146488904953003,0.11061842893226087,0.027415454387664795,0.7
biology,Listwise,91,101+,0.123151194370365,0.125,0.1991952657699585,-0.01323157548904419,0.21242684125900269,0.41811028122901917,0.3507195657019898,0.17363080382347107,0.8
biology,Listwise,92,11-100,0.8315546295836225,1.0,-0.005387306213378906,-0.08386129140853882,0.07847398519515991,0.23717764019966125,0.22676640952094676,0.012897729873657227,0.8
biology,Listwise,93,11-100,1.0,1.0,0.0469629168510437,-0.12226951122283936,0.16923242807388306,0.24879902601242065,0.2036696425803389,0.04696303606033325,0.7
biology,Listwise,94,11-100,0.2532778777010656,0.14285714285714285,0.011070966720581055,0.012970030307769775,-0.0018990635871887207,0.3048841953277588,0.2833043854286057,0.027755558490753174,0.8
biology,Listwise,95,11-100,0.19342640361727081,0.125,0.09252667427062988,0.022478580474853516,0.07004809379577637,0.07004809379577637,0.04816023301394309,0.07340893149375916,0.8
biology,Listwise,96,2-10,0.2096135204504939,0.4,0.06574094295501709,0.002076864242553711,0.06366407871246338,0.19837433099746704,0.21138792649066174,0.05558139085769653,0.8
biology,Listwise,97,2-10,0.22629438553091674,0.5,0.09318149089813232,0.06777912378311157,0.025402367115020752,0.025402367115020752,0.033290024424672084,0.04007077217102051,0.8
biology,Listwise,98,101+,0.19342640361727081,0.125,0.1548699140548706,0.01685023307800293,0.13801968097686768,0.0887601375579834,0.09274235088122627,0.06755715608596802,0.5
biology,Listwise,99,1,0.09397456446531771,0.0,0.15898680686950684,0.0422249436378479,0.11676186323165894,0.11676180362701416,0.15620385112821294,0.13654375076293945,0.6
earth_science,E0,0,2-10,0.0,0.0,0.0,0.0,0.0,0.0,0.0,0.0,1.0
earth_science,E0,1,11-100,0.0,0.0,0.0,0.0,0.0,0.0,0.0,0.0,1.0
earth_science,E0,10,11-100,0.0,0.0,0.0,0.0,0.0,0.0,0.0,0.0,1.0
earth_science,E0,100,101+,0.0,0.0,0.0,0.0,0.0,0.0,0.0,0.0,1.0
earth_science,E0,101,1,0.0,0.0,0.0,0.0,0.0,0.0,0.0,0.0,1.0
earth_science,E0,102,101+,0.0,0.0,0.0,0.0,0.0,0.0,0.0,0.0,1.0
earth_science,E0,103,11-100,0.0,0.0,0.0,0.0,0.0,0.0,0.0,0.0,1.0
earth_science,E0,104,1,0.0,0.0,0.0,0.0,0.0,0.0,0.0,0.0,1.0
earth_science,E0,105,101+,0.0,0.0,0.0,0.0,0.0,0.0,0.0,0.0,1.0
earth_science,E0,106,1,0.0,0.0,0.0,0.0,0.0,0.0,0.0,0.0,1.0
earth_science,E0,107,2-10,0.0,0.0,0.0,0.0,0.0,0.0,0.0,0.0,1.0
earth_science,E0,108,101+,0.0,0.0,0.0,0.0,0.0,0.0,0.0,0.0,1.0
earth_science,E0,109,2-10,0.0,0.0,0.0,0.0,0.0,0.0,0.0,0.0,1.0
earth_science,E0,11,11-100,0.0,0.0,0.0,0.0,0.0,0.0,0.0,0.0,1.0
earth_science,E0,110,101+,0.0,0.0,0.0,0.0,0.0,0.0,0.0,0.0,1.0
earth_science,E0,111,11-100,0.0,0.0,0.0,0.0,0.0,0.0,0.0,0.0,1.0
earth_science,E0,112,11-100,0.0,0.0,0.0,0.0,0.0,0.0,0.0,0.0,1.0
earth_science,E0,113,2-10,0.0,0.0,0.0,0.0,0.0,0.0,0.0,0.0,1.0
earth_science,E0,114,2-10,0.0,0.0,0.0,0.0,0.0,0.0,0.0,0.0,1.0
earth_science,E0,115,101+,0.0,0.0,0.0,0.0,0.0,0.0,0.0,0.0,1.0
earth_science,E0,12,101+,0.0,0.0,0.0,0.0,0.0,0.0,0.0,0.0,1.0
earth_science,E0,13,2-10,0.0,0.0,0.0,0.0,0.0,0.0,0.0,0.0,1.0
earth_science,E0,14,11-100,0.0,0.0,0.0,0.0,0.0,0.0,0.0,0.0,1.0
earth_science,E0,15,11-100,0.0,0.0,0.0,0.0,0.0,0.0,0.0,0.0,1.0
earth_science,E0,16,101+,0.0,0.0,0.0,0.0,0.0,0.0,0.0,0.0,1.0
earth_science,E0,17,101+,0.0,0.0,0.0,0.0,0.0,0.0,0.0,0.0,1.0
earth_science,E0,18,2-10,0.0,0.0,0.0,0.0,0.0,0.0,0.0,0.0,1.0
earth_science,E0,19,2-10,0.0,0.0,0.0,0.0,0.0,0.0,0.0,0.0,1.0
earth_science,E0,2,2-10,0.0,0.0,0.0,0.0,0.0,0.0,0.0,0.0,1.0
earth_science,E0,20,2-10,0.0,0.0,0.0,0.0,0.0,0.0,0.0,0.0,1.0
earth_science,E0,21,101+,0.0,0.0,0.0,0.0,0.0,0.0,0.0,0.0,1.0
earth_science,E0,22,11-100,0.0,0.0,0.0,0.0,0.0,0.0,0.0,0.0,1.0
earth_science,E0,23,11-100,0.0,0.0,0.0,0.0,0.0,0.0,0.0,0.0,1.0
earth_science,E0,24,2-10,0.0,0.0,0.0,0.0,0.0,0.0,0.0,0.0,1.0
earth_science,E0,25,2-10,0.0,0.0,0.0,0.0,0.0,0.0,0.0,0.0,1.0
earth_science,E0,26,2-10,0.0,0.0,0.0,0.0,0.0,0.0,0.0,0.0,1.0
earth_science,E0,27,11-100,0.0,0.0,0.0,0.0,0.0,0.0,0.0,0.0,1.0
earth_science,E0,28,2-10,0.0,0.0,0.0,0.0,0.0,0.0,0.0,0.0,1.0
earth_science,E0,29,101+,0.0,0.0,0.0,0.0,0.0,0.0,0.0,0.0,1.0
earth_science,E0,3,2-10,0.0,0.0,0.0,0.0,0.0,0.0,0.0,0.0,1.0
earth_science,E0,30,101+,0.0,0.0,0.0,0.0,0.0,0.0,0.0,0.0,1.0
earth_science,E0,31,2-10,0.0,0.0,0.0,0.0,0.0,0.0,0.0,0.0,1.0
earth_science,E0,32,11-100,0.0,0.0,0.0,0.0,0.0,0.0,0.0,0.0,1.0
earth_science,E0,33,101+,0.0,0.0,0.0,0.0,0.0,0.0,0.0,0.0,1.0
earth_science,E0,34,11-100,0.0,0.0,0.0,0.0,0.0,0.0,0.0,0.0,1.0
earth_science,E0,35,2-10,0.0,0.0,0.0,0.0,0.0,0.0,0.0,0.0,1.0
earth_science,E0,36,1,0.0,0.0,0.0,0.0,0.0,0.0,0.0,0.0,1.0
earth_science,E0,37,2-10,0.0,0.0,0.0,0.0,0.0,0.0,0.0,0.0,1.0
earth_science,E0,38,2-10,0.0,0.0,0.0,0.0,0.0,0.0,0.0,0.0,1.0
earth_science,E0,39,1,0.0,0.0,0.0,0.0,0.0,0.0,0.0,0.0,1.0
earth_science,E0,4,11-100,0.0,0.0,0.0,0.0,0.0,0.0,0.0,0.0,1.0
earth_science,E0,40,101+,0.0,0.0,0.0,0.0,0.0,0.0,0.0,0.0,1.0
earth_science,E0,41,1,0.0,0.0,0.0,0.0,0.0,0.0,0.0,0.0,1.0
earth_science,E0,42,2-10,0.0,0.0,0.0,0.0,0.0,0.0,0.0,0.0,1.0
earth_science,E0,43,1,0.0,0.0,0.0,0.0,0.0,0.0,0.0,0.0,1.0
earth_science,E0,44,11-100,0.0,0.0,0.0,0.0,0.0,0.0,0.0,0.0,1.0
earth_science,E0,45,2-10,0.0,0.0,0.0,0.0,0.0,0.0,0.0,0.0,1.0
earth_science,E0,46,11-100,0.0,0.0,0.0,0.0,0.0,0.0,0.0,0.0,1.0
earth_science,E0,47,1,0.0,0.0,0.0,0.0,0.0,0.0,0.0,0.0,1.0
earth_science,E0,48,101+,0.0,0.0,0.0,0.0,0.0,0.0,0.0,0.0,1.0
earth_science,E0,49,2-10,0.0,0.0,0.0,0.0,0.0,0.0,0.0,0.0,1.0
earth_science,E0,5,101+,0.0,0.0,0.0,0.0,0.0,0.0,0.0,0.0,1.0
earth_science,E0,50,2-10,0.0,0.0,0.0,0.0,0.0,0.0,0.0,0.0,1.0
earth_science,E0,51,1,0.0,0.0,0.0,0.0,0.0,0.0,0.0,0.0,1.0
earth_science,E0,52,11-100,0.0,0.0,0.0,0.0,0.0,0.0,0.0,0.0,1.0
earth_science,E0,53,2-10,0.0,0.0,0.0,0.0,0.0,0.0,0.0,0.0,1.0
earth_science,E0,54,1,0.0,0.0,0.0,0.0,0.0,0.0,0.0,0.0,1.0
earth_science,E0,55,2-10,0.0,0.0,0.0,0.0,0.0,0.0,0.0,0.0,1.0
earth_science,E0,56,2-10,0.0,0.0,0.0,0.0,0.0,0.0,0.0,0.0,1.0
earth_science,E0,57,1,0.0,0.0,0.0,0.0,0.0,0.0,0.0,0.0,1.0
earth_science,E0,58,11-100,0.0,0.0,0.0,0.0,0.0,0.0,0.0,0.0,1.0
earth_science,E0,59,2-10,0.0,0.0,0.0,0.0,0.0,0.0,0.0,0.0,1.0
earth_science,E0,6,2-10,0.0,0.0,0.0,0.0,0.0,0.0,0.0,0.0,1.0
earth_science,E0,60,11-100,0.0,0.0,0.0,0.0,0.0,0.0,0.0,0.0,1.0
earth_science,E0,61,101+,0.0,0.0,0.0,0.0,0.0,0.0,0.0,0.0,1.0
earth_science,E0,62,1,0.0,0.0,0.0,0.0,0.0,0.0,0.0,0.0,1.0
earth_science,E0,63,2-10,0.0,0.0,0.0,0.0,0.0,0.0,0.0,0.0,1.0
earth_science,E0,64,2-10,0.0,0.0,0.0,0.0,0.0,0.0,0.0,0.0,1.0
earth_science,E0,65,1,0.0,0.0,0.0,0.0,0.0,0.0,0.0,0.0,1.0
earth_science,E0,66,2-10,0.0,0.0,0.0,0.0,0.0,0.0,0.0,0.0,1.0
earth_science,E0,67,1,0.0,0.0,0.0,0.0,0.0,0.0,0.0,0.0,1.0
earth_science,E0,68,2-10,0.0,0.0,0.0,0.0,0.0,0.0,0.0,0.0,1.0
earth_science,E0,69,1,0.0,0.0,0.0,0.0,0.0,0.0,0.0,0.0,1.0
earth_science,E0,7,101+,0.0,0.0,0.0,0.0,0.0,0.0,0.0,0.0,1.0
earth_science,E0,70,2-10,0.0,0.0,0.0,0.0,0.0,0.0,0.0,0.0,1.0
earth_science,E0,71,1,0.0,0.0,0.0,0.0,0.0,0.0,0.0,0.0,1.0
earth_science,E0,72,2-10,0.0,0.0,0.0,0.0,0.0,0.0,0.0,0.0,1.0
earth_science,E0,73,1,0.0,0.0,0.0,0.0,0.0,0.0,0.0,0.0,1.0
earth_science,E0,74,1,0.0,0.0,0.0,0.0,0.0,0.0,0.0,0.0,1.0
earth_science,E0,75,1,0.0,0.0,0.0,0.0,0.0,0.0,0.0,0.0,1.0
earth_science,E0,76,2-10,0.0,0.0,0.0,0.0,0.0,0.0,0.0,0.0,1.0
earth_science,E0,77,101+,0.0,0.0,0.0,0.0,0.0,0.0,0.0,0.0,1.0
earth_science,E0,78,11-100,0.0,0.0,0.0,0.0,0.0,0.0,0.0,0.0,1.0
earth_science,E0,79,11-100,0.0,0.0,0.0,0.0,0.0,0.0,0.0,0.0,1.0
earth_science,E0,8,2-10,0.0,0.0,0.0,0.0,0.0,0.0,0.0,0.0,1.0
earth_science,E0,80,1,0.0,0.0,0.0,0.0,0.0,0.0,0.0,0.0,1.0
earth_science,E0,81,1,0.0,0.0,0.0,0.0,0.0,0.0,0.0,0.0,1.0
earth_science,E0,82,1,0.0,0.0,0.0,0.0,0.0,0.0,0.0,0.0,1.0
earth_science,E0,83,1,0.0,0.0,0.0,0.0,0.0,0.0,0.0,0.0,1.0
earth_science,E0,84,101+,0.0,0.0,0.0,0.0,0.0,0.0,0.0,0.0,1.0
earth_science,E0,85,2-10,0.0,0.0,0.0,0.0,0.0,0.0,0.0,0.0,1.0
earth_science,E0,86,1,0.0,0.0,0.0,0.0,0.0,0.0,0.0,0.0,1.0
earth_science,E0,87,1,0.0,0.0,0.0,0.0,0.0,0.0,0.0,0.0,1.0
earth_science,E0,88,1,0.0,0.0,0.0,0.0,0.0,0.0,0.0,0.0,1.0
earth_science,E0,89,101+,0.0,0.0,0.0,0.0,0.0,0.0,0.0,0.0,1.0
earth_science,E0,9,11-100,0.0,0.0,0.0,0.0,0.0,0.0,0.0,0.0,1.0
earth_science,E0,90,2-10,0.0,0.0,0.0,0.0,0.0,0.0,0.0,0.0,1.0
earth_science,E0,91,2-10,0.0,0.0,0.0,0.0,0.0,0.0,0.0,0.0,1.0
earth_science,E0,92,2-10,0.0,0.0,0.0,0.0,0.0,0.0,0.0,0.0,1.0
earth_science,E0,93,2-10,0.0,0.0,0.0,0.0,0.0,0.0,0.0,0.0,1.0
earth_science,E0,94,101+,0.0,0.0,0.0,0.0,0.0,0.0,0.0,0.0,1.0
earth_science,E0,95,2-10,0.0,0.0,0.0,0.0,0.0,0.0,0.0,0.0,1.0
earth_science,E0,96,2-10,0.0,0.0,0.0,0.0,0.0,0.0,0.0,0.0,1.0
earth_science,E0,97,2-10,0.0,0.0,0.0,0.0,0.0,0.0,0.0,0.0,1.0
earth_science,E0,98,1,0.0,0.0,0.0,0.0,0.0,0.0,0.0,0.0,1.0
earth_science,E0,99,11-100,0.0,0.0,0.0,0.0,0.0,0.0,0.0,0.0,1.0
earth_science,InfoNCE,0,2-10,0.12199789960316101,0.2222222222222222,0.2553632855415344,0.177764892578125,0.07759839296340942,0.07759857177734375,0.08527576068561595,0.26119595766067505,0.5
earth_science,InfoNCE,1,11-100,0.0,0.0,0.23936212062835693,0.16221904754638672,0.07714307308197021,0.07714289426803589,0.0333285646165946,0.23936206102371216,0.5
earth_science,InfoNCE,10,11-100,0.0,0.0,0.29160869121551514,0.23379099369049072,0.057817697525024414,0.07165753841400146,0.01670035246120155,0.35792186856269836,0.9
earth_science,InfoNCE,100,101+,0.0,0.0,0.31293249130249023,0.16469407081604004,0.1482384204864502,0.31850361824035645,0.2900543651880763,0.31293243169784546,0.4
earth_science,InfoNCE,101,1,-0.08027921085181244,0.0,-0.062038540840148926,0.13314104080200195,-0.19517958164215088,-0.19517946243286133,-0.26508033222534616,-0.0238531231880188,0.7
earth_science,InfoNCE,102,101+,0.0,0.0,0.36065295338630676,0.22320252656936646,0.1374504268169403,0.2092752754688263,0.16439323092955652,0.3785102665424347,0.6
earth_science,InfoNCE,103,11-100,0.45560514958746035,0.2,0.30154502391815186,0.20964431762695312,0.09190070629119873,0.20292264223098755,0.23575906488427179,0.3415585160255432,0.5
earth_science,InfoNCE,104,1,0.08027921085181244,0.0,0.2288656234741211,0.23419618606567383,-0.005330562591552734,0.03462839126586914,0.056353254301374084,0.23339664936065674,0.8
earth_science,InfoNCE,105,101+,0.1480409554829326,0.125,0.42405176162719727,0.31046706438064575,0.11358469724655151,0.2718955874443054,0.29239036767524795,0.4041871428489685,0.5
earth_science,InfoNCE,106,1,-0.30260241349881345,-1.0,0.1477290391921997,0.26525914669036865,-0.11753010749816895,-0.010854542255401611,0.0016448557742964262,0.294465571641922,0.8
earth_science,InfoNCE,107,2-10,-0.1208113026994942,-0.16666666666666666,0.20989775657653809,0.20334112644195557,0.0065566301345825195,0.13640791177749634,0.17225883095862285,0.22750699520111084,0.6
earth_science,InfoNCE,108,101+,0.0,0.0,0.289485901594162,0.3291968107223511,-0.03971090912818909,-0.03971090912818909,-0.11178656254611871,0.289485901594162,0.7
earth_science,InfoNCE,109,2-10,-0.10699313236726377,0.0,0.2505044937133789,0.25254982709884644,-0.0020453333854675293,-0.01863241195678711,-0.059011039522554695,0.2777555584907532,0.8
earth_science,InfoNCE,11,11-100,0.0,0.0,0.22424224019050598,0.13458073139190674,0.08966150879859924,0.10588294267654419,0.06046389130005492,0.24675649404525757,0.6
earth_science,InfoNCE,110,101+,0.0,0.0,0.16698706150054932,0.17657124996185303,-0.009584188461303711,0.036725401878356934,0.014777156590222607,0.24483919143676758,0.4
earth_science,InfoNCE,111,11-100,0.19342640361727081,0.125,0.25346630811691284,0.18886423110961914,0.0646020770072937,0.08858823776245117,0.09053035746168364,0.28074851632118225,0.4
earth_science,InfoNCE,112,11-100,0.20438239758848611,0.14285714285714285,0.30731236934661865,0.18131005764007568,0.12600231170654297,0.1484992504119873,0.14220880032524097,0.3102208077907562,0.7
earth_science,InfoNCE,113,2-10,0.443814908003903,0.5,0.22599118947982788,0.17016303539276123,0.05582815408706665,0.1075209379196167,0.12890332747878264,0.3069351017475128,0.7
earth_science,InfoNCE,114,2-10,0.5482376907367463,0.8333333333333334,0.2861706018447876,0.2282193899154663,0.05795121192932129,0.0843920111656189,0.09561563570878229,0.29331302642822266,0.5
earth_science,InfoNCE,115,101+,0.0,0.0,0.28057655692100525,0.13577872514724731,0.14479783177375793,0.14479777216911316,0.08726641991861461,0.29926198720932007,0.9
earth_science,InfoNCE,12,101+,0.0,0.0,0.34609538316726685,0.2807435989379883,0.06535178422927856,0.05551785230636597,0.013503987937758422,0.35482510924339294,0.7
earth_science,InfoNCE,13,2-10,0.23365080824310538,0.16666666666666669,0.2113155722618103,0.15434980392456055,0.056965768337249756,0.056965649127960205,0.08088497939729845,0.3022030293941498,0.6
earth_science,InfoNCE,14,11-100,0.44149241373678083,0.5,0.28849029541015625,0.2627391815185547,0.025751113891601562,0.04711604118347168,0.055137713933212165,0.33416038751602173,0.6
earth_science,InfoNCE,15,11-100,0.11284514134893527,0.1,0.22147172689437866,0.06588417291641235,0.1555875539779663,0.15028047561645508,0.12945240541645262,0.24692684412002563,0.6
earth_science,InfoNCE,16,101+,0.08514311764162101,0.2,0.4605599045753479,0.17593926191329956,0.28462064266204834,0.29315659403800964,0.2136641586946791,0.42502665519714355,1.0
earth_science,InfoNCE,17,101+,0.2583297509898471,0.25,0.3315398693084717,0.08816719055175781,0.24337267875671387,0.3708149492740631,0.3874108273461268,0.3753209114074707,0.6
earth_science,InfoNCE,18,2-10,-0.11284514134893527,0.0,0.27395832538604736,0.27002042531967163,0.003937900066375732,0.04256629943847656,0.03901573415166682,0.28423088788986206,0.6
earth_science,InfoNCE,19,2-10,0.2904094361852924,0.8,0.15840697288513184,0.11365211009979248,0.044754862785339355,0.07483834028244019,0.12400040909348815,0.18017828464508057,0.6
earth_science,InfoNCE,2,2-10,0.1909208661789347,0.25,0.20501303672790527,0.12419307231903076,0.08081996440887451,0.12164735794067383,0.16843344996946874,0.28819477558135986,0.5
earth_science,InfoNCE,20,2-10,0.19518900079066112,0.6666666666666667,0.20035994052886963,0.1385515332221985,0.06180840730667114,0.09790164232254028,0.18131859967202268,0.3058319091796875,0.7
earth_science,InfoNCE,21,101+,0.09109240322345806,0.1111111111111111,0.3097487688064575,0.2137877345085144,0.09596103429794312,0.16292980313301086,0.1545004403501363,0.3193688690662384,0.6
earth_science,InfoNCE,22,11-100,0.2200917662980802,1.0,0.2524930238723755,0.14044469594955444,0.11204832792282104,0.2502303719520569,0.31575265301288113,0.3264821171760559,0.6
earth_science,InfoNCE,23,11-100,0.10209739512291163,0.1111111111111111,0.3510943651199341,0.17016780376434326,0.18092656135559082,0.18092644214630127,0.13078891503406137,0.33459967374801636,0.7
earth_science,InfoNCE,24,2-10,0.17314816420520895,0.875,0.2768808603286743,0.11376559734344482,0.1631152629852295,0.16311544179916382,0.22604220826916416,0.32139942049980164,0.7
earth_science,InfoNCE,25,2-10,-0.07839826897867534,-0.16666666666666666,0.1956939697265625,0.21088725328445435,-0.015193283557891846,0.11717730760574341,0.15330701446521483,0.22251847386360168,0.5
earth_science,InfoNCE,26,2-10,0.1321175952106089,0.3,0.19715499877929688,0.1680135726928711,0.02914142608642578,0.021724462509155273,-0.007725615314163353,0.34102320671081543,0.7
earth_science,InfoNCE,27,11-100,0.0,0.0,0.28524863719940186,0.2571319341659546,0.028116703033447266,0.06892728805541992,0.05115665316858274,0.34714746475219727,0.6
earth_science,InfoNCE,28,2-10,0.09982271124886608,0.0,0.27493226528167725,0.2514505982398987,0.023481667041778564,0.07404148578643799,0.10032787588834752,0.34815651178359985,0.6
earth_science,InfoNCE,29,101+,0.0,0.0,0.3556787967681885,0.18652081489562988,0.1691579818725586,0.2319149374961853,0.19623955956688702,0.35256657004356384,0.9
earth_science,InfoNCE,3,2-10,-0.38685280723454163,-0.5,0.01127326488494873,0.10292208194732666,-0.09164881706237793,-0.09164893627166748,-0.19754190793974863,0.20145255327224731,0.4
earth_science,InfoNCE,30,101+,0.0,0.0,0.2789088487625122,0.20550012588500977,0.07340872287750244,0.13145089149475098,0.131565202858546,0.3202175199985504,0.6
earth_science,InfoNCE,31,2-10,0.2644714070920024,0.16666666666666669,0.2408539056777954,0.19946187734603882,0.04139202833175659,0.09544122219085693,0.12082161160196694,0.304776132106781,0.7
earth_science,InfoNCE,32,11-100,0.0,0.0,0.2671639323234558,0.2645100951194763,0.002653837203979492,0.11377352476119995,0.10866585717546672,0.32316258549690247,0.5
earth_science,InfoNCE,33,101+,0.0,0.0,0.3698093891143799,0.2652270793914795,0.10458230972290039,0.10561063885688782,0.07249669858650662,0.3746751844882965,0.5
earth_science,InfoNCE,34,11-100,0.1480409554829326,0.125,0.257641077041626,0.14942854642868042,0.10821253061294556,0.20221686363220215,0.25030756112909386,0.27548420429229736,0.8
earth_science,InfoNCE,35,2-10,0.38178162391339815,0.6666666666666667,0.21548306941986084,0.18445849418640137,0.031024575233459473,0.028021574020385742,0.06233965253214054,0.275895893573761,0.6
earth_science,InfoNCE,36,1,-0.6131471927654584,-1.0,0.05430340766906738,0.12780284881591797,-0.07349944114685059,-0.04075002670288086,-0.0747865876222704,0.11894160509109497,0.6
earth_science,InfoNCE,37,2-10,0.5473983622993502,0.75,0.2503899931907654,0.06570637226104736,0.18468362092971802,0.1818140149116516,0.2449343772902892,0.34986382722854614,0.7
earth_science,InfoNCE,38,2-10,-0.13092975357145753,-0.16666666666666669,0.18303489685058594,0.18152731657028198,0.001507580280303955,0.22466832399368286,0.25824483368202705,0.1830347776412964,0.5
earth_science,InfoNCE,39,1,-0.04250547381013825,0.0,0.19026565551757812,0.1793697476387024,0.010895907878875732,-0.0070746541023254395,-0.015390743568153648,0.1820564866065979,0.7
earth_science,InfoNCE,4,11-100,0.6309297535714575,0.5,0.19017666578292847,0.13751250505447388,0.05266416072845459,0.09189105033874512,0.19557333098123164,0.1901766061782837,0.9
earth_science,InfoNCE,40,101+,0.0,0.0,0.33949610590934753,0.2618445158004761,0.07765159010887146,0.09795516729354858,0.04917086228155805,0.3774074912071228,0.8
earth_science,InfoNCE,41,1,-0.2043823975884861,0.0,0.2847822904586792,0.26880067586898804,0.015981614589691162,0.13389617204666138,0.22829295615866063,0.21844470500946045,0.7
earth_science,InfoNCE,42,2-10,-0.43067655807339306,-0.25,0.1967611312866211,0.22880911827087402,-0.03204798698425293,0.08356636762619019,0.08154386519802498,0.19676119089126587,0.8
earth_science,InfoNCE,43,1,-0.22629438553091674,-0.5,0.17956441640853882,0.26179587841033936,-0.08223146200180054,-0.04666048288345337,-0.032363980620068865,0.22560566663742065,0.5
earth_science,InfoNCE,44,11-100,0.0,0.0,0.20939898490905762,0.19591397047042847,0.01348501443862915,0.05146390199661255,0.02244305617280902,0.24880748987197876,0.5
earth_science,InfoNCE,45,2-10,-0.09982846295547661,-0.3888888888888889,0.2383948564529419,0.258833646774292,-0.020438790321350098,0.04339420795440674,0.03758755440265673,0.19662007689476013,0.4
earth_science,InfoNCE,46,11-100,0.0,0.0,0.1584973931312561,0.13413256406784058,0.024364829063415527,0.02436506748199463,-0.05344725992552418,0.18635886907577515,0.6
earth_science,InfoNCE,47,1,0.013818170332230428,0.0,0.14563250541687012,0.15207582712173462,-0.006443321704864502,0.013030171394348145,0.05204495434218601,0.1511826515197754,0.7
earth_science,InfoNCE,48,101+,0.6509209298071326,0.5,0.3987676203250885,0.233148992061615,0.1656186282634735,0.2824943959712982,0.3036414963455676,0.4223417639732361,0.7
earth_science,InfoNCE,49,2-10,0.20025319549806447,0.25,0.21550393104553223,0.18119502067565918,0.03430891036987305,0.23885232210159302,0.3321483954656658,0.21550393104553223,0.5
earth_science,InfoNCE,5,101+,0.0,0.0,0.3617951571941376,0.12135827541351318,0.2404368817806244,0.3434818387031555,0.32570156504453673,0.3835262656211853,0.5
earth_science,InfoNCE,50,2-10,-0.6309297535714575,-0.5,0.14976191520690918,0.19020593166351318,-0.040444016456604004,0.11182790994644165,0.1654868347043769,0.1497618556022644,0.6
earth_science,InfoNCE,51,1,-0.1227846846619507,0.0,0.0869826078414917,0.15822184085845947,-0.07123923301696777,-0.06582528352737427,-0.07969050896854861,0.11094528436660767,0.6
earth_science,InfoNCE,52,11-100,0.0,0.0,0.31064197421073914,0.2793917655944824,0.031250208616256714,0.1536029875278473,0.18184979679191074,0.31064191460609436,0.6
earth_science,InfoNCE,53,2-10,-0.14965509446524541,-0.3,0.17821943759918213,0.18140816688537598,-0.0031887292861938477,0.04062080383300781,0.09047954174513223,0.19279861450195312,0.6
earth_science,InfoNCE,54,1,0.0,0.0,0.19520223140716553,0.2350032925605774,-0.039801061153411865,-0.039800941944122314,-0.03792167122567874,0.1952022910118103,0.7
earth_science,InfoNCE,55,2-10,-0.5,-0.3333333333333333,0.06135517358779907,0.059795260429382324,0.001559913158416748,0.1910662055015564,0.28001098223190923,0.06135517358779907,0.4
earth_science,InfoNCE,56,2-10,0.07788544997783362,-0.07500000000000001,0.18064159154891968,0.12046182155609131,0.06017976999282837,0.03717321157455444,0.017849606811782298,0.3109778165817261,0.8
earth_science,InfoNCE,57,1,-0.01721028492537724,-0.5,0.31845909357070923,0.3305285573005676,-0.012069463729858398,-0.08989137411117554,-0.14544217112530103,0.37677067518234253,0.5
earth_science,InfoNCE,58,11-100,0.0,0.0,0.2908974587917328,0.1079871654510498,0.18291029334068298,0.15071344375610352,0.07431073330486515,0.29259157180786133,0.8
earth_science,InfoNCE,59,2-10,-0.1480409554829326,-0.125,0.26379120349884033,0.21071648597717285,0.05307471752166748,0.1138007640838623,0.146898045422789,0.26713597774505615,0.8
earth_science,InfoNCE,6,2-10,-0.03632699742471984,-0.16666666666666669,0.19801515340805054,0.2098100781440735,-0.01179492473602295,-0.014193117618560791,-0.05756971999409629,0.21066272258758545,0.6
earth_science,InfoNCE,60,11-100,1.0,1.0,0.3727779686450958,0.24269765615463257,0.13008031249046326,0.31825020909309387,0.3567491591017369,0.3727780878543854,0.6
earth_science,InfoNCE,61,101+,0.0,0.0,0.3334042429924011,0.17776525020599365,0.15563899278640747,0.1861853003501892,0.07964179281063569,0.37982815504074097,0.5
earth_science,InfoNCE,62,1,-0.36907024642854247,-0.5,0.15253335237503052,0.20594251155853271,-0.0534091591835022,-0.03957235813140869,-0.03245688945100704,0.15253347158432007,0.6
earth_science,InfoNCE,63,2-10,0.13905617951077562,0.0,0.1522451639175415,0.1546638011932373,-0.0024186372756958008,0.010726571083068848,0.016275690176585055,0.2710965871810913,0.5
earth_science,InfoNCE,64,2-10,0.0,0.0,0.22207289934158325,0.1871711015701294,0.03490179777145386,0.03490161895751953,0.024907408582850225,0.22935092449188232,0.7
earth_science,InfoNCE,65,1,-0.36907024642854247,-0.5,0.15755373239517212,0.1936434507369995,-0.03608971834182739,-0.03608971834182739,-0.045526006286625946,0.15755373239517212,0.8
earth_science,InfoNCE,66,2-10,0.6845351232142712,0.875,0.2819802761077881,0.20966482162475586,0.07231545448303223,0.0978127121925354,0.128880623415976,0.2819802761077881,0.5
earth_science,InfoNCE,67,1,0.07817485246961253,0.0,0.17776930332183838,0.20437908172607422,-0.02660977840423584,-0.004001975059509277,0.024971676268057484,0.272866427898407,0.6
earth_science,InfoNCE,68,2-10,0.008953846535906737,0.024999999999999994,0.25703275203704834,0.20814216136932373,0.04889059066772461,0.07513833045959473,0.09789015492470826,0.28504469990730286,0.7
earth_science,InfoNCE,69,1,-0.01879027595113214,0.0,0.16810178756713867,0.25197428464889526,-0.08387249708175659,0.2610898017883301,0.2567529296864998,0.2145898938179016,0.6
earth_science,InfoNCE,7,101+,0.17723928678404774,0.1,0.26702678203582764,0.1270909309387207,0.13993585109710693,0.25551164150238037,0.3280399960935938,0.2640172243118286,0.7
earth_science,InfoNCE,70,2-10,0.2079259953439193,0.35714285714285715,0.32347631454467773,0.20695090293884277,0.11652541160583496,0.18481463193893433,0.20747945949351368,0.3962154686450958,0.4
earth_science,InfoNCE,71,1,0.10166218774498703,0.0,0.16682785749435425,0.22465068101882935,-0.0578228235244751,-0.013017535209655762,0.0019485613086505371,0.22889739274978638,0.6
earth_science,InfoNCE,72,2-10,0.440991481506792,0.5,0.36895912885665894,0.30790871381759644,0.0610504150390625,0.1146424412727356,0.17170617253863898,0.36272168159484863,0.7
earth_science,InfoNCE,73,1,-0.14680808576867094,-0.6666666666666667,0.1945311427116394,0.20939743518829346,-0.014866292476654053,-0.014866173267364502,-0.024033948013141328,0.24478834867477417,0.7
earth_science,InfoNCE,74,1,-0.08027921085181244,0.0,0.26535940170288086,0.24913132190704346,0.016228079795837402,0.11409389972686768,0.18629450936294087,0.23858773708343506,0.7
earth_science,InfoNCE,75,1,0.0,0.0,0.1998555064201355,0.2419755458831787,-0.04212003946304321,-0.038693130016326904,0.016792861993980612,0.21702176332473755,0.6
earth_science,InfoNCE,76,2-10,0.15642624200758545,0.0,0.22666656970977783,0.19916760921478271,0.027498960494995117,0.15422123670578003,0.18440435184566836,0.23687195777893066,0.7
earth_science,InfoNCE,77,101+,0.0,0.0,0.3011170029640198,0.2531418204307556,0.04797518253326416,0.10364720225334167,0.05098151017511986,0.28805097937583923,0.7
earth_science,InfoNCE,78,11-100,0.0,0.0,0.16855692863464355,0.19792050123214722,-0.029363572597503662,-0.02936387062072754,-0.06581780174216682,0.2135026752948761,0.8
earth_science,InfoNCE,79,11-100,0.0,0.0,0.17295610904693604,0.178827166557312,-0.0058710575103759766,0.0359002947807312,-0.024970791208898446,0.23013940453529358,0.5
earth_science,InfoNCE,8,2-10,0.5,0.6666666666666667,0.16248947381973267,0.07771944999694824,0.08477002382278442,0.11815261840820312,0.1646342350715604,0.16248953342437744,0.6
earth_science,InfoNCE,80,1,0.0,0.0,0.09692388772964478,0.1764463186264038,-0.07952243089675903,-0.034260332584381104,0.008209943566518163,0.2735052704811096,0.5
earth_science,InfoNCE,81,1,0.0,0.0,0.13920515775680542,0.1277725100517273,0.011432647705078125,0.07777196168899536,0.19548716860298337,0.13920503854751587,0.6
earth_science,InfoNCE,82,1,-0.3065735963827292,-0.6666666666666667,0.1256086826324463,0.1549869179725647,-0.029378235340118408,-0.0003879070281982422,0.020714168303510076,0.18339097499847412,0.7
earth_science,InfoNCE,83,1,0.04957937378895194,0.0,0.2438846230506897,0.21123427152633667,0.03265035152435303,0.07695239782333374,0.12828288120532677,0.2826274633407593,0.7
earth_science,InfoNCE,84,101+,0.0,0.0,0.3392333984375,0.24380844831466675,0.09542495012283325,0.3687698245048523,0.3695079599977482,0.3392333984375,0.7
earth_science,InfoNCE,85,2-10,0.2748763329142908,0.6666666666666667,0.23937112092971802,0.21522003412246704,0.024151086807250977,0.024151206016540527,0.030149757426336306,0.237545907497406,0.6
earth_science,InfoNCE,86,1,-0.35125161163747765,0.0,0.15322601795196533,0.13357973098754883,0.019646286964416504,0.011724233627319336,0.05143037041780997,0.10242527723312378,0.5
earth_science,InfoNCE,87,1,-0.6437928128919779,-0.8333333333333334,0.04496574401855469,0.140364408493042,-0.0953986644744873,-0.051642000675201416,-0.06200313282859164,0.04496586322784424,0.6
earth_science,InfoNCE,88,1,-0.2063475285805736,-0.75,0.19898700714111328,0.22812414169311523,-0.029137134552001953,0.003216862678527832,0.0167890720657077,0.24770301580429077,0.5
earth_science,InfoNCE,89,101+,0.0,0.0,0.36121609807014465,0.31389832496643066,0.04731777310371399,0.17386311292648315,0.14425356452038465,0.37529313564300537,0.4
earth_science,InfoNCE,9,11-100,0.10778915452451093,0.16666666666666666,0.24943828582763672,0.1660662293434143,0.08337205648422241,0.08337217569351196,0.07288569178038534,0.3115038275718689,0.4
earth_science,InfoNCE,90,2-10,0.1259044066623799,0.75,0.23108863830566406,0.18915331363677979,0.04193532466888428,0.002829432487487793,-0.02559332575726162,0.24361202120780945,0.7
earth_science,InfoNCE,91,2-10,0.015159269147756504,0.031746031746031744,0.28925585746765137,0.22511398792266846,0.06414186954498291,0.13131654262542725,0.1564112153753387,0.29859063029289246,0.5
earth_science,InfoNCE,92,2-10,-0.22471947398559278,-0.25,0.24720162153244019,0.2692352533340454,-0.022033631801605225,-0.021995604038238525,-0.04496014985338599,0.31353840231895447,0.4
earth_science,InfoNCE,93,2-10,0.039115836481801225,0.033333333333333354,0.2270769476890564,0.21544784307479858,0.011629104614257812,0.03731191158294678,0.0126100026336542,0.23110520839691162,0.6
earth_science,InfoNCE,94,101+,0.0,0.0,0.36039960384368896,0.2285010814666748,0.13189852237701416,0.3031949996948242,0.2665720199734079,0.3603994846343994,0.6
earth_science,InfoNCE,95,2-10,0.1390561795107756,0.0,0.2783353328704834,0.23394662141799927,0.04438871145248413,0.028676629066467285,0.01446461200900883,0.28485000133514404,0.7
earth_science,InfoNCE,96,2-10,0.5518331289811786,0.6666666666666667,0.1903233528137207,0.16064119338989258,0.029682159423828125,0.07128661870956421,0.11843410844638044,0.23210793733596802,0.7
earth_science,InfoNCE,97,2-10,0.43577788896833636,0.8,0.2861946225166321,0.20608341693878174,0.08011120557785034,0.19224393367767334,0.23134711344466835,0.3183998167514801,0.6
earth_science,InfoNCE,98,1,0.1702802949877843,0.0,0.20080441236495972,0.19566738605499268,0.005137026309967041,0.0939374566078186,0.15718145027985903,0.255906879901886,0.6
earth_science,InfoNCE,99,11-100,0.0,0.0,0.2487069070339203,0.11334127187728882,0.13536563515663147,0.13536548614501953,0.06450594007335095,0.24881717562675476,0.8
earth_science,LambdaLoss,0,2-10,-0.18457569677956817,-0.1111111111111111,0.28127413988113403,0.22769618034362793,0.053577959537506104,0.053578197956085205,-0.009654122923746483,0.3051358461380005,0.6
earth_science,LambdaLoss,1,11-100,0.0,0.0,0.2809820771217346,0.20158839225769043,0.07939368486404419,0.08004164695739746,-0.009574365398138412,0.28098201751708984,0.6
earth_science,LambdaLoss,10,11-100,0.0,0.0,0.3724498152732849,0.27286410331726074,0.09958571195602417,0.10728341341018677,0.05212857157494502,0.44914254546165466,0.9
earth_science,LambdaLoss,100,101+,0.0,0.0,0.4203372001647949,0.26346153020858765,0.15687566995620728,0.16576629877090454,0.05859068550219673,0.4203372597694397,0.5
earth_science,LambdaLoss,101,1,0.0,0.0,0.03178369998931885,0.1821146011352539,-0.15033090114593506,-0.15033096075057983,-0.1316516203466627,0.0666651725769043,0.5
earth_science,LambdaLoss,102,101+,0.0,0.0,0.43416956067085266,0.27070099115371704,0.16346856951713562,0.16222718358039856,0.03626068604037044,0.4651847779750824,0.5
earth_science,LambdaLoss,103,11-100,0.0,0.0,0.3545064330101013,0.26032769680023193,0.09417873620986938,0.09417879581451416,0.04801046314591316,0.39319223165512085,0.6
earth_science,LambdaLoss,104,1,-0.08816615956456508,0.0,0.311242938041687,0.3312079906463623,-0.019965052604675293,0.026143431663513184,0.07957594106133098,0.31683236360549927,0.9
earth_science,LambdaLoss,105,101+,0.0,0.0,0.4699263572692871,0.3524947166442871,0.117431640625,0.1460629105567932,0.12508191512468655,0.46987301111221313,0.6
earth_science,LambdaLoss,106,1,-0.19481325897430252,-0.8333333333333334,0.24913930892944336,0.30816346406936646,-0.059024155139923096,-0.025484442710876465,0.012457287221403206,0.38916006684303284,0.8
earth_science,LambdaLoss,107,2-10,-0.1208113026994942,-0.16666666666666666,0.34344643354415894,0.264301061630249,0.07914537191390991,0.1152142882347107,0.13531478958883555,0.38841313123703003,0.6
earth_science,LambdaLoss,108,101+,0.0,0.0,0.4604574143886566,0.37216687202453613,0.08829054236412048,0.099916011095047,0.009839890831377818,0.46045735478401184,0.7
earth_science,LambdaLoss,109,2-10,-0.14606834984270645,-0.125,0.29041576385498047,0.28183919191360474,0.008576571941375732,0.008576512336730957,-0.030621770849478244,0.35918647050857544,0.8
earth_science,LambdaLoss,11,11-100,0.0,0.0,0.32809093594551086,0.20694631338119507,0.1211446225643158,0.12114465236663818,0.007400437122213305,0.40098637342453003,0.8
earth_science,LambdaLoss,110,101+,0.0,0.0,0.33003997802734375,0.2412106990814209,0.08882927894592285,0.10161721706390381,0.08856757490763013,0.3998372554779053,0.5
earth_science,LambdaLoss,111,11-100,0.0,0.0,0.35498183965682983,0.2802671790122986,0.07471466064453125,0.08949524164199829,0.08837913396828052,0.39663413166999817,0.5
earth_science,LambdaLoss,112,11-100,0.0,0.0,0.34781086444854736,0.20199012756347656,0.1458207368850708,0.14582067728042603,0.10824773604447238,0.3659500777721405,0.7
earth_science,LambdaLoss,113,2-10,0.35867179036228203,0.5,0.2921944856643677,0.2779792547225952,0.014215230941772461,0.029323160648345947,0.054087610523304464,0.42760613560676575,0.8
earth_science,LambdaLoss,114,2-10,0.22572644019282756,0.33333333333333337,0.35325074195861816,0.31864631175994873,0.034604430198669434,0.03262913227081299,0.02840715164427012,0.3627864122390747,0.5
earth_science,LambdaLoss,115,101+,0.0,0.0,0.47429463267326355,0.23917359113693237,0.23512104153633118,0.25149932503700256,0.15813302789936468,0.5294243097305298,0.7
earth_science,LambdaLoss,12,101+,0.0,0.0,0.4068793058395386,0.31938791275024414,0.08749139308929443,0.0870024561882019,0.03912906469456219,0.4326930344104767,0.7
earth_science,LambdaLoss,13,2-10,0.27108847097297994,0.6666666666666667,0.2590879201889038,0.19605785608291626,0.06303006410598755,0.06302988529205322,0.11026031345792733,0.3689090311527252,0.6
earth_science,LambdaLoss,14,11-100,0.6310473491188939,1.0,0.3297539949417114,0.29870182275772095,0.03105217218399048,0.045028865337371826,0.07581821120039396,0.3932722210884094,0.7
earth_science,LambdaLoss,15,11-100,0.0,0.0,0.2972184419631958,0.12215298414230347,0.17506545782089233,0.16392123699188232,0.11115580094619808,0.3365362286567688,0.5
earth_science,LambdaLoss,16,101+,0.0,0.0,0.5228966474533081,0.22383761405944824,0.29905903339385986,0.32363519072532654,0.2307417220639931,0.5642805099487305,1.0
earth_science,LambdaLoss,17,101+,0.0,0.0,0.39180201292037964,0.19849002361297607,0.19331198930740356,0.24152269959449768,0.21270801304422218,0.4770124554634094,0.6
earth_science,LambdaLoss,18,2-10,0.03817447687886996,0.07500000000000001,0.3629426956176758,0.3248271346092224,0.03811556100845337,0.045138657093048096,0.03932630168260929,0.38520872592926025,0.8
earth_science,LambdaLoss,19,2-10,0.17489197465841294,0.3,0.19103968143463135,0.16562819480895996,0.025411486625671387,0.09299582242965698,0.21712440916711606,0.2498493194580078,0.6
earth_science,LambdaLoss,2,2-10,0.19388080763693902,0.75,0.24013471603393555,0.15439170598983765,0.0857430100440979,0.07584232091903687,0.0816980494496064,0.34628140926361084,0.5
earth_science,LambdaLoss,20,2-10,0.028816560724514467,0.16666666666666669,0.22217535972595215,0.17467671632766724,0.04749864339828491,0.05065357685089111,0.07399799690299844,0.3861328959465027,0.8
earth_science,LambdaLoss,21,101+,0.0,0.0,0.3812026381492615,0.2646596431732178,0.1165429949760437,0.11654284596443176,0.0482408651322577,0.4321959912776947,0.6
earth_science,LambdaLoss,22,11-100,0.0,0.0,0.30950963497161865,0.24739760160446167,0.06211203336715698,0.06211197376251221,0.004255842671060883,0.4582860469818115,0.8
earth_science,LambdaLoss,23,11-100,0.0,0.0,0.3980047106742859,0.20565032958984375,0.19235438108444214,0.20493555068969727,0.14680091027935377,0.4229629635810852,0.6
earth_science,LambdaLoss,24,2-10,0.04667681282138038,0.20833333333333331,0.3025495409965515,0.18621987104415894,0.11632966995239258,0.11632996797561646,0.11257969410502996,0.3780413568019867,0.7
earth_science,LambdaLoss,25,2-10,-0.012144045524286301,-0.05555555555555555,0.3000078797340393,0.29120874404907227,0.008799135684967041,0.0449373722076416,0.08822317659633003,0.3476220667362213,0.5
earth_science,LambdaLoss,26,2-10,-0.021522329442669283,-0.1,0.2827598452568054,0.23097407817840576,0.05178576707839966,0.05178576707839966,0.03215886166859973,0.46119225025177,0.7
earth_science,LambdaLoss,27,11-100,0.0,0.0,0.377061128616333,0.32666587829589844,0.05039525032043457,0.07159847021102905,0.042545489934638324,0.4816172122955322,0.7
earth_science,LambdaLoss,28,2-10,0.15064163941581551,0.16666666666666669,0.31827086210250854,0.278969407081604,0.03930145502090454,0.05664020776748657,0.09412716634922709,0.4564055800437927,0.5
earth_science,LambdaLoss,29,101+,0.0,0.0,0.42840540409088135,0.26271188259124756,0.1656935214996338,0.17732346057891846,0.12325412800731231,0.4747828543186188,0.9
earth_science,LambdaLoss,3,2-10,-0.38685280723454163,-0.5,0.0964164137840271,0.13930881023406982,-0.042892396450042725,-0.0428926944732666,-0.1590652076111598,0.26816248893737793,0.4
earth_science,LambdaLoss,30,101+,0.0,0.0,0.36570489406585693,0.25351399183273315,0.11219090223312378,0.1386101245880127,0.12717124515269884,0.43777546286582947,0.5
earth_science,LambdaLoss,31,2-10,0.20387430682343838,-0.08333333333333331,0.2834656238555908,0.23635584115982056,0.047109782695770264,0.05253326892852783,0.056430361305067664,0.3579602837562561,0.7
earth_science,LambdaLoss,32,11-100,0.0,0.0,0.3704066872596741,0.30351120233535767,0.0668954849243164,0.09224218130111694,0.09036449020358382,0.4229165017604828,0.5
earth_science,LambdaLoss,33,101+,0.0,0.0,0.43821537494659424,0.3250586986541748,0.11315667629241943,0.10290488600730896,0.030169193734894323,0.47831931710243225,0.7
earth_science,LambdaLoss,34,11-100,0.15642624200758548,0.14285714285714285,0.35005152225494385,0.22097021341323853,0.12908130884170532,0.13615643978118896,0.1481003246538159,0.39863139390945435,0.9
earth_science,LambdaLoss,35,2-10,0.24890832702259474,0.6666666666666667,0.24407613277435303,0.22602421045303345,0.01805192232131958,0.02635282278060913,0.06953950518536212,0.3562113046646118,0.5
earth_science,LambdaLoss,36,1,-0.41972078914818756,-0.875,0.13179492950439453,0.14442646503448486,-0.012631535530090332,-0.00907355546951294,-0.02379168372944112,0.21362560987472534,0.8
earth_science,LambdaLoss,37,2-10,0.44757565105048414,0.75,0.2812649607658386,0.11918127536773682,0.1620836853981018,0.15464866161346436,0.1993895979657573,0.4178270101547241,0.8
earth_science,LambdaLoss,38,2-10,-0.13092975357145753,-0.16666666666666669,0.27765899896621704,0.25460195541381836,0.02305704355239868,0.06273031234741211,0.10219092381853258,0.27765893936157227,0.5
earth_science,LambdaLoss,39,1,-0.04250547381013825,0.0,0.24066317081451416,0.23836028575897217,0.002302885055541992,0.017285048961639404,0.06816517022550662,0.23954904079437256,0.6
earth_science,LambdaLoss,4,11-100,0.3333333333333333,0.14285714285714285,0.23953473567962646,0.18120193481445312,0.05833280086517334,0.08470940589904785,0.1802561012722179,0.23953473567962646,1.0
earth_science,LambdaLoss,40,101+,0.0,0.0,0.42239150404930115,0.32986289262771606,0.09252861142158508,0.0925285816192627,-0.031126394589398365,0.47323077917099,0.7
earth_science,LambdaLoss,41,1,-0.2043823975884861,0.0,0.30043214559555054,0.3153914213180542,-0.014959275722503662,0.01529306173324585,0.12406732217240671,0.3264865279197693,0.7
earth_science,LambdaLoss,42,2-10,-0.43067655807339306,-0.25,0.2954442501068115,0.2884621024131775,0.006982147693634033,0.029900789260864258,0.006812616010905999,0.29544442892074585,0.9
earth_science,LambdaLoss,43,1,-0.6131471927654584,-1.0,0.2535117268562317,0.34845924377441406,-0.09494751691818237,-0.08706200122833252,-0.0846221511660957,0.31013935804367065,0.6
earth_science,LambdaLoss,44,11-100,0.0,0.0,0.2514004707336426,0.2117908000946045,0.039609670639038086,0.05051732063293457,-0.023221516885918475,0.2933487296104431,0.7
earth_science,LambdaLoss,45,2-10,-0.19092086617893467,-0.5,0.3285672664642334,0.30399930477142334,0.02456796169281006,-0.07692581415176392,-0.15792286146748485,0.33492740988731384,0.5
earth_science,LambdaLoss,46,11-100,0.1480409554829326,0.125,0.24731290340423584,0.18673163652420044,0.0605812668800354,0.060581326484680176,-0.006615827036416971,0.2716785669326782,0.6
earth_science,LambdaLoss,47,1,-0.2232446398184742,-0.5,0.16917890310287476,0.213101327419281,-0.04392242431640625,-0.031029105186462402,-0.021906375397360907,0.1853082776069641,0.8
earth_science,LambdaLoss,48,101+,0.0,0.0,0.4553535282611847,0.3077070713043213,0.1476464569568634,0.20630106329917908,0.24945442094525355,0.4765626788139343,0.7
earth_science,LambdaLoss,49,2-10,0.20025319549806447,0.25,0.23539984226226807,0.1975356936454773,0.03786414861679077,0.05683475732803345,0.09938226948959264,0.23539984226226807,0.7
earth_science,LambdaLoss,5,101+,0.0,0.0,0.39673206210136414,0.16080069541931152,0.2359313666820526,0.25620031356811523,0.17643920043534495,0.47303760051727295,0.6
earth_science,LambdaLoss,50,2-10,-0.6309297535714575,-0.5,0.21227318048477173,0.22208428382873535,-0.009811103343963623,0.03777891397476196,0.04215521709267669,0.21227318048477173,0.6
earth_science,LambdaLoss,51,1,-0.7628022872307038,-0.8,0.1228940486907959,0.2177600860595703,-0.09486603736877441,-0.09486603736877441,-0.1704605843563523,0.14569127559661865,0.6
earth_science,LambdaLoss,52,11-100,0.0,0.0,0.4185977280139923,0.3854423761367798,0.033155351877212524,0.04841974377632141,0.026701178260700585,0.4185977280139923,0.9
earth_science,LambdaLoss,53,2-10,0.22629438553091674,0.5,0.20773863792419434,0.19131845235824585,0.016420185565948486,0.01641988754272461,0.025466567578679048,0.28211891651153564,0.7
earth_science,LambdaLoss,54,1,-0.36907024642854247,-0.5,0.27879178524017334,0.3267630934715271,-0.04797130823135376,-0.042954981327056885,-0.038711197590027155,0.27879178524017334,0.6
earth_science,LambdaLoss,55,2-10,-0.5,-0.3333333333333333,0.11322164535522461,0.1057577133178711,0.007463932037353516,0.05887562036514282,0.04300972206095048,0.11322170495986938,0.5
earth_science,LambdaLoss,56,2-10,-0.13120507751234178,-0.2,0.21816247701644897,0.17464399337768555,0.04351848363876343,0.031374990940093994,-0.04350528032423284,0.364698588848114,0.8
earth_science,LambdaLoss,57,1,-0.05032801066644502,-0.6666666666666667,0.3405960202217102,0.3541484475135803,-0.013552427291870117,-0.023021399974822998,-0.05711789040509129,0.42639946937561035,0.6
earth_science,LambdaLoss,58,11-100,0.0,0.0,0.38819053769111633,0.125801682472229,0.26238885521888733,0.24209171533584595,0.098920110457067,0.3958345055580139,0.7
earth_science,LambdaLoss,59,2-10,-0.1480409554829326,-0.125,0.32733702659606934,0.2607051134109497,0.06663191318511963,0.0740613341331482,0.04846127202958625,0.34980398416519165,0.8
earth_science,LambdaLoss,6,2-10,-0.03632699742471984,-0.16666666666666669,0.25765109062194824,0.2515881657600403,0.006062924861907959,0.0017484426498413086,-0.03605921785540101,0.29945993423461914,0.7
earth_science,LambdaLoss,60,11-100,0.6309297535714575,0.5,0.40322330594062805,0.3072075843811035,0.09601572155952454,0.1741439402103424,0.23528876702192233,0.4032234251499176,0.7
earth_science,LambdaLoss,61,101+,0.0,0.0,0.4828469753265381,0.2366725206375122,0.24617445468902588,0.2556073069572449,0.0696263104097814,0.5489810109138489,0.5
earth_science,LambdaLoss,62,1,-0.6666666666666667,-0.8571428571428572,0.21583741903305054,0.280755877494812,-0.06491845846176147,-0.061496853828430176,-0.07407674021954233,0.2158375382423401,0.6
earth_science,LambdaLoss,63,2-10,0.015904985140410638,-0.33333333333333337,0.21690058708190918,0.2314586639404297,-0.014558076858520508,0.01130831241607666,0.0191861730897369,0.39771097898483276,0.6
earth_science,LambdaLoss,64,2-10,-0.10219119879424307,-0.19047619047619047,0.2917253375053406,0.2589021921157837,0.032823145389556885,0.032823026180267334,0.0005225650781328639,0.3148852586746216,0.7
earth_science,LambdaLoss,65,1,0.0,0.0,0.205441415309906,0.2366269826889038,-0.031185567378997803,-0.031185388565063477,-0.030543824355865994,0.20544153451919556,0.8
earth_science,LambdaLoss,66,2-10,0.6845351232142712,0.875,0.32433485984802246,0.2663010358810425,0.05803382396697998,0.07198280096054077,0.12001968171716017,0.324334979057312,0.6
earth_science,LambdaLoss,67,1,0.07817485246961253,0.0,0.2421892285346985,0.2829431891441345,-0.040753960609436035,-0.03720283508300781,-0.020999377165104423,0.3592720627784729,0.3
earth_science,LambdaLoss,68,2-10,-0.09803928583135704,-0.1,0.33241963386535645,0.280528724193573,0.05189090967178345,0.07107752561569214,0.09219090847669527,0.3725875914096832,0.7
earth_science,LambdaLoss,69,1,-0.23719771276929624,0.0,0.20329362154006958,0.2855120301246643,-0.08221840858459473,-0.06058788299560547,-0.02718673796820613,0.2444794774055481,0.9
earth_science,LambdaLoss,7,101+,0.17723928678404774,0.1,0.36477071046829224,0.2218688726425171,0.14290183782577515,0.18516385555267334,0.2255636684814793,0.3648396134376526,0.7
earth_science,LambdaLoss,70,2-10,0.2079259953439193,0.35714285714285715,0.35985106229782104,0.2322356104850769,0.12761545181274414,0.14688122272491455,0.17207191782732062,0.4589356482028961,0.5
earth_science,LambdaLoss,71,1,-0.5531464700081437,-1.0,0.2745288014411926,0.36773860454559326,-0.09320980310440063,-0.09614872932434082,-0.13797331811624985,0.3558772802352905,0.7
earth_science,LambdaLoss,72,2-10,0.41192012474645034,0.5,0.40501493215560913,0.37614715099334717,0.028867781162261963,0.06174826622009277,0.1272970107062685,0.41058826446533203,0.6
earth_science,LambdaLoss,73,1,-0.11622009400318184,-0.5,0.2608526945114136,0.273995041847229,-0.01314234733581543,-0.013142287731170654,-0.03584299344094233,0.36328941583633423,0.7
earth_science,LambdaLoss,74,1,0.0,0.0,0.30578553676605225,0.35235685110092163,-0.046571314334869385,-0.022189319133758545,0.03971053539254957,0.31565332412719727,0.7
earth_science,LambdaLoss,75,1,-0.01710791804331213,0.0,0.23848199844360352,0.33512216806411743,-0.09664016962051392,-0.07580691576004028,-0.003930193900514745,0.263016939163208,0.7
earth_science,LambdaLoss,76,2-10,-0.16716045496620227,-0.16666666666666666,0.31608450412750244,0.28277766704559326,0.03330683708190918,0.04452979564666748,0.03347075758198299,0.324221134185791,0.7
earth_science,LambdaLoss,77,101+,0.0,0.0,0.4108472466468811,0.2975984215736389,0.11324882507324219,0.13734862208366394,0.058984667103104196,0.4542679488658905,0.7
earth_science,LambdaLoss,78,11-100,0.0,0.0,0.2648683786392212,0.24474066495895386,0.020127713680267334,0.020127594470977783,-0.017658249848720345,0.3122232258319855,0.8
earth_science,LambdaLoss,79,11-100,0.0,0.0,0.27143001556396484,0.21444177627563477,0.05698823928833008,0.05820798873901367,-0.07383888433757693,0.36721286177635193,0.6
earth_science,LambdaLoss,8,2-10,0.5,0.6666666666666667,0.21860700845718384,0.18726158142089844,0.0313454270362854,0.031345486640930176,0.05866285892861746,0.2186070680618286,0.6
earth_science,LambdaLoss,80,1,0.0,0.0,0.11577373743057251,0.23598796129226685,-0.12021422386169434,-0.11859643459320068,-0.08683144590729246,0.336479127407074,0.6
earth_science,LambdaLoss,81,1,-0.36907024642854247,-0.5,0.16295552253723145,0.17108583450317383,-0.008130311965942383,0.028746962547302246,0.1534824581463129,0.16295546293258667,0.6
earth_science,LambdaLoss,82,1,-0.39473975594729416,-0.8333333333333334,0.15396487712860107,0.18003398180007935,-0.02606910467147827,-0.009218871593475342,0.009394158638994732,0.2215895652770996,0.8
earth_science,LambdaLoss,83,1,0.1175227747072427,0.0,0.2643360495567322,0.29631638526916504,-0.03198033571243286,-0.02595609426498413,0.010604240870577708,0.32724887132644653,0.7
earth_science,LambdaLoss,84,101+,0.0,0.0,0.4498775601387024,0.29843151569366455,0.15144604444503784,0.23905354738235474,0.21274387302590905,0.44987761974334717,0.7
earth_science,LambdaLoss,85,2-10,0.13743816645714543,0.6666666666666667,0.3079138994216919,0.2944207787513733,0.013493120670318604,0.013493001461029053,0.023560397364470145,0.3796950578689575,0.5
earth_science,LambdaLoss,86,1,-0.35125161163747765,0.0,0.25589609146118164,0.2715827226638794,-0.015686631202697754,0.0031415224075317383,0.09564366845024395,0.25925523042678833,0.5
earth_science,LambdaLoss,87,1,-1.0,-1.0,0.09968376159667969,0.19803577661514282,-0.09835201501846313,-0.07935857772827148,-0.12454012300157306,0.09968388080596924,0.6
earth_science,LambdaLoss,88,1,0.12315119437036504,0.0,0.2897127866744995,0.29574257135391235,-0.006029784679412842,0.023076772689819336,0.083226776007765,0.35529160499572754,0.4
earth_science,LambdaLoss,89,101+,0.0,0.0,0.45597949624061584,0.3572038412094116,0.09877565503120422,0.11999863386154175,0.04092254703460384,0.47478222846984863,0.5
earth_science,LambdaLoss,9,11-100,0.10778915452451093,0.16666666666666666,0.2878732681274414,0.19379806518554688,0.09407520294189453,0.09407508373260498,0.08719333182118295,0.41390419006347656,0.5
earth_science,LambdaLoss,90,2-10,-0.10873495634899832,0.08333333333333331,0.25145232677459717,0.22699213027954102,0.024460196495056152,0.00761866569519043,-0.043621605239553364,0.30443689227104187,0.7
earth_science,LambdaLoss,91,2-10,-0.14126697285982898,-0.1111111111111111,0.3224351406097412,0.26058506965637207,0.06185007095336914,0.08826780319213867,0.08920163424331584,0.36995765566825867,0.4
earth_science,LambdaLoss,92,2-10,-0.22471947398559278,-0.25,0.26910144090652466,0.29945409297943115,-0.030352652072906494,-0.03888213634490967,-0.11547114047844168,0.36462482810020447,0.6
earth_science,LambdaLoss,93,2-10,-0.3152014104491349,-0.06666666666666665,0.25358617305755615,0.21799564361572266,0.035590529441833496,0.04401373863220215,0.02300050948294515,0.2615915536880493,0.6
earth_science,LambdaLoss,94,101+,0.0,0.0,0.46234792470932007,0.2782900333404541,0.18405789136886597,0.204978346824646,0.11674440693762797,0.4623480439186096,0.6
earth_science,LambdaLoss,95,2-10,-0.020892934897104698,-0.05714285714285716,0.3283659815788269,0.2831382751464844,0.04522770643234253,0.052896082401275635,0.04071131277498558,0.35713744163513184,0.8
earth_science,LambdaLoss,96,2-10,-0.03253201651083065,-0.08333333333333331,0.2647244334220886,0.25841689109802246,0.006307542324066162,0.032180607318878174,0.0643574967561924,0.3203585743904114,0.6
earth_science,LambdaLoss,97,2-10,0.28773693348540375,0.8,0.3542170524597168,0.27046823501586914,0.08374881744384766,0.08374905586242676,0.09886408288791673,0.4474295675754547,0.6
earth_science,LambdaLoss,98,1,0.14117261259835412,0.0,0.22617745399475098,0.2703133821487427,-0.0441359281539917,-0.02693575620651245,0.04437283602057916,0.28745555877685547,0.6
earth_science,LambdaLoss,99,11-100,0.0,0.0,0.3778133690357208,0.17378956079483032,0.2040238082408905,0.20402365922927856,0.09652891584841047,0.3985128700733185,0.8
earth_science,RELER,0,2-10,0.42857149598589017,0.8888888888888888,0.09683054685592651,-0.04541134834289551,0.14224189519882202,0.17392396926879883,0.1969216271804613,0.04713308811187744,0.5
earth_science,RELER,1,11-100,0.0,0.0,-0.028174996376037598,-0.0489424467086792,0.0207674503326416,0.020767569541931152,0.021824483856097796,-0.028174877166748047,0.5
earth_science,RELER,10,11-100,0.0,0.0,0.03451955318450928,-0.003410637378692627,0.037930190563201904,0.04975706338882446,0.045903688648871815,-0.0022911131381988525,0.8
earth_science,RELER,100,101+,0.0,0.0,0.032839030027389526,-0.11594277620315552,0.14878180623054504,0.43105968832969666,0.35497214506077923,0.03283900022506714,0.3
earth_science,RELER,101,1,0.0,0.0,-0.12906742095947266,-0.03423666954040527,-0.09483075141906738,-0.09483063220977783,-0.1236931145748329,-0.12322413921356201,0.7
earth_science,RELER,102,101+,0.0,0.0,0.03829467296600342,0.07764941453933716,-0.03935474157333374,0.1871618926525116,0.16603078848819736,0.016480863094329834,0.5
earth_science,RELER,103,11-100,0.5640920940185894,0.5,0.06860417127609253,-0.03693521022796631,0.10553938150405884,0.19606709480285645,0.18008633704208413,0.07507526874542236,0.6
earth_science,RELER,104,1,0.08027921085181244,0.0,-0.01153111457824707,-0.009757280349731445,-0.001773834228515625,0.32614533603191376,0.23552915810273342,-0.009985685348510742,0.8
earth_science,RELER,105,101+,0.0,0.0,0.14366614818572998,0.14184027910232544,0.001825869083404541,0.3019731938838959,0.27065181486296463,0.07947281002998352,0.5
earth_science,RELER,106,1,0.0874717141014082,0.0,0.0043985843658447266,-0.017143547534942627,0.021542131900787354,0.38737140595912933,0.316469875505577,0.038440436124801636,0.8
earth_science,RELER,107,2-10,-0.1208113026994942,-0.16666666666666666,-0.005255162715911865,0.07618832588195801,-0.08144348859786987,0.27191823720932007,0.3126506944106895,-0.09246760606765747,0.6
earth_science,RELER,108,101+,0.0,0.0,-0.17119944095611572,0.09566640853881836,-0.2668658494949341,-0.2668658494949341,-0.19370217023839922,-0.17119944095611572,0.4
earth_science,RELER,109,2-10,0.01861601554974951,0.08333333333333331,0.042507052421569824,0.06413573026657104,-0.02162867784500122,-0.06360763311386108,-0.07321820696600505,-0.04261395335197449,0.6
earth_science,RELER,11,11-100,0.0,0.0,-0.016340136528015137,-0.01530367136001587,-0.0010364651679992676,-0.001036524772644043,-0.027852845609314364,-0.0977931022644043,0.6
earth_science,RELER,110,101+,0.0,0.0,-0.20748046040534973,-0.13423854112625122,-0.07324191927909851,0.04725566506385803,0.058434230886167574,-0.1776396483182907,0.5
earth_science,RELER,111,11-100,0.3065735963827292,0.3333333333333333,-0.056209683418273926,-0.1176024079322815,0.06139272451400757,0.07752341032028198,0.08215151063243431,-0.04193952679634094,0.4
earth_science,RELER,112,11-100,0.0,0.0,0.01582413911819458,-0.04120075702667236,0.05702489614486694,0.22513613104820251,0.2314963074868665,0.029708832502365112,0.7
earth_science,RELER,113,2-10,0.35867179036228203,0.5,0.018883347511291504,-0.1389768421649933,0.1578601896762848,0.22767013311386108,0.18201276197611369,-0.0825481116771698,0.5
earth_science,RELER,114,2-10,0.38011015446562896,0.8333333333333334,-0.016882658004760742,-0.08580344915390015,0.0689207911491394,0.10212108492851257,0.09079990339136247,-0.06390568614006042,0.7
earth_science,RELER,115,101+,0.0,0.0,-0.10409317910671234,-0.14009040594100952,0.035997241735458374,0.07064393162727356,0.07904203696430165,-0.0997246503829956,0.8
earth_science,RELER,12,101+,0.0,0.0,0.10342568159103394,0.10827529430389404,-0.004849612712860107,0.0003820061683654785,-0.002988726170167072,0.026049375534057617,0.7
earth_science,RELER,13,2-10,0.23365080824310538,0.16666666666666669,0.07048290967941284,0.025996267795562744,0.0444866418838501,0.0444866418838501,0.05558660889524424,0.053059905767440796,0.7
earth_science,RELER,14,11-100,0.3903800499921017,1.0,0.10557949542999268,0.06276190280914307,0.04281759262084961,0.1608557105064392,0.1441893301490697,0.10488659143447876,0.6
earth_science,RELER,15,11-100,0.0,0.0,-0.05983513593673706,-0.12399828433990479,0.06416314840316772,0.13335508108139038,0.14282412340463857,-0.04758810997009277,0.5
earth_science,RELER,16,101+,0.1100458831490401,0.3333333333333333,0.21021461486816406,-0.1035197377204895,0.31373435258865356,0.3705897629261017,0.2855076012720057,0.05965763330459595,0.9
earth_science,RELER,17,101+,0.36885567213865295,1.0,0.11402583122253418,-0.14550632238388062,0.2595321536064148,0.5760194957256317,0.49242864802421693,0.021541714668273926,0.6
earth_science,RELER,18,2-10,0.1102133075045558,0.20833333333333331,0.031175553798675537,-0.007545828819274902,0.03872138261795044,0.09492367506027222,0.0998285777807903,0.0048302412033081055,0.7
earth_science,RELER,19,2-10,0.2428353755767037,0.3,-0.09346050024032593,-0.10611361265182495,0.012653112411499023,0.03870770335197449,0.049000064092273005,-0.15950676798820496,0.5
earth_science,RELER,2,2-10,0.2677390806779102,0.75,0.060352444648742676,-0.054720938205718994,0.11507338285446167,0.2534600496292114,0.2937169492458306,0.005481123924255371,0.7
earth_science,RELER,20,2-10,0.4571816076546108,0.6666666666666667,0.09017962217330933,-0.025602638721466064,0.11578226089477539,0.16758179664611816,0.23256307326841857,0.009956538677215576,0.8
earth_science,RELER,21,101+,0.11706259313796354,0.2,0.16508150100708008,0.03418087959289551,0.13090062141418457,0.3000076115131378,0.2752682690333962,0.008388906717300415,0.6
earth_science,RELER,22,11-100,0.13886244387355456,0.5,-0.003639698028564453,-0.10822248458862305,0.1045827865600586,0.15286457538604736,0.183587577236897,-0.03467509150505066,0.7
earth_science,RELER,23,11-100,0.16958010263680806,0.3333333333333333,0.1963214874267578,0.04496288299560547,0.15135860443115234,0.15135866403579712,0.1257664101899825,0.06400150060653687,0.8
earth_science,RELER,24,2-10,0.07979453856244818,0.375,0.02639526128768921,-0.09461379051208496,0.12100905179977417,0.12100917100906372,0.14662693744682515,-3.844499588012695e-05,0.7
earth_science,RELER,25,2-10,-0.07839826897867534,-0.16666666666666666,-0.019853293895721436,0.00442582368850708,-0.024279117584228516,0.2281273603439331,0.22604984122616736,-0.06901898980140686,0.5
earth_science,RELER,26,2-10,0.009645246727929782,0.04999999999999999,-0.083809494972229,-0.08065301179885864,-0.0031564831733703613,-0.036170393228530884,-0.04465229744097153,-0.019985675811767578,0.7
earth_science,RELER,27,11-100,0.510069131458292,1.0,0.0032367706298828125,-0.09042364358901978,0.09366041421890259,0.15868720412254333,0.15123462858434447,-0.01966872811317444,0.5
earth_science,RELER,28,2-10,0.22512611317739548,0.6666666666666667,0.1727001667022705,0.10721421241760254,0.06548595428466797,0.18231654167175293,0.201016370578242,-0.04483911395072937,0.5
earth_science,RELER,29,101+,0.6468562235661909,0.5,0.12445926666259766,-0.028757810592651367,0.15321707725524902,0.4462359547615051,0.3417166309281532,0.06094712018966675,0.6
earth_science,RELER,3,2-10,0.04377130915202537,-0.3,-0.1740449070930481,0.00837242603302002,-0.18241733312606812,-0.1824173927307129,-0.23714162362112712,0.026055574417114258,0.5
earth_science,RELER,30,101+,0.0,0.0,0.04548990726470947,0.008146882057189941,0.03734302520751953,0.230372816324234,0.24885439625046432,-0.013442695140838623,0.5
earth_science,RELER,31,2-10,0.5600175529401201,0.6666666666666667,0.06209397315979004,-0.02780824899673462,0.08990222215652466,0.24421441555023193,0.24725332002788164,0.07318282127380371,0.8
earth_science,RELER,32,11-100,0.08514311764162101,0.2,0.089602530002594,0.04415613412857056,0.04544639587402344,0.14704787731170654,0.12226961953101431,0.03265443444252014,0.5
earth_science,RELER,33,101+,0.13743816645714543,0.3333333333333333,0.1407526731491089,-0.009718060493469238,0.15047073364257812,0.22198262810707092,0.1868761319617039,0.06494283676147461,0.9
earth_science,RELER,34,11-100,0.1480409554829326,0.125,-0.014089584350585938,-0.08581066131591797,0.07172107696533203,0.28932657837867737,0.2907665372764698,-0.04382351040840149,0.8
earth_science,RELER,35,2-10,0.43222024509851625,0.6666666666666667,0.08809387683868408,0.015110254287719727,0.07298362255096436,0.22013139724731445,0.26581067423644755,0.02881467342376709,0.5
earth_science,RELER,36,1,-0.3065735963827292,-0.6666666666666667,-0.12427401542663574,-0.10082685947418213,-0.023447155952453613,0.01234525442123413,0.012719437877478387,-0.17334240674972534,0.6
earth_science,RELER,37,2-10,0.45654269809238224,0.75,0.067546546459198,-0.16052502393722534,0.22807157039642334,0.22893613576889038,0.278908856244975,0.06367439031600952,0.8
earth_science,RELER,38,2-10,0.0,0.0,0.00741952657699585,-0.021588563919067383,0.029008090496063232,0.5578859001398087,0.44482330397313813,0.007419466972351074,0.4
earth_science,RELER,39,1,0.08027921085181244,0.0,0.04781079292297363,-0.002964615821838379,0.05077540874481201,0.05077540874481201,0.06847737042855584,0.02578151226043701,0.6
earth_science,RELER,4,11-100,0.5,0.3333333333333333,-0.024937152862548828,-0.0778961181640625,0.05295896530151367,0.06457316875457764,0.10810033013282605,-0.024937212467193604,0.9
earth_science,RELER,40,101+,0.0,0.0,-0.037033140659332275,-0.02101951837539673,-0.016013622283935547,0.02361750602722168,0.03393183421963272,0.0025399327278137207,0.6
earth_science,RELER,41,1,-0.2043823975884861,0.0,0.0627601146697998,-0.0377921462059021,0.1005522608757019,0.3872338831424713,0.3271332129708605,-0.1466352343559265,0.5
earth_science,RELER,42,2-10,-0.43067655807339306,-0.25,-0.09809064865112305,0.004886627197265625,-0.10297727584838867,0.10375797748565674,0.08968777508157053,-0.0980905294418335,0.9
earth_science,RELER,43,1,-0.6131471927654584,-1.0,-0.12982085347175598,0.035764217376708984,-0.16558507084846497,-0.16558495163917542,-0.14104222325631952,-0.13092714548110962,0.7
earth_science,RELER,44,11-100,0.0,0.0,-0.04425615072250366,-0.013263285160064697,-0.030992865562438965,0.08023989200592041,0.08490403098172926,0.0003605484962463379,0.6
earth_science,RELER,45,2-10,-0.03961965942952794,-0.16666666666666669,0.0057866573333740234,0.038012683391571045,-0.03222602605819702,0.07851320505142212,0.06517601109868106,-0.142248272895813,0.6
earth_science,RELER,46,11-100,0.20210734650054757,0.25,0.012524545192718506,-0.024980485439300537,0.03750503063201904,0.04046523571014404,0.04468583999608586,-0.049653053283691406,0.6
earth_science,RELER,47,1,0.024211945145077962,0.0,0.009234189987182617,-0.12238603830337524,0.13162022829055786,0.14227229356765747,0.13996284489434205,-0.011089861392974854,0.7
earth_science,RELER,48,101+,0.5012658353418871,0.25,0.13287970423698425,0.010748445987701416,0.12213125824928284,0.5402599424123764,0.43958041146207005,0.1551884412765503,0.8
earth_science,RELER,49,2-10,0.5693234419266069,0.75,0.049459874629974365,-0.06193411350250244,0.1113939881324768,0.43305104970932007,0.4123926200173728,0.04945981502532959,0.6
earth_science,RELER,5,101+,0.09162544430476362,0.14285714285714285,0.1761898696422577,0.01310640573501587,0.16308346390724182,0.41304636001586914,0.3672807483179885,0.10742202401161194,0.7
earth_science,RELER,50,2-10,-0.6309297535714575,-0.5,-0.12446409463882446,-0.0024811625480651855,-0.12198293209075928,0.2337595820426941,0.24162650002670444,-0.12446421384811401,0.8
earth_science,RELER,51,1,0.0,0.0,-0.08852076530456543,-0.0703125,-0.01820826530456543,-0.01820826530456543,-0.028311646215116212,-0.08119916915893555,0.7
earth_science,RELER,52,11-100,0.3333333333333333,0.14285714285714285,0.019971221685409546,0.02416318655014038,-0.004191964864730835,0.32483501732349396,0.2790585959004221,0.019971221685409546,0.8
earth_science,RELER,53,2-10,0.0,0.0,0.019286632537841797,0.006898760795593262,0.012387871742248535,0.07911133766174316,0.11292492591304198,-0.07109510898590088,0.6
earth_science,RELER,54,1,0.0,0.0,0.039926111698150635,-0.02945244312286377,0.0693785548210144,0.30770057439804077,0.24683124272374163,0.039926111698150635,0.7
earth_science,RELER,55,2-10,-0.5,-0.3333333333333333,-0.22956103086471558,-0.17803955078125,-0.051521480083465576,0.32950492203235626,0.33796425332361535,-0.22956103086471558,0.5
earth_science,RELER,56,2-10,0.1069931323672638,0.0,0.03110402822494507,-0.027201294898986816,0.058305323123931885,0.02501887083053589,0.04154502627143568,0.07785725593566895,0.7
earth_science,RELER,57,1,0.09010000865236772,0.0,0.1428002119064331,0.13695943355560303,0.005840778350830078,-0.1453763246536255,-0.1578926510687651,0.12986308336257935,0.5
earth_science,RELER,58,11-100,0.0,0.0,-0.15946274995803833,-0.03958481550216675,-0.11987793445587158,-0.11987799406051636,-0.07272472281216863,-0.19443649053573608,0.7
earth_science,RELER,59,2-10,0.03350083705442006,0.07500000000000001,0.06597697734832764,0.03667736053466797,0.029299616813659668,0.18364626169204712,0.214054896991569,0.03402036428451538,0.8
earth_science,RELER,6,2-10,0.025115550529767217,0.0,0.05311858654022217,0.033580482006073,0.01953810453414917,0.014452159404754639,0.027369246832125015,0.02634894847869873,0.7
earth_science,RELER,60,11-100,1.0,1.0,0.04994991421699524,-0.08842557668685913,0.13837549090385437,0.41739124059677124,0.3416792662943571,0.04994979500770569,0.7
earth_science,RELER,61,101+,0.0,0.0,-0.12087826430797577,-0.04159188270568848,-0.07928639650344849,0.06673377752304077,0.06293424751293064,-0.06091338396072388,0.4
earth_science,RELER,62,1,0.0,0.0,0.02603602409362793,-0.010536909103393555,0.036572933197021484,0.12630292773246765,0.11354453212883575,0.026035964488983154,0.6
earth_science,RELER,63,2-10,0.2742043445820722,0.5,-0.12258374691009521,-0.151283860206604,0.02870011329650879,0.04274648427963257,0.054304846055510524,-0.12302666902542114,0.5
earth_science,RELER,64,2-10,0.08027921085181244,0.16666666666666669,0.005213737487792969,-0.04130333662033081,0.04651707410812378,0.0843653678894043,0.08202735453217348,-0.06675493717193604,0.8
earth_science,RELER,65,1,0.0,0.0,-0.061161041259765625,-0.036613404750823975,-0.02454763650894165,-0.0245475172996521,-0.028256587195308873,-0.061161041259765625,0.9
earth_science,RELER,66,2-10,0.31546487678572877,0.375,0.03942060470581055,0.032024085521698,0.007396519184112549,0.15541347861289978,0.1409478444586656,0.03942060470581055,0.4
earth_science,RELER,67,1,0.21723103198038807,0.0,-0.020141243934631348,0.007254540920257568,-0.027395784854888916,0.08266830444335938,0.07827961420763319,0.0325351357460022,0.5
earth_science,RELER,68,2-10,-0.09803928583135704,-0.1,-0.05619996786117554,-0.0659024715423584,0.009702503681182861,0.05276605486869812,0.0639018320296203,-0.044642359018325806,0.6
earth_science,RELER,69,1,0.026870409803294693,0.0,-0.04758191108703613,0.006652235984802246,-0.05423414707183838,0.29792293906211853,0.21242115273543344,-0.0427592396736145,0.7
earth_science,RELER,7,101+,0.6131471927654584,1.0,0.05261164903640747,-0.116504967212677,0.16911661624908447,0.3436742424964905,0.3724163917613541,0.015639007091522217,0.7
earth_science,RELER,70,2-10,0.018151675754469743,0.05714285714285716,0.06219375133514404,0.03554576635360718,0.026647984981536865,0.24776232242584229,0.238229375525021,0.08454683423042297,0.5
earth_science,RELER,71,1,-0.19309185543090962,-0.5,-0.10886996984481812,-0.04312041401863098,-0.06574955582618713,0.15609067678451538,0.11905631872882838,-0.08956044912338257,0.6
earth_science,RELER,72,2-10,0.440991481506792,0.5,0.14030158519744873,0.011130869388580322,0.1291707158088684,0.269982248544693,0.24029753039782398,0.09128308296203613,0.6
earth_science,RELER,73,1,0.01501411592651497,0.0,0.00406646728515625,0.0050604939460754395,-0.0009940266609191895,0.046902358531951904,0.05676784175399359,-0.03711786866188049,0.7
earth_science,RELER,74,1,0.0,0.0,0.11195492744445801,-0.014796078205108643,0.12675100564956665,0.36192914843559265,0.3050817006533355,0.0610804557800293,0.8
earth_science,RELER,75,1,0.0,0.0,0.08225727081298828,0.04822033643722534,0.03403693437576294,0.1049809455871582,0.11355467956407911,0.09555256366729736,0.6
earth_science,RELER,76,2-10,0.800307528522967,0.8333333333333334,0.010497033596038818,-0.12457960844039917,0.135076642036438,0.34394192695617676,0.2939359847119785,-0.0003027915954589844,0.7
earth_science,RELER,77,101+,0.0,0.0,-0.013086378574371338,0.004465937614440918,-0.017552316188812256,0.17417767643928528,0.1504355952312054,-0.15448890626430511,0.4
earth_science,RELER,78,11-100,0.0,0.0,-0.08978432416915894,-0.013400495052337646,-0.07638382911682129,-0.07638394832611084,-0.07592373392967629,-0.0910903811454773,0.8
earth_science,RELER,79,11-100,0.0,0.0,-0.19347244501113892,-0.053242623805999756,-0.14022982120513916,-0.1402297019958496,-0.10506402438537954,-0.1704488843679428,0.6
earth_science,RELER,8,2-10,0.5,0.6666666666666667,-0.012163698673248291,-0.18586695194244385,0.17370325326919556,0.2516487240791321,0.23419211695055026,-0.012163758277893066,0.7
earth_science,RELER,80,1,0.0,0.0,-0.0015783905982971191,-0.006031990051269531,0.004453599452972412,0.0808115005493164,0.0783314691226033,0.05266094207763672,0.6
earth_science,RELER,81,1,0.0,0.0,0.003942728042602539,-0.02808988094329834,0.03203260898590088,0.24717313051223755,0.31425035959598113,0.003942668437957764,0.7
earth_science,RELER,82,1,0.0,0.0,0.0701940655708313,0.05723518133163452,0.012958884239196777,0.04282188415527344,0.07254640286229871,0.08138024806976318,0.6
earth_science,RELER,83,1,0.12033513451003242,0.0,0.06398618221282959,-0.1308426856994629,0.19482886791229248,0.34414294362068176,0.27690931273816927,0.0435795783996582,0.7
earth_science,RELER,84,101+,0.0,0.0,-0.05137819051742554,-0.020884037017822266,-0.03049415349960327,0.3435898721218109,0.30869391335153584,-0.05137816071510315,0.6
earth_science,RELER,85,2-10,-0.03952524110717763,-0.16666666666666666,-0.08027246594429016,-0.03997164964675903,-0.04030081629753113,-0.03342020511627197,-0.031102592506032888,-0.12631654739379883,0.7
earth_science,RELER,86,1,-0.35125161163747765,0.0,0.020350098609924316,-0.16345030069351196,0.18380039930343628,0.11007240414619446,0.10947814582943204,-0.2130211591720581,0.6
earth_science,RELER,87,1,-0.36907024642854247,-0.5,-0.10955417156219482,-0.0025684237480163574,-0.10698574781417847,0.01609647274017334,0.0009669384894675226,-0.10955405235290527,0.6
earth_science,RELER,88,1,-0.07203883062568583,-0.5,0.04192143678665161,0.07180953025817871,-0.0298880934715271,0.13126212358474731,0.12395546578516028,0.030822694301605225,0.7
earth_science,RELER,89,101+,0.0,0.0,-0.09003779292106628,0.09886330366134644,-0.18890109658241272,0.012076079845428467,0.03063390747652009,-0.06664550304412842,0.4
earth_science,RELER,9,11-100,0.15130120674940672,0.3333333333333333,0.06919592618942261,-0.017676591873168945,0.08687251806259155,0.10551279783248901,0.12417252940377452,0.05140456557273865,0.7
earth_science,RELER,90,2-10,0.10913383361307416,0.25,0.007389068603515625,0.03752058744430542,-0.030131518840789795,0.10989212989807129,0.11402201944800128,-0.04078003764152527,0.7
earth_science,RELER,91,2-10,0.04027481967752369,0.0888888888888889,-0.0591166615486145,-0.0895458459854126,0.030429184436798096,0.19753038883209229,0.18415710177520642,-0.07326290011405945,0.5
earth_science,RELER,92,2-10,-0.10633668103022986,0.0,0.023241877555847168,0.028450310230255127,-0.005208432674407959,-0.11658889055252075,-0.1079622894011742,-0.036551058292388916,0.5
earth_science,RELER,93,2-10,0.1217540136747336,0.16666666666666666,0.038000285625457764,0.10885435342788696,-0.0708540678024292,-0.017145752906799316,-0.06669225202022713,0.03638565540313721,0.7
earth_science,RELER,94,101+,0.0,0.0,0.07797384262084961,-0.019953429698944092,0.0979272723197937,0.3789624273777008,0.3087885991032965,0.07797384262084961,0.6
earth_science,RELER,95,2-10,0.13012668333070054,0.0,-0.006335794925689697,-0.0120619535446167,0.005726158618927002,-0.00918269157409668,-0.002246416611721383,-0.04292571544647217,0.8
earth_science,RELER,96,2-10,0.37029133644382595,0.6666666666666667,-0.0020987391471862793,-0.02925187349319458,0.0271531343460083,0.2609900236129761,0.25918513605098514,-0.06196513772010803,0.8
earth_science,RELER,97,2-10,0.0205655539631949,0.04999999999999999,-0.14258599281311035,-0.1406138837337494,-0.001972109079360962,0.2591809928417206,0.23572511846918526,-0.13755249977111816,0.5
earth_science,RELER,98,1,0.039075217475442514,0.0,0.01693814992904663,-0.1045798659324646,0.12151801586151123,0.40617358684539795,0.3060660931554168,-0.004158496856689453,0.7
earth_science,RELER,99,11-100,0.0,0.0,-0.10020336508750916,-0.09624439477920532,-0.003958970308303833,-0.003959029912948608,0.007022738550493485,-0.10078972578048706,0.9
earth_science,Listwise,0,2-10,0.42857149598589017,0.8888888888888888,0.04604756832122803,-0.056782066822052,0.10282963514328003,0.10412520170211792,0.12351120806218734,0.017270922660827637,0.5
earth_science,Listwise,1,11-100,0.0,0.0,-0.06559616327285767,-0.04637646675109863,-0.019219696521759033,-0.019219636917114258,-0.018162993868962557,-0.06559610366821289,0.5
earth_science,Listwise,10,11-100,0.0,0.0,0.012006253004074097,-0.015597701072692871,0.027603954076766968,0.0362473726272583,0.03792573245565553,-0.021316826343536377,0.8
earth_science,Listwise,100,101+,0.0,0.0,0.020505785942077637,-0.0800703763961792,0.10057616233825684,0.29940441250801086,0.25551965220365247,0.020505785942077637,0.5
earth_science,Listwise,101,1,0.0,0.0,-0.089080810546875,-0.059123992919921875,-0.029956817626953125,-0.029956698417663574,-0.03626208039047368,-0.08226799964904785,0.7
earth_science,Listwise,102,101+,0.0,0.0,-0.028752416372299194,0.042604267597198486,-0.07135668396949768,0.07393687963485718,0.0752365535317071,-0.03664195537567139,0.5
earth_science,Listwise,103,11-100,0.2640681225725909,0.25,0.03921043872833252,-0.04885053634643555,0.08806097507476807,0.06727617979049683,0.07014748553656422,0.04918175935745239,0.6
earth_science,Listwise,104,1,0.0,0.0,-0.03552442789077759,-0.02590036392211914,-0.009624063968658447,0.27282536029815674,0.19928445024892236,-0.03290700912475586,0.9
earth_science,Listwise,105,101+,0.0,0.0,0.062406182289123535,0.0905798077583313,-0.028173625469207764,0.13230976462364197,0.12389335329855687,0.00778535008430481,0.5
earth_science,Listwise,106,1,0.0,0.0,0.037767231464385986,-0.033009886741638184,0.07077711820602417,0.34214210510253906,0.28880130717417596,-0.0015172064304351807,0.9
earth_science,Listwise,107,2-10,-0.01871390757658256,-0.05555555555555555,0.02320230007171631,0.05650615692138672,-0.03330385684967041,0.23275160789489746,0.27166690850839514,-0.08185720443725586,0.7
earth_science,Listwise,108,101+,0.0,0.0,-0.14220665395259857,0.04958444833755493,-0.1917910873889923,-0.1917911022901535,-0.13567403350421034,-0.14220665395259857,0.6
earth_science,Listwise,109,2-10,0.08173608522405151,0.25,0.0004379749298095703,0.01715022325515747,-0.0167122483253479,-0.04330861568450928,-0.04417630383617939,-0.060924261808395386,0.8
earth_science,Listwise,11,11-100,0.0,0.0,-0.01313677430152893,0.03640049695968628,-0.04953727126121521,-0.04953736066818237,-0.0761993471171851,-0.06499689817428589,0.6
earth_science,Listwise,110,101+,0.0,0.0,-0.16058456897735596,-0.135797381401062,-0.024787187576293945,0.07199376821517944,0.08196974647244375,-0.13445806503295898,0.6
earth_science,Listwise,111,11-100,0.5437713091520254,0.3333333333333333,-0.038029223680496216,-0.10550403594970703,0.06747481226921082,0.08709877729415894,0.09208115127677456,-0.006086081266403198,0.6
earth_science,Listwise,112,11-100,0.17723928678404774,0.1,0.03093254566192627,-0.04170060157775879,0.07263314723968506,0.19299054145812988,0.20087046009936893,0.03842952847480774,0.8
earth_science,Listwise,113,2-10,0.34902654363435226,0.5,-0.00798100233078003,-0.14265528321266174,0.1346742808818817,0.17220774292945862,0.13806001471814336,-0.0926271378993988,0.7
earth_science,Listwise,114,2-10,0.49295529581456415,0.8333333333333334,-0.01284635066986084,-0.08850613236427307,0.07565978169441223,0.03479248285293579,0.0328732095290316,-0.06078225374221802,0.7
earth_science,Listwise,115,101+,0.0,0.0,-0.14885291457176208,-0.13869529962539673,-0.010157614946365356,0.046462222933769226,0.06533653547764626,-0.1070706695318222,0.8
earth_science,Listwise,12,101+,0.0,0.0,0.04639917612075806,0.0522991418838501,-0.005899965763092041,0.007184863090515137,0.012777624988251135,-0.009320884943008423,0.7
earth_science,Listwise,13,2-10,0.23365080824310538,0.16666666666666669,0.07222360372543335,0.02555328607559204,0.04667031764984131,0.04667031764984131,0.06035255541034884,0.040045589208602905,0.8
earth_science,Listwise,14,11-100,0.6422813708518126,1.0,0.059876203536987305,-0.007628738880157471,0.06750494241714478,0.11269932985305786,0.10155245443990871,0.07121235132217407,0.7
earth_science,Listwise,15,11-100,0.0,0.0,-0.08206307888031006,-0.12410128116607666,0.0420382022857666,0.08561035990715027,0.0985230272784621,-0.06397861242294312,0.6
earth_science,Listwise,16,101+,0.06625422345438904,0.1111111111111111,0.12033382058143616,-0.15232425928115845,0.2726580798625946,0.27309393882751465,0.21084214689258102,0.012443125247955322,1.0
earth_science,Listwise,17,101+,0.16104258782393985,0.25,0.07811552286148071,-0.11003941297531128,0.188154935836792,0.4548780918121338,0.40433935420738476,-0.014775604009628296,0.7
earth_science,Listwise,18,2-10,0.14043273635213024,0.375,0.03619939088821411,-0.001066744327545166,0.03726613521575928,0.09434294700622559,0.09818151607332293,0.007104456424713135,0.8
earth_science,Listwise,19,2-10,0.29241474936565565,0.8,-0.08374547958374023,-0.14604514837265015,0.06229966878890991,-0.030210793018341064,-0.036904030581664096,-0.13335606455802917,0.6
earth_science,Listwise,2,2-10,0.2677390806779102,0.75,0.04000967741012573,-0.06792527437210083,0.10793495178222656,0.14574474096298218,0.1802487521723249,-0.01025998592376709,0.8
earth_science,Listwise,20,2-10,0.2614432242450502,0.6666666666666667,0.05656778812408447,-0.015540540218353271,0.07210832834243774,0.07210838794708252,0.10636712970995094,-0.020662158727645874,0.8
earth_science,Listwise,21,101+,0.10778915452451093,0.16666666666666666,0.13384121656417847,0.06301009654998779,0.07083112001419067,0.23286327719688416,0.21451408258855256,-0.005677759647369385,0.6
earth_science,Listwise,22,11-100,0.08514311764162101,0.2,-0.0032785534858703613,-0.05311864614486694,0.04984009265899658,0.08097821474075317,0.10327028015616727,-0.04749748110771179,0.8
earth_science,Listwise,23,11-100,0.10699313236726378,0.125,0.14538007974624634,0.016553521156311035,0.1288265585899353,0.12882667779922485,0.10837279827643276,0.04417988657951355,0.8
earth_science,Listwise,24,2-10,0.029141954055307714,0.125,0.0104522705078125,-0.026336371898651123,0.03678864240646362,0.036788761615753174,0.042535677818774556,-0.017127305269241333,0.8
earth_science,Listwise,25,2-10,0.08975401749023552,0.08333333333333334,-0.015383780002593994,-0.01804375648498535,0.0026599764823913574,0.15660211443901062,0.15971831031191303,-0.05597314238548279,0.7
earth_science,Listwise,26,2-10,0.07326603492688151,0.04999999999999999,-0.07207047939300537,-0.07453721761703491,0.002466738224029541,-0.028916358947753906,-0.033388975418481445,-0.012004286050796509,0.8
earth_science,Listwise,27,11-100,0.4936790360674166,1.0,-0.010982930660247803,-0.10060107707977295,0.08961814641952515,0.1555958390235901,0.14539389879569165,-0.04315519332885742,0.5
earth_science,Listwise,28,2-10,0.2703327692927854,0.6666666666666667,0.16019487380981445,0.08647114038467407,0.07372373342514038,0.11146914958953857,0.12395991914874599,-0.040290266275405884,0.6
earth_science,Listwise,29,101+,0.6281460426238845,0.5,0.08291029930114746,-0.029371976852416992,0.11228227615356445,0.3199532628059387,0.25255151666241465,0.037868499755859375,0.7
earth_science,Listwise,3,2-10,-0.08027921085181244,-0.16666666666666669,-0.11393582820892334,0.031826138496398926,-0.14576196670532227,-0.14576220512390137,-0.19335101808449356,0.013523340225219727,0.7
earth_science,Listwise,30,101+,0.0,0.0,0.023996710777282715,-0.047120094299316406,0.07111680507659912,0.1587880253791809,0.17485548799804806,-0.03001117706298828,0.5
earth_science,Listwise,31,2-10,0.4945622878885426,0.6666666666666667,0.06020987033843994,-0.011960864067077637,0.07217073440551758,0.15356409549713135,0.15983578211692043,0.062424302101135254,0.9
earth_science,Listwise,32,11-100,0.13886244387355456,0.5,0.0611305832862854,-0.020054876804351807,0.08118546009063721,0.13209250569343567,0.1101982054449896,0.01164594292640686,0.7
earth_science,Listwise,33,101+,0.09162544430476362,0.14285714285714285,0.09367629885673523,-0.03844839334487915,0.13212469220161438,0.16102176904678345,0.13732725661882217,0.03997141122817993,0.9
earth_science,Listwise,34,11-100,0.0,0.0,-0.028511643409729004,-0.09132224321365356,0.06281059980392456,0.185499370098114,0.1936572081537154,-0.04282665252685547,0.8
earth_science,Listwise,35,2-10,0.3685994568995646,0.6666666666666667,0.062152743339538574,-0.03314095735549927,0.09529370069503784,0.1407873034477234,0.18528618379424258,0.026416897773742676,0.7
earth_science,Listwise,36,1,0.0,0.0,-0.07410764694213867,-0.07657301425933838,0.002465367317199707,0.002465188503265381,0.00224308713882356,-0.13055261969566345,0.6
earth_science,Listwise,37,2-10,0.4028233718604487,0.75,0.04313129186630249,-0.10837829113006592,0.1515095829963684,0.15150970220565796,0.17919112787693703,0.02761024236679077,0.8
earth_science,Listwise,38,2-10,-0.13092975357145753,-0.16666666666666669,-0.005494177341461182,0.002525508403778076,-0.008019685745239258,0.45048823952674866,0.37146166690288634,-0.005494236946105957,0.5
earth_science,Listwise,39,1,0.08027921085181244,0.0,0.04710257053375244,-0.0035986900329589844,0.050701260566711426,0.05070143938064575,0.06619974176112105,0.03164398670196533,0.6
earth_science,Listwise,4,11-100,0.38685280723454163,0.2,-0.04232203960418701,-0.08377718925476074,0.04145514965057373,0.041455090045928955,0.06857758027850724,-0.04232209920883179,0.9
earth_science,Listwise,40,101+,0.0,0.0,-0.0763215720653534,-0.0556107759475708,-0.020710796117782593,-0.020710885524749756,0.0006077759278423633,-0.04240870475769043,0.6
earth_science,Listwise,41,1,-0.2043823975884861,0.0,0.047561466693878174,-0.07797098159790039,0.12553244829177856,0.3126679062843323,0.2747434420455819,-0.11990487575531006,0.6
earth_science,Listwise,42,2-10,-0.43067655807339306,-0.25,-0.09256631135940552,-0.030210793018341064,-0.06235551834106445,0.05134475231170654,0.04541967660322889,-0.09256631135940552,0.9
earth_science,Listwise,43,1,-0.3490790701928675,-0.75,-0.11904788017272949,0.0019128918647766113,-0.1209607720375061,-0.1209607720375061,-0.10452515841128504,-0.13514459133148193,0.7
earth_science,Listwise,44,11-100,0.0,0.0,-0.07188332080841064,-0.009052634239196777,-0.06283068656921387,0.023447275161743164,0.03174597207636824,-0.033535122871398926,0.6
earth_science,Listwise,45,2-10,-0.07385827304097113,-0.3,-0.07655733823776245,-0.01018911600112915,-0.0663682222366333,-0.015190720558166504,-0.005871567388689353,-0.17852307856082916,0.6
earth_science,Listwise,46,11-100,0.20210734650054757,0.25,0.0318182110786438,0.022970378398895264,0.008847832679748535,0.008847951889038086,-0.016289908981193396,-0.052739739418029785,0.7
earth_science,Listwise,47,1,0.024211945145077962,0.0,-0.006110668182373047,-0.07239758968353271,0.06628692150115967,0.11998492479324341,0.11161527854824632,-0.026285529136657715,0.9
earth_science,Listwise,48,101+,0.45749452618986164,0.25,0.09570160508155823,-0.04678159952163696,0.1424832046031952,0.4487660080194473,0.3720242680860397,0.11016672849655151,0.9
earth_science,Listwise,49,2-10,0.5693234419266069,0.75,0.01722705364227295,-0.09223306179046631,0.10946011543273926,0.17784947156906128,0.21240272723823173,0.01722705364227295,0.6
earth_science,Listwise,5,101+,0.0,0.0,0.11311975121498108,0.020414292812347412,0.09270545840263367,0.2429065704345703,0.2274465759615678,0.06723952293395996,0.6
earth_science,Listwise,50,2-10,-0.6309297535714575,-0.5,-0.11157017946243286,-0.030181467533111572,-0.08138871192932129,0.20198047161102295,0.21463526930043708,-0.11157023906707764,0.8
earth_science,Listwise,51,1,-0.08027921085181244,0.0,-0.0909760594367981,-0.05215096473693848,-0.03882509469985962,-0.03882521390914917,-0.05646864434278829,-0.09250509738922119,0.6
earth_science,Listwise,52,11-100,0.3562071871080222,0.16666666666666666,-0.011717051267623901,-0.02198082208633423,0.010263770818710327,0.2265702188014984,0.20690807900231134,-0.011717051267623901,0.7
earth_science,Listwise,53,2-10,-0.08027921085181244,-0.16666666666666669,-0.011368870735168457,-0.02285832166671753,0.011489450931549072,0.01148921251296997,0.018313971122075404,-0.06470680236816406,0.8
earth_science,Listwise,54,1,0.0,0.0,0.026428818702697754,-0.023195266723632812,0.049624085426330566,0.2632502317428589,0.21687928808967777,0.02642887830734253,0.7
earth_science,Listwise,55,2-10,-0.5,-0.3333333333333333,-0.22909218072891235,-0.21338224411010742,-0.01570993661880493,0.1912829577922821,0.22355375606040517,-0.22909212112426758,0.7
earth_science,Listwise,56,2-10,-0.018151675754469743,-0.05714285714285716,-0.022817015647888184,0.0017383098602294922,-0.024555325508117676,-0.0803789496421814,-0.07013376512274605,0.02948540449142456,0.7
earth_science,Listwise,57,1,-0.003253616990393088,-0.5,0.0680614709854126,0.09276419878005981,-0.024702727794647217,-0.06345194578170776,-0.06869906712005644,0.09642940759658813,0.5
earth_science,Listwise,58,11-100,0.0,0.0,-0.1849587857723236,-0.023649215698242188,-0.16130957007408142,-0.16130954027175903,-0.1006210267362832,-0.2061866968870163,0.9
earth_science,Listwise,59,2-10,0.3044671974905181,0.375,0.060864150524139404,0.0018889307975769043,0.0589752197265625,0.14302188158035278,0.16831699525278568,0.044033586978912354,0.8
earth_science,Listwise,6,2-10,0.045681104492962143,0.0,0.047205448150634766,0.027667343616485596,0.01953810453414917,0.03837549686431885,0.06755639476434572,0.021588802337646484,0.8
earth_science,Listwise,60,11-100,1.0,1.0,0.00791063904762268,-0.13319087028503418,0.14110150933265686,0.2753731608390808,0.23767240347820084,0.00791063904762268,0.8
earth_science,Listwise,61,101+,0.0,0.0,-0.08207349479198456,-0.1068265438079834,0.024753034114837646,0.034022390842437744,0.03548309687868362,-0.07072927802801132,0.6
earth_science,Listwise,62,1,0.0,0.0,0.017954647541046143,-0.04494035243988037,0.06289499998092651,0.10656791925430298,0.09517739186371921,0.017954707145690918,0.6
earth_science,Listwise,63,2-10,0.0,0.0,-0.12367969751358032,-0.10648143291473389,-0.017198264598846436,0.012989461421966553,0.01798321097627694,-0.135008305311203,0.7
earth_science,Listwise,64,2-10,0.0,0.0,-0.043494343757629395,-0.08160644769668579,0.038112103939056396,0.03811204433441162,0.04160570726804386,-0.10092970728874207,0.9
earth_science,Listwise,65,1,0.0,0.0,-0.03819608688354492,-0.06466352939605713,0.026467442512512207,0.026467561721801758,0.03523860153713694,-0.038196027278900146,0.9
earth_science,Listwise,66,2-10,0.31546487678572877,0.375,0.006231546401977539,-0.009913921356201172,0.01614546775817871,0.12713557481765747,0.11486158581619058,0.006231546401977539,0.6
earth_science,Listwise,67,1,0.20132604683997746,0.0,-0.029587388038635254,-0.026207685470581055,-0.0033797025680541992,0.011809289455413818,0.009901223433069296,0.008120715618133545,0.6
earth_science,Listwise,68,2-10,-0.09803928583135704,-0.1,-0.08094513416290283,-0.04017597436904907,-0.04076915979385376,0.0412958562374115,0.052060615504966185,-0.08082553744316101,0.6
earth_science,Listwise,69,1,0.026870409803294693,0.0,-0.041384339332580566,-0.03595060110092163,-0.0054337382316589355,0.20032769441604614,0.1469987544274794,-0.04636657238006592,0.9
earth_science,Listwise,7,101+,0.6131471927654584,1.0,0.025348663330078125,-0.14376795291900635,0.16911661624908447,0.25309574604034424,0.26959693799175144,-0.002343416213989258,0.7
earth_science,Listwise,70,2-10,0.10093286297665552,0.35714285714285715,0.07453262805938721,-0.019783079624176025,0.09431570768356323,0.19306164979934692,0.18589664164284245,0.0892152488231659,0.4
earth_science,Listwise,71,1,0.21515079688078376,0.0,-0.09562361240386963,-0.07367342710494995,-0.021950185298919678,0.07740840315818787,0.05807422448811681,-0.08265942335128784,0.5
earth_science,Listwise,72,2-10,0.41192012474645034,0.5,0.09173315763473511,-0.017326414585113525,0.10905957221984863,0.22172650694847107,0.19512841051483368,0.04978632926940918,0.7
earth_science,Listwise,73,1,-0.09803928583135707,0.0,-0.01696842908859253,-0.021365642547607422,0.004397213459014893,0.031267762184143066,0.035556547892733756,-0.04644843935966492,0.7
earth_science,Listwise,74,1,0.0,0.0,0.0985296368598938,-0.025288701057434082,0.12381833791732788,0.27423903346061707,0.24483172605148176,0.059285521507263184,0.8
earth_science,Listwise,75,1,0.0,0.0,0.04804253578186035,0.014837265014648438,0.033205270767211914,0.09774613380432129,0.09781907722945993,0.054831624031066895,0.7
earth_science,Listwise,76,2-10,0.7653606369886217,0.8333333333333334,-0.03183603286743164,-0.15604352951049805,0.1242074966430664,0.2321714162826538,0.20656618264617,-0.04312455654144287,0.7
earth_science,Listwise,77,101+,0.0,0.0,-0.05461961030960083,-0.017818808555603027,-0.0368008017539978,0.09188917279243469,0.08379721178702106,-0.15918084979057312,0.5
earth_science,Listwise,78,11-100,0.0,0.0,-0.08699461817741394,-0.04483109712600708,-0.04216352105140686,-0.039391517639160156,-0.03606272146017153,-0.10541641712188721,0.9
earth_science,Listwise,79,11-100,0.0,0.0,-0.18541747331619263,-0.017304837703704834,-0.1681126356124878,-0.16811257600784302,-0.12238675251011133,-0.1824234575033188,0.7
earth_science,Listwise,8,2-10,0.5,0.6666666666666667,0.004755377769470215,-0.1266922950744629,0.1314476728439331,0.1601126790046692,0.15608238151133064,0.004755258560180664,0.6
earth_science,Listwise,80,1,0.0,0.0,-0.009777307510375977,-0.05583178997039795,0.04605448246002197,0.04605448246002197,0.047172270683298434,0.022748053073883057,0.7
earth_science,Listwise,81,1,0.0,0.0,0.021700918674468994,-0.044600844383239746,0.06630176305770874,0.18620622158050537,0.2394458287493311,0.02170085906982422,0.8
earth_science,Listwise,82,1,0.0,0.0,0.05277609825134277,0.03864699602127075,0.014129102230072021,0.020505011081695557,0.03368733227687639,0.06725358963012695,0.6
earth_science,Listwise,83,1,0.12033513451003242,0.0,0.007981181144714355,-0.190792977809906,0.19877415895462036,0.21898818016052246,0.18236851402462717,0.006027698516845703,0.7
earth_science,Listwise,84,101+,0.0,0.0,-0.06860354542732239,-0.04220002889633179,-0.0264035165309906,0.2532476782798767,0.23977605970738158,-0.068603515625,0.7
earth_science,Listwise,85,2-10,-0.03952524110717763,-0.16666666666666666,-0.0632551908493042,-0.040279924869537354,-0.022975265979766846,-0.01503688097000122,-0.013993498765769974,-0.09421095252037048,0.7
earth_science,Listwise,86,1,-0.2304403089379834,0.0,0.04892623424530029,-0.1170821487903595,0.1660083830356598,0.12671881914138794,0.1245276489711948,-0.1487756371498108,0.7
earth_science,Listwise,87,1,0.0,0.0,-0.0987546443939209,-0.029671072959899902,-0.069083571434021,0.02255725860595703,0.013457795731298655,-0.0987544059753418,0.7
earth_science,Listwise,88,1,-0.07203883062568583,-0.5,0.030217409133911133,0.0535426139831543,-0.023325204849243164,0.14357280731201172,0.12925881357252114,0.018849551677703857,0.7
earth_science,Listwise,89,101+,0.0,0.0,-0.1170409768819809,0.07088637351989746,-0.18792733550071716,-0.050812751054763794,-0.016732824662644002,-0.11741369962692261,0.4
earth_science,Listwise,9,11-100,0.11706259313796354,0.2,0.019538938999176025,-0.05045086145401001,0.06998980045318604,0.06998974084854126,0.0841009784382234,0.014159590005874634,0.7
earth_science,Listwise,90,2-10,-0.19533336387744393,-0.125,-0.02658987045288086,0.019063293933868408,-0.04565316438674927,0.05609440803527832,0.05927532533574681,-0.07226818799972534,0.8
earth_science,Listwise,91,2-10,0.0,0.0,-0.08447206020355225,-0.1250443458557129,0.040572285652160645,0.14480537176132202,0.14253219933117217,-0.1078718900680542,0.8
earth_science,Listwise,92,2-10,-0.12680654863562496,-0.08333333333333334,-0.008797526359558105,0.0019756555557250977,-0.010773181915283203,-0.10570335388183594,-0.09394310237334727,-0.07804381847381592,0.5
earth_science,Listwise,93,2-10,0.06645537306809979,0.08333333333333334,0.015323638916015625,0.0879548192024231,-0.07263118028640747,-0.027637898921966553,-0.07199170755798165,0.012717604637145996,0.8
earth_science,Listwise,94,101+,0.0,0.0,0.01472485065460205,-0.06076192855834961,0.07548677921295166,0.24406787753105164,0.20649996691773773,0.014724820852279663,0.7
earth_science,Listwise,95,2-10,0.08964768089898686,-0.07500000000000001,-0.02529430389404297,-0.005945384502410889,-0.01934891939163208,0.0009979605674743652,0.006430130925917182,-0.03455030918121338,0.8
earth_science,Listwise,96,2-10,0.40179981797758046,0.6666666666666667,-0.0017818808555603027,-0.016703307628631592,0.014921426773071289,0.2573947310447693,0.24795796831187591,-0.06172984838485718,0.8
earth_science,Listwise,97,2-10,0.0205655539631949,0.04999999999999999,-0.15909147262573242,-0.17624908685684204,0.01715761423110962,0.16287168860435486,0.15371145877315073,-0.1496167778968811,0.6
earth_science,Listwise,98,1,0.039075217475442514,0.0,0.015141606330871582,-0.09976053237915039,0.11490213871002197,0.14018315076828003,0.12753682373882622,-0.013288021087646484,0.7
earth_science,Listwise,99,11-100,0.0,0.0,-0.09238895773887634,-0.041435062885284424,-0.05095389485359192,-0.05095392465591431,-0.03521941773587736,-0.09811344742774963,0.9
robotics,E0,0,101+,0.0,0.0,0.0,0.0,0.0,0.0,0.0,0.0,1.0
robotics,E0,1,101+,0.0,0.0,0.0,0.0,0.0,0.0,0.0,0.0,1.0
robotics,E0,10,11-100,0.0,0.0,0.0,0.0,0.0,0.0,0.0,0.0,1.0
robotics,E0,100,101+,0.0,0.0,0.0,0.0,0.0,0.0,0.0,0.0,1.0
robotics,E0,11,11-100,0.0,0.0,0.0,0.0,0.0,0.0,0.0,0.0,1.0
robotics,E0,12,11-100,0.0,0.0,0.0,0.0,0.0,0.0,0.0,0.0,1.0
robotics,E0,13,101+,0.0,0.0,0.0,0.0,0.0,0.0,0.0,0.0,1.0
robotics,E0,14,101+,0.0,0.0,0.0,0.0,0.0,0.0,0.0,0.0,1.0
robotics,E0,15,11-100,0.0,0.0,0.0,0.0,0.0,0.0,0.0,0.0,1.0
robotics,E0,16,11-100,0.0,0.0,0.0,0.0,0.0,0.0,0.0,0.0,1.0
robotics,E0,17,11-100,0.0,0.0,0.0,0.0,0.0,0.0,0.0,0.0,1.0
robotics,E0,18,2-10,0.0,0.0,0.0,0.0,0.0,0.0,0.0,0.0,1.0
robotics,E0,19,101+,0.0,0.0,0.0,0.0,0.0,0.0,0.0,0.0,1.0
robotics,E0,2,11-100,0.0,0.0,0.0,0.0,0.0,0.0,0.0,0.0,1.0
robotics,E0,20,2-10,0.0,0.0,0.0,0.0,0.0,0.0,0.0,0.0,1.0
robotics,E0,21,101+,0.0,0.0,0.0,0.0,0.0,0.0,0.0,0.0,1.0
robotics,E0,22,11-100,0.0,0.0,0.0,0.0,0.0,0.0,0.0,0.0,1.0
robotics,E0,23,101+,0.0,0.0,0.0,0.0,0.0,0.0,0.0,0.0,1.0
robotics,E0,24,11-100,0.0,0.0,0.0,0.0,0.0,0.0,0.0,0.0,1.0
robotics,E0,25,11-100,0.0,0.0,0.0,0.0,0.0,0.0,0.0,0.0,1.0
robotics,E0,26,11-100,0.0,0.0,0.0,0.0,0.0,0.0,0.0,0.0,1.0
robotics,E0,27,1,0.0,0.0,0.0,0.0,0.0,0.0,0.0,0.0,1.0
robotics,E0,28,11-100,0.0,0.0,0.0,0.0,0.0,0.0,0.0,0.0,1.0
robotics,E0,29,11-100,0.0,0.0,0.0,0.0,0.0,0.0,0.0,0.0,1.0
robotics,E0,3,11-100,0.0,0.0,0.0,0.0,0.0,0.0,0.0,0.0,1.0
robotics,E0,30,101+,0.0,0.0,0.0,0.0,0.0,0.0,0.0,0.0,1.0
robotics,E0,31,2-10,0.0,0.0,0.0,0.0,0.0,0.0,0.0,0.0,1.0
robotics,E0,32,101+,0.0,0.0,0.0,0.0,0.0,0.0,0.0,0.0,1.0
robotics,E0,33,101+,0.0,0.0,0.0,0.0,0.0,0.0,0.0,0.0,1.0
robotics,E0,34,101+,0.0,0.0,0.0,0.0,0.0,0.0,0.0,0.0,1.0
robotics,E0,35,101+,0.0,0.0,0.0,0.0,0.0,0.0,0.0,0.0,1.0
robotics,E0,36,2-10,0.0,0.0,0.0,0.0,0.0,0.0,0.0,0.0,1.0
robotics,E0,37,101+,0.0,0.0,0.0,0.0,0.0,0.0,0.0,0.0,1.0
robotics,E0,38,2-10,0.0,0.0,0.0,0.0,0.0,0.0,0.0,0.0,1.0
robotics,E0,39,11-100,0.0,0.0,0.0,0.0,0.0,0.0,0.0,0.0,1.0
robotics,E0,4,2-10,0.0,0.0,0.0,0.0,0.0,0.0,0.0,0.0,1.0
robotics,E0,40,11-100,0.0,0.0,0.0,0.0,0.0,0.0,0.0,0.0,1.0
robotics,E0,41,101+,0.0,0.0,0.0,0.0,0.0,0.0,0.0,0.0,1.0
robotics,E0,42,101+,0.0,0.0,0.0,0.0,0.0,0.0,0.0,0.0,1.0
robotics,E0,43,11-100,0.0,0.0,0.0,0.0,0.0,0.0,0.0,0.0,1.0
robotics,E0,44,101+,0.0,0.0,0.0,0.0,0.0,0.0,0.0,0.0,1.0
robotics,E0,45,1,0.0,0.0,0.0,0.0,0.0,0.0,0.0,0.0,1.0
robotics,E0,46,11-100,0.0,0.0,0.0,0.0,0.0,0.0,0.0,0.0,1.0
robotics,E0,47,1,0.0,0.0,0.0,0.0,0.0,0.0,0.0,0.0,1.0
robotics,E0,48,2-10,0.0,0.0,0.0,0.0,0.0,0.0,0.0,0.0,1.0
robotics,E0,49,11-100,0.0,0.0,0.0,0.0,0.0,0.0,0.0,0.0,1.0
robotics,E0,5,101+,0.0,0.0,0.0,0.0,0.0,0.0,0.0,0.0,1.0
robotics,E0,50,11-100,0.0,0.0,0.0,0.0,0.0,0.0,0.0,0.0,1.0
robotics,E0,51,101+,0.0,0.0,0.0,0.0,0.0,0.0,0.0,0.0,1.0
robotics,E0,52,101+,0.0,0.0,0.0,0.0,0.0,0.0,0.0,0.0,1.0
robotics,E0,53,101+,0.0,0.0,0.0,0.0,0.0,0.0,0.0,0.0,1.0
robotics,E0,54,11-100,0.0,0.0,0.0,0.0,0.0,0.0,0.0,0.0,1.0
robotics,E0,55,101+,0.0,0.0,0.0,0.0,0.0,0.0,0.0,0.0,1.0
robotics,E0,56,101+,0.0,0.0,0.0,0.0,0.0,0.0,0.0,0.0,1.0
robotics,E0,57,101+,0.0,0.0,0.0,0.0,0.0,0.0,0.0,0.0,1.0
robotics,E0,58,101+,0.0,0.0,0.0,0.0,0.0,0.0,0.0,0.0,1.0
robotics,E0,59,2-10,0.0,0.0,0.0,0.0,0.0,0.0,0.0,0.0,1.0
robotics,E0,6,2-10,0.0,0.0,0.0,0.0,0.0,0.0,0.0,0.0,1.0
robotics,E0,60,101+,0.0,0.0,0.0,0.0,0.0,0.0,0.0,0.0,1.0
robotics,E0,61,11-100,0.0,0.0,0.0,0.0,0.0,0.0,0.0,0.0,1.0
robotics,E0,62,11-100,0.0,0.0,0.0,0.0,0.0,0.0,0.0,0.0,1.0
robotics,E0,63,1,0.0,0.0,0.0,0.0,0.0,0.0,0.0,0.0,1.0
robotics,E0,64,2-10,0.0,0.0,0.0,0.0,0.0,0.0,0.0,0.0,1.0
robotics,E0,65,11-100,0.0,0.0,0.0,0.0,0.0,0.0,0.0,0.0,1.0
robotics,E0,66,101+,0.0,0.0,0.0,0.0,0.0,0.0,0.0,0.0,1.0
robotics,E0,67,101+,0.0,0.0,0.0,0.0,0.0,0.0,0.0,0.0,1.0
robotics,E0,68,1,0.0,0.0,0.0,0.0,0.0,0.0,0.0,0.0,1.0
robotics,E0,69,11-100,0.0,0.0,0.0,0.0,0.0,0.0,0.0,0.0,1.0
robotics,E0,7,2-10,0.0,0.0,0.0,0.0,0.0,0.0,0.0,0.0,1.0
robotics,E0,70,1,0.0,0.0,0.0,0.0,0.0,0.0,0.0,0.0,1.0
robotics,E0,71,101+,0.0,0.0,0.0,0.0,0.0,0.0,0.0,0.0,1.0
robotics,E0,72,11-100,0.0,0.0,0.0,0.0,0.0,0.0,0.0,0.0,1.0
robotics,E0,73,11-100,0.0,0.0,0.0,0.0,0.0,0.0,0.0,0.0,1.0
robotics,E0,74,101+,0.0,0.0,0.0,0.0,0.0,0.0,0.0,0.0,1.0
robotics,E0,75,2-10,0.0,0.0,0.0,0.0,0.0,0.0,0.0,0.0,1.0
robotics,E0,76,101+,0.0,0.0,0.0,0.0,0.0,0.0,0.0,0.0,1.0
robotics,E0,77,101+,0.0,0.0,0.0,0.0,0.0,0.0,0.0,0.0,1.0
robotics,E0,78,1,0.0,0.0,0.0,0.0,0.0,0.0,0.0,0.0,1.0
robotics,E0,79,101+,0.0,0.0,0.0,0.0,0.0,0.0,0.0,0.0,1.0
robotics,E0,8,11-100,0.0,0.0,0.0,0.0,0.0,0.0,0.0,0.0,1.0
robotics,E0,80,101+,0.0,0.0,0.0,0.0,0.0,0.0,0.0,0.0,1.0
robotics,E0,81,101+,0.0,0.0,0.0,0.0,0.0,0.0,0.0,0.0,1.0
robotics,E0,82,101+,0.0,0.0,0.0,0.0,0.0,0.0,0.0,0.0,1.0
robotics,E0,83,11-100,0.0,0.0,0.0,0.0,0.0,0.0,0.0,0.0,1.0
robotics,E0,84,1,0.0,0.0,0.0,0.0,0.0,0.0,0.0,0.0,1.0
robotics,E0,85,11-100,0.0,0.0,0.0,0.0,0.0,0.0,0.0,0.0,1.0
robotics,E0,86,11-100,0.0,0.0,0.0,0.0,0.0,0.0,0.0,0.0,1.0
robotics,E0,87,101+,0.0,0.0,0.0,0.0,0.0,0.0,0.0,0.0,1.0
robotics,E0,88,101+,0.0,0.0,0.0,0.0,0.0,0.0,0.0,0.0,1.0
robotics,E0,89,101+,0.0,0.0,0.0,0.0,0.0,0.0,0.0,0.0,1.0
robotics,E0,9,101+,0.0,0.0,0.0,0.0,0.0,0.0,0.0,0.0,1.0
robotics,E0,90,11-100,0.0,0.0,0.0,0.0,0.0,0.0,0.0,0.0,1.0
robotics,E0,91,1,0.0,0.0,0.0,0.0,0.0,0.0,0.0,0.0,1.0
robotics,E0,92,2-10,0.0,0.0,0.0,0.0,0.0,0.0,0.0,0.0,1.0
robotics,E0,93,1,0.0,0.0,0.0,0.0,0.0,0.0,0.0,0.0,1.0
robotics,E0,94,1,0.0,0.0,0.0,0.0,0.0,0.0,0.0,0.0,1.0
robotics,E0,95,101+,0.0,0.0,0.0,0.0,0.0,0.0,0.0,0.0,1.0
robotics,E0,96,101+,0.0,0.0,0.0,0.0,0.0,0.0,0.0,0.0,1.0
robotics,E0,97,101+,0.0,0.0,0.0,0.0,0.0,0.0,0.0,0.0,1.0
robotics,E0,98,101+,0.0,0.0,0.0,0.0,0.0,0.0,0.0,0.0,1.0
robotics,E0,99,2-10,0.0,0.0,0.0,0.0,0.0,0.0,0.0,0.0,1.0
robotics,InfoNCE,0,101+,0.0,0.0,0.2314789891242981,0.0789596438407898,0.1525193452835083,0.18269330263137817,0.11835731277113803,0.22948849201202393,0.5
robotics,InfoNCE,1,101+,0.0,0.0,0.36834731698036194,0.11928224563598633,0.2490650713443756,0.2617695927619934,0.21962112420319324,0.4048142731189728,0.8
robotics,InfoNCE,10,11-100,0.611019150498302,1.0,0.24258136749267578,0.1481996774673462,0.09438169002532959,0.17173641920089722,0.24889181815881217,0.24046114087104797,0.4
robotics,InfoNCE,100,101+,0.0,0.0,0.2538296580314636,0.16245079040527344,0.09137886762619019,0.2799539566040039,0.31205061020784697,0.2538297176361084,0.7
robotics,InfoNCE,11,11-100,0.0,0.0,0.13699334859848022,0.06266534328460693,0.07432800531387329,0.2075444459915161,0.2074581926214883,0.136993408203125,0.4
robotics,InfoNCE,12,11-100,0.08671382849411972,0.125,0.25854092836380005,0.14297139644622803,0.11556953191757202,0.11556971073150635,0.10121339722710232,0.2354508340358734,0.9
robotics,InfoNCE,13,101+,0.0,0.0,0.3047600984573364,0.16285467147827148,0.14190542697906494,0.34947842359542847,0.2881908324771342,0.3047599196434021,0.5
robotics,InfoNCE,14,101+,0.0,0.0,0.23295390605926514,0.13750970363616943,0.0954442024230957,0.33540329337120056,0.31884672021012306,0.30390995740890503,0.4
robotics,InfoNCE,15,11-100,0.0,0.0,0.1269577145576477,0.09271329641342163,0.034244418144226074,0.04460012912750244,0.050397451172210325,0.12695777416229248,0.6
robotics,InfoNCE,16,11-100,0.5834330535576522,1.0,0.23796403408050537,0.17374253273010254,0.06422150135040283,0.15942251682281494,0.20213235125204843,0.32903432846069336,0.7
robotics,InfoNCE,17,11-100,0.10699313236726378,0.125,0.12491846084594727,0.07316642999649048,0.05175203084945679,0.12457156181335449,0.15813381316965394,0.15488427877426147,0.9
robotics,InfoNCE,18,2-10,0.37594947999616213,0.5,0.08919072151184082,0.0615273118019104,0.02766340970993042,0.0867202877998352,0.23623995910201584,0.10701978206634521,0.7
robotics,InfoNCE,19,101+,0.3562071871080222,0.16666666666666666,0.2414538860321045,0.06546288728713989,0.1759909987449646,0.3081938624382019,0.3476624644711964,0.2414538860321045,0.6
robotics,InfoNCE,2,11-100,0.0,0.0,0.02868175506591797,0.02263462543487549,0.0060471296310424805,0.040052592754364014,0.05955098423653278,0.0713188648223877,0.6
robotics,InfoNCE,20,2-10,0.09087456915245543,0.5,0.11800247430801392,0.11293900012969971,0.005063474178314209,0.06358492374420166,0.08551173639350597,0.14537084102630615,0.6
robotics,InfoNCE,21,101+,0.0,0.0,0.14229649305343628,0.09828543663024902,0.044011056423187256,0.044011056423187256,0.027540735281637335,0.14229655265808105,0.6
robotics,InfoNCE,22,11-100,0.2890648263178879,0.1,0.22395628690719604,0.16826319694519043,0.055693089962005615,0.17836755514144897,0.18251318044324055,0.2239561676979065,0.7
robotics,InfoNCE,23,101+,0.0,0.0,0.22481948137283325,0.1502576470375061,0.07456183433532715,0.08878368139266968,0.07863141010073409,0.22481954097747803,0.6
robotics,InfoNCE,24,11-100,0.2200917662980802,1.0,0.25512880086898804,0.1724088191986084,0.08271998167037964,0.19203472137451172,0.24022398640384296,0.2448132336139679,0.6
robotics,InfoNCE,25,11-100,0.0,0.0,0.29302895069122314,0.1453789472579956,0.14765000343322754,0.1882651448249817,0.18567850534414648,0.2930288314819336,0.6
robotics,InfoNCE,26,11-100,0.15130120674940672,0.3333333333333333,0.13311439752578735,0.06840533018112183,0.06470906734466553,0.22864598035812378,0.3164922248067761,0.20421314239501953,0.4
robotics,InfoNCE,27,1,-0.18247040964605554,0.0,0.10765767097473145,0.10754638910293579,0.0001112818717956543,0.014712512493133545,0.04607276276144055,0.0890113115310669,0.7
robotics,InfoNCE,28,11-100,0.0,0.0,0.12786507606506348,0.03754478693008423,0.09032028913497925,0.14834505319595337,0.2428474275820973,0.19039130210876465,0.6
robotics,InfoNCE,29,11-100,0.6309297535714575,0.5,0.30222010612487793,0.17883265018463135,0.12338745594024658,0.2202845811843872,0.3497516404329528,0.30222010612487793,0.7
robotics,InfoNCE,3,11-100,0.23719771276929622,0.2,0.19234031438827515,0.08209574222564697,0.11024457216262817,0.09502142667770386,0.10592048241948372,0.17998307943344116,0.6
robotics,InfoNCE,30,101+,0.0,0.0,0.22211730480194092,0.07892221212387085,0.14319509267807007,0.18062251806259155,0.1697803913010047,0.23950785398483276,0.6
robotics,InfoNCE,31,2-10,-0.23719771276929622,-0.2,0.14683222770690918,0.18723785877227783,-0.04040563106536865,0.02495640516281128,0.030607237329860718,0.15803134441375732,0.4
robotics,InfoNCE,32,101+,0.0,0.0,0.23576319217681885,0.1573960781097412,0.07836711406707764,0.08323973417282104,0.03201573735260943,0.2847501039505005,0.6
robotics,InfoNCE,33,101+,0.0,0.0,0.25992873311042786,0.14271163940429688,0.11721709370613098,0.37583452463150024,0.35885319665501236,0.2589573562145233,0.5
robotics,InfoNCE,34,101+,0.0,0.0,0.24919968843460083,0.10722726583480835,0.14197242259979248,0.14197230339050293,0.07224073812557225,0.24919956922531128,0.7
robotics,InfoNCE,35,101+,0.0,0.0,0.2121748924255371,0.16462945938110352,0.047545433044433594,0.20518186688423157,0.1950444621698774,0.1843295693397522,0.6
robotics,InfoNCE,36,2-10,0.3490790701928675,0.75,0.20077389478683472,0.12638670206069946,0.07438719272613525,0.2583543658256531,0.31058647134567885,0.210732102394104,0.6
robotics,InfoNCE,37,101+,0.0,0.0,0.1815984845161438,0.080655038356781,0.10094344615936279,0.11039602756500244,0.06259086318911875,0.18159854412078857,0.3
robotics,InfoNCE,38,2-10,0.0670909759580096,0.3,0.10363113880157471,0.03629720211029053,0.06733393669128418,0.06733381748199463,0.07368664589960593,0.18489670753479004,0.6
robotics,InfoNCE,39,11-100,0.0,0.0,0.1828572154045105,0.07682859897613525,0.10602861642837524,0.13646644353866577,0.1647898456320981,0.23530539870262146,0.6
robotics,InfoNCE,4,2-10,-0.20025319549806447,-0.25,0.18469512462615967,0.22961419820785522,-0.04491907358169556,0.14395493268966675,0.2193358001913628,0.18469512462615967,0.3
robotics,InfoNCE,40,11-100,0.0,0.0,0.12030923366546631,0.12401026487350464,-0.00370103120803833,0.03294980525970459,0.016434581358689845,0.1849103569984436,0.7
robotics,InfoNCE,41,101+,0.0,0.0,0.4366677701473236,0.013972759246826172,0.42269501090049744,0.48212286829948425,0.41575406838110773,0.4599781632423401,0.8
robotics,InfoNCE,42,101+,0.0,0.0,0.19053053855895996,0.1262814998626709,0.06424903869628906,0.19802260398864746,0.22144452004168846,0.2291530966758728,0.8
robotics,InfoNCE,43,11-100,0.0,0.0,0.09618836641311646,0.10527992248535156,-0.009091556072235107,0.13806629180908203,0.16037899051495985,0.20851728320121765,0.6
robotics,InfoNCE,44,101+,0.0,0.0,0.2857714295387268,0.15325474739074707,0.13251668214797974,0.3147287964820862,0.3337800475614515,0.28946900367736816,0.5
robotics,InfoNCE,45,1,-0.1496550944652454,0.0,0.11078506708145142,0.11265689134597778,-0.0018718242645263672,-0.0018717050552368164,0.011088127196106044,0.08957046270370483,0.7
robotics,InfoNCE,46,11-100,1.0,1.0,0.19377434253692627,0.10843873023986816,0.0853356122970581,0.334068238735199,0.3644149048027448,0.19377434253692627,0.4
robotics,InfoNCE,47,1,0.29047279550897565,0.0,0.23351842164993286,0.20209449529647827,0.03142392635345459,0.03309983015060425,0.06828539225116351,0.27160435914993286,0.8
robotics,InfoNCE,48,2-10,-0.20438239758848611,-0.14285714285714285,0.15230953693389893,0.14472180604934692,0.007587730884552002,0.1667460799217224,0.19189427367221223,0.1453070044517517,0.5
robotics,InfoNCE,49,11-100,0.3333333333333333,0.14285714285714285,0.1300920844078064,0.059170663356781006,0.07092142105102539,0.25497859716415405,0.31598299563290355,0.13009202480316162,0.7
robotics,InfoNCE,5,101+,0.0,0.0,0.17553174495697021,0.04623669385910034,0.12929505109786987,0.17126280069351196,0.19215540909494705,0.18675869703292847,0.5
robotics,InfoNCE,50,11-100,0.349966777951421,1.0,0.2370263934135437,0.12000489234924316,0.11702150106430054,0.0792880654335022,0.08220510465266474,0.23756814002990723,0.5
robotics,InfoNCE,51,101+,0.0,0.0,0.25696825981140137,0.13671982288360596,0.12024843692779541,0.28842413425445557,0.289556587057954,0.2569682002067566,0.5
robotics,InfoNCE,52,101+,0.0,0.0,0.28585827350616455,0.10099649429321289,0.18486177921295166,0.357391893863678,0.37466100633057037,0.28585827350616455,0.8
robotics,InfoNCE,53,101+,0.0,0.0,0.33953946828842163,0.1538102626800537,0.18572920560836792,0.26530712842941284,0.23381860362873913,0.33973631262779236,0.5
robotics,InfoNCE,54,11-100,0.26687965254220064,0.25,0.20328325033187866,0.05793231725692749,0.14535093307495117,0.2814396023750305,0.3226658365246753,0.29726263880729675,0.7
robotics,InfoNCE,55,101+,0.0,0.0,0.1554458737373352,0.13235211372375488,0.023093760013580322,0.04565846920013428,-0.009231412750040469,0.14277023077011108,0.7
robotics,InfoNCE,56,101+,0.0,0.0,0.22716155648231506,0.11989414691925049,0.10726740956306458,0.10726743936538696,0.03789216035636425,0.22716152667999268,0.4
robotics,InfoNCE,57,101+,0.0,0.0,0.16666901111602783,0.14915823936462402,0.01751077175140381,0.12034827470779419,0.10506801551451364,0.16666901111602783,0.8
robotics,InfoNCE,58,101+,0.0,0.0,0.08451545238494873,0.02842479944229126,0.05609065294265747,0.19008493423461914,0.21630702434078497,0.12570691108703613,0.8
robotics,InfoNCE,59,2-10,0.010266311949043483,-0.3,0.12764018774032593,0.14006346464157104,-0.012423276901245117,0.07676482200622559,0.11291683724977085,0.2353959083557129,0.4
robotics,InfoNCE,6,2-10,0.6934264036172708,0.6666666666666667,0.11722111701965332,0.10322356224060059,0.013997554779052734,0.28824305534362793,0.30999314520308446,0.16107237339019775,0.3
robotics,InfoNCE,60,101+,0.0,0.0,0.23536133766174316,0.12578219175338745,0.10957914590835571,0.23114460706710815,0.2698706353497471,0.2353615164756775,0.8
robotics,InfoNCE,61,11-100,0.43067655807339306,0.25,0.213922917842865,0.13070833683013916,0.08321458101272583,0.15115946531295776,0.16670445726796926,0.213922917842865,0.6
robotics,InfoNCE,62,11-100,0.0,0.0,0.13125675916671753,0.05128973722457886,0.07996702194213867,0.07846200466156006,0.07061105170457128,0.22229087352752686,0.7
robotics,InfoNCE,63,1,-0.6437928128919779,-0.8333333333333334,0.016219139099121094,0.07683318853378296,-0.060614049434661865,-0.060614168643951416,-0.152996960235378,0.016219139099121094,0.7
robotics,InfoNCE,64,2-10,-0.24630238874073,-0.5,0.07987266778945923,0.11215507984161377,-0.03228241205215454,-0.03228271007537842,-0.05024139362928841,0.13275104761123657,0.7
robotics,InfoNCE,65,11-100,0.43067655807339306,0.25,0.17336159944534302,0.11488831043243408,0.058473289012908936,0.07914918661117554,0.10561888153714527,0.17336148023605347,0.5
robotics,InfoNCE,66,101+,0.0,0.0,0.17107373476028442,0.13699322938919067,0.03408050537109375,0.08026647567749023,0.06875417020262403,0.23399445414543152,0.5
robotics,InfoNCE,67,101+,0.0,0.0,0.22575592994689941,0.15226894617080688,0.07348698377609253,0.2417893409729004,0.19817406783181468,0.22575587034225464,0.6
robotics,InfoNCE,68,1,-0.4252084336260239,-0.6666666666666667,0.07698953151702881,0.18804609775543213,-0.11105656623840332,-0.0006620287895202637,0.004426405252587945,0.1866973638534546,0.6
robotics,InfoNCE,69,11-100,0.0,0.0,0.174083411693573,0.14325803518295288,0.030825376510620117,0.1807149052619934,0.21982724112992155,0.20871907472610474,0.4
robotics,InfoNCE,7,2-10,-0.1100458831490401,-0.3333333333333333,0.08848994970321655,0.12278616428375244,-0.03429621458053589,0.10299533605575562,0.17410238987169405,0.1730632185935974,0.6
robotics,InfoNCE,70,1,-0.17696340756432305,-0.8333333333333334,0.08314567804336548,0.1484522819519043,-0.06530660390853882,0.16613447666168213,0.17942241951097312,0.20339444279670715,0.6
robotics,InfoNCE,71,101+,0.0,0.0,0.1850873827934265,0.1646559238433838,0.020431458950042725,0.23857009410858154,0.2570022627797393,0.18508750200271606,0.7
robotics,InfoNCE,72,11-100,0.0,0.0,0.18400639295578003,0.11937642097473145,0.06462997198104858,0.06462991237640381,0.05321363846468824,0.2011532187461853,0.8
robotics,InfoNCE,73,11-100,0.38824405276699103,1.0,0.1468445062637329,0.04632866382598877,0.10051584243774414,0.17122536897659302,0.250057450110534,0.21478748321533203,0.7
robotics,InfoNCE,74,101+,0.0,0.0,0.36188825964927673,0.10376012325286865,0.2581281363964081,0.34006667137145996,0.27224716663437587,0.36188817024230957,0.8
robotics,InfoNCE,75,2-10,0.3174769236211087,0.16666666666666669,0.08693450689315796,0.08987706899642944,-0.0029425621032714844,0.04062926769256592,0.07704859712573403,0.11239051818847656,0.7
robotics,InfoNCE,76,101+,0.0,0.0,0.30402642488479614,0.12861716747283936,0.1754092574119568,0.22070837020874023,0.19574408567139384,0.30402636528015137,0.6
robotics,InfoNCE,77,101+,0.0,0.0,0.17399489879608154,0.08330142498016357,0.09069347381591797,0.2758873701095581,0.3620818614083138,0.20269179344177246,0.6
robotics,InfoNCE,78,1,-0.334264468029264,-0.875,0.05431675910949707,0.14850658178329468,-0.09418982267379761,-0.05231213569641113,-0.062450414698247206,0.11454176902770996,0.2
robotics,InfoNCE,79,101+,0.0,0.0,0.31598973274230957,0.1377478837966919,0.17824184894561768,0.24096360802650452,0.2110863638698424,0.31598958373069763,0.9
robotics,InfoNCE,8,11-100,0.7246262544989281,1.0,0.28642213344573975,0.12139183282852173,0.16503030061721802,0.30977070331573486,0.35459941782960813,0.3044887185096741,0.3
robotics,InfoNCE,80,101+,0.08372491399919348,0.16666666666666666,0.21923184394836426,0.1497388482093811,0.06949299573898315,0.20993202924728394,0.24497071787826807,0.2675211429595947,0.8
robotics,InfoNCE,81,101+,0.18154179253735267,0.2,0.20937222242355347,0.15328550338745117,0.056086719036102295,0.05608665943145752,0.006802675369684236,0.23006659746170044,0.8
robotics,InfoNCE,82,101+,0.0,0.0,0.206567645072937,0.17124688625335693,0.03532075881958008,0.16005003452301025,0.18775255856511308,0.2065677046775818,0.8
robotics,InfoNCE,83,11-100,0.43067655807339306,0.25,0.23483198881149292,0.13123667240142822,0.1035953164100647,0.30680322647094727,0.3349714681927466,0.23483198881149292,0.7
robotics,InfoNCE,84,1,-0.03903973262468846,0.0,0.12232184410095215,0.1586955189704895,-0.036373674869537354,-0.06778073310852051,-0.0801592780239016,0.21388870477676392,0.6
robotics,InfoNCE,85,11-100,0.32531670832675136,0.3333333333333333,0.18170559406280518,0.11894881725311279,0.06275677680969238,-0.011025309562683105,-0.04213267211981643,0.18540596961975098,0.6
robotics,InfoNCE,86,11-100,0.3065735963827292,0.3333333333333333,0.21056246757507324,0.13555777072906494,0.0750046968460083,0.0750046968460083,0.06179693145324648,0.19401288032531738,0.5
robotics,InfoNCE,87,101+,0.0,0.0,0.33380287885665894,0.038895368576049805,0.29490751028060913,0.38950181007385254,0.3647872071275422,0.3185836672782898,0.5
robotics,InfoNCE,88,101+,0.0,0.0,0.36666619777679443,0.03734409809112549,0.32932209968566895,0.3242770731449127,0.22463291570489577,0.38030630350112915,0.5
robotics,InfoNCE,89,101+,0.2816249726597774,0.3333333333333333,0.2631620764732361,0.15323472023010254,0.10992735624313354,0.3193137049674988,0.39091031185915703,0.2993783950805664,0.4
robotics,InfoNCE,9,101+,0.0,0.0,0.20927459001541138,0.10880452394485474,0.10047006607055664,0.13409096002578735,0.13062472451836987,0.21756958961486816,0.6
robotics,InfoNCE,90,11-100,0.24261785528500343,0.25,0.21637248992919922,0.16735142469406128,0.04902106523513794,0.25960981845855713,0.328554401031219,0.3077101707458496,0.7
robotics,InfoNCE,91,1,-0.36907024642854247,-0.5,0.12312185764312744,0.13814836740493774,-0.015026509761810303,0.00356447696685791,0.010561606644956641,0.12312173843383789,0.5
robotics,InfoNCE,92,2-10,0.6437928128919779,0.8333333333333334,0.1303158402442932,0.06142282485961914,0.06889301538467407,0.15725064277648926,0.20145234446277116,0.1303158402442932,0.6
robotics,InfoNCE,93,1,0.0,0.0,0.019269466400146484,0.06303572654724121,-0.04376626014709473,-0.057837724685668945,-0.06039982827597111,0.1278885006904602,0.9
robotics,InfoNCE,94,1,0.0,0.0,-0.01742231845855713,0.0155792236328125,-0.03300154209136963,0.016886115074157715,0.032202712110059456,-0.017422378063201904,0.8
robotics,InfoNCE,95,101+,0.0,0.0,0.2538997232913971,0.1982021927833557,0.05569753050804138,0.3307298421859741,0.3738729202241604,0.25389981269836426,0.7
robotics,InfoNCE,96,101+,0.0,0.0,0.19323214888572693,0.09228765964508057,0.10094448924064636,0.12863677740097046,0.05575037984133538,0.19323205947875977,0.5
robotics,InfoNCE,97,101+,0.0,0.0,0.29470789432525635,0.27188509702682495,0.022822797298431396,0.03762388229370117,-0.005590760004637346,0.37167948484420776,0.8
robotics,InfoNCE,98,101+,0.6364391809889587,1.0,0.35678422451019287,0.23598992824554443,0.12079429626464844,0.3894994258880615,0.40606890620419495,0.3899490535259247,0.7
robotics,InfoNCE,99,2-10,-0.31546487678572877,-0.125,0.11810243129730225,0.12811529636383057,-0.01001286506652832,0.04726600646972656,0.052946639618677016,0.11810243129730225,0.6
robotics,LambdaLoss,0,101+,0.0,0.0,0.4340401291847229,0.11103856563568115,0.32300156354904175,0.31508129835128784,0.14725514073744617,0.4301604628562927,0.5
robotics,LambdaLoss,1,101+,0.0,0.0,0.49458953738212585,0.21081852912902832,0.28377100825309753,0.31379127502441406,0.2742956477273291,0.5380746424198151,0.7
robotics,LambdaLoss,10,11-100,0.5884674004369674,1.0,0.29021942615509033,0.2189146876335144,0.07130473852157593,0.09582901000976562,0.1689122590068332,0.3769337236881256,0.5
robotics,LambdaLoss,100,101+,0.0,0.0,0.3587493896484375,0.20308315753936768,0.15566623210906982,0.18868529796600342,0.2100511636016572,0.35874950885772705,0.7
robotics,LambdaLoss,11,11-100,0.0,0.0,0.24622946977615356,0.12200736999511719,0.12422209978103638,0.16848623752593994,0.1617841685146908,0.2462296485900879,0.4
robotics,LambdaLoss,12,11-100,0.0,0.0,0.3511725664138794,0.20592361688613892,0.14524894952774048,0.14524900913238525,0.10730638358917961,0.39479556679725647,0.9
robotics,LambdaLoss,13,101+,0.0,0.0,0.5292881727218628,0.19864994287490845,0.33063822984695435,0.363137423992157,0.26311470917519686,0.529288113117218,0.4
robotics,LambdaLoss,14,101+,0.0,0.0,0.39215147495269775,0.21508651971817017,0.1770649552345276,0.2033914029598236,0.09365272303716951,0.5025438070297241,0.5
robotics,LambdaLoss,15,11-100,0.3333333333333333,0.14285714285714285,0.21488285064697266,0.167413592338562,0.047469258308410645,0.06403261423110962,0.09760093811148593,0.21488285064697266,0.6
robotics,LambdaLoss,16,11-100,0.5861163849908828,1.0,0.26789939403533936,0.20259767770767212,0.06530171632766724,0.09532654285430908,0.15415736998936264,0.38862717151641846,0.7
robotics,LambdaLoss,17,11-100,0.0,0.0,0.17708146572113037,0.12096244096755981,0.05611902475357056,0.05611908435821533,0.022091878463821324,0.256725013256073,1.0
robotics,LambdaLoss,18,2-10,-0.010903327238379501,0.5,0.12730979919433594,0.11418849229812622,0.013121306896209717,0.02147996425628662,0.09368079396477472,0.14234602451324463,0.7
robotics,LambdaLoss,19,101+,0.3010299956639812,0.1111111111111111,0.35013115406036377,0.17209386825561523,0.17803728580474854,0.21335768699645996,0.2668318770160706,0.35013115406036377,0.6
robotics,LambdaLoss,2,11-100,0.0,0.0,0.12143772840499878,0.0935782790184021,0.02785944938659668,0.052661240100860596,0.0432766700933328,0.1750086545944214,0.6
robotics,LambdaLoss,20,2-10,0.47283490631077907,0.5,0.16866052150726318,0.15645045042037964,0.012210071086883545,0.04461860656738281,0.11678578319110199,0.28689199686050415,0.5
robotics,LambdaLoss,21,101+,0.0,0.0,0.29936808347702026,0.2088606357574463,0.09050744771957397,0.13371795415878296,0.06906400671940643,0.2993680238723755,0.6
robotics,LambdaLoss,22,11-100,0.0,0.0,0.3521415591239929,0.2784069776535034,0.0737345814704895,0.11981868743896484,0.09539300049030579,0.3521415591239929,0.6
robotics,LambdaLoss,23,101+,0.0,0.0,0.3058675527572632,0.21709299087524414,0.08877456188201904,0.08893752098083496,0.03186614795882997,0.3058674931526184,0.7
robotics,LambdaLoss,24,11-100,0.38431135260440824,1.0,0.2927079200744629,0.22897881269454956,0.06372910737991333,0.06504273414611816,0.08747941927833744,0.3644867241382599,0.5
robotics,LambdaLoss,25,11-100,0.0,0.0,0.3846781253814697,0.22775518894195557,0.15692293643951416,0.15692287683486938,0.0680029488869335,0.3846780061721802,0.5
robotics,LambdaLoss,26,11-100,0.10086747116627115,0.14285714285714285,0.16595911979675293,0.10270607471466064,0.06325304508209229,0.06325304508209229,0.08521883095819723,0.2686271667480469,0.3
robotics,LambdaLoss,27,1,-0.20227711045497343,0.0,0.1601000428199768,0.16554778814315796,-0.005447745323181152,-0.0023130178451538086,0.027409637531343487,0.15476644039154053,0.5
robotics,LambdaLoss,28,11-100,0.0,0.0,0.19846272468566895,0.09772104024887085,0.1007416844367981,0.10074150562286377,0.10382359830980178,0.28744596242904663,0.7
robotics,LambdaLoss,29,11-100,0.3010299956639812,0.1111111111111111,0.3606947064399719,0.24360567331314087,0.11708903312683105,0.13395941257476807,0.19976400076103334,0.36069464683532715,0.6
robotics,LambdaLoss,3,11-100,0.21840743681816419,0.16666666666666666,0.2333744764328003,0.1259140968322754,0.1074603796005249,0.08951324224472046,0.02622960729747545,0.231947124004364,0.6
robotics,LambdaLoss,30,101+,0.0,0.0,0.31169992685317993,0.11171281337738037,0.19998711347579956,0.20297026634216309,0.1193172249891924,0.3396947979927063,0.5
robotics,LambdaLoss,31,2-10,-0.23719771276929622,-0.2,0.24469059705734253,0.25782305002212524,-0.013132452964782715,-0.011736154556274414,-0.09836254710483189,0.2729412317276001,0.4
robotics,LambdaLoss,32,101+,0.0,0.0,0.32654356956481934,0.18968766927719116,0.13685590028762817,0.12446790933609009,0.03277107389654965,0.38475602865219116,0.6
robotics,LambdaLoss,33,101+,0.0,0.0,0.3492940366268158,0.1597161889076233,0.1895778477191925,0.23958706855773926,0.20262078937407435,0.35545650124549866,0.5
robotics,LambdaLoss,34,101+,0.0,0.0,0.3726130723953247,0.15451139211654663,0.21810168027877808,0.2181016206741333,0.13273240932924524,0.37261301279067993,0.7
robotics,LambdaLoss,35,101+,0.0,0.0,0.3872167468070984,0.24820399284362793,0.13901275396347046,0.17009422183036804,0.052993732298876495,0.4072449207305908,0.6
robotics,LambdaLoss,36,2-10,0.042505473810138306,0.08333333333333331,0.2261320948600769,0.1924726963043213,0.033659398555755615,0.09623444080352783,0.21862052957262879,0.2657352089881897,0.7
robotics,LambdaLoss,37,101+,0.0,0.0,0.303550124168396,0.1396263837814331,0.1639237403869629,0.16392379999160767,0.058448646365163476,0.30355018377304077,0.4
robotics,LambdaLoss,38,2-10,0.031101485426915584,0.1333333333333333,0.16714239120483398,0.06485313177108765,0.10228925943374634,0.10228919982910156,0.11034714966718241,0.313329815864563,0.6
robotics,LambdaLoss,39,11-100,0.1100458831490401,0.3333333333333333,0.2400180697441101,0.11721456050872803,0.12280350923538208,0.10454553365707397,0.09351401015072872,0.3777622878551483,0.6
robotics,LambdaLoss,4,2-10,0.36907024642854247,0.5,0.2766571640968323,0.2543365955352783,0.022320568561553955,0.0497899055480957,0.15731488776508923,0.27665722370147705,0.3
robotics,LambdaLoss,40,11-100,0.0,0.0,0.21449029445648193,0.17715144157409668,0.037338852882385254,0.05046480894088745,-0.0007378438512519042,0.3311225175857544,0.7
robotics,LambdaLoss,41,101+,0.0,0.0,0.49620941281318665,0.09913420677185059,0.39707520604133606,0.4720076024532318,0.42655764803002466,0.5271719098091125,0.7
robotics,LambdaLoss,42,101+,0.0,0.0,0.3086479902267456,0.180342435836792,0.1283055543899536,0.1398015022277832,0.14181679760342802,0.44468188285827637,0.6
robotics,LambdaLoss,43,11-100,0.0,0.0,0.19100672006607056,0.1445542573928833,0.046452462673187256,0.05414360761642456,0.058734206714531174,0.351994127035141,0.6
robotics,LambdaLoss,44,101+,0.23719771276929622,0.2,0.3485284447669983,0.18892133235931396,0.15960711240768433,0.18455380201339722,0.2175470818718292,0.3629951477050781,0.5
robotics,LambdaLoss,45,1,-0.08027921085181244,0.0,0.14697086811065674,0.16526955366134644,-0.018298685550689697,-0.01829838752746582,-0.0009077349049905273,0.13844037055969238,0.7
robotics,LambdaLoss,46,11-100,0.5,0.3333333333333333,0.26448869705200195,0.18530035018920898,0.07918834686279297,0.10154598951339722,0.14671138897175712,0.2644885778427124,0.4
robotics,LambdaLoss,47,1,0.19519002499605087,0.0,0.2685898542404175,0.27596384286880493,-0.007373988628387451,-0.002041161060333252,0.012346070058261258,0.32305991649627686,0.7
robotics,LambdaLoss,48,2-10,-0.20438239758848611,-0.14285714285714285,0.26512956619262695,0.24510294198989868,0.02002662420272827,0.06761854887008667,0.1044253575245101,0.2571973204612732,0.4
robotics,LambdaLoss,49,11-100,1.0,1.0,0.2000325322151184,0.10686248540878296,0.09317004680633545,0.096652090549469,0.12750433084626417,0.2000325322151184,0.7
robotics,LambdaLoss,5,101+,0.19342640361727081,0.125,0.3020448088645935,0.14329731464385986,0.15874749422073364,0.16188520193099976,0.16905198289928583,0.33748769760131836,0.6
robotics,LambdaLoss,50,11-100,0.2024832320725063,0.5,0.29062730073928833,0.193120539188385,0.09750676155090332,0.08090269565582275,0.0570473798333168,0.32235729694366455,0.4
robotics,LambdaLoss,51,101+,0.0,0.0,0.3746449947357178,0.250433087348938,0.12421190738677979,0.15073633193969727,0.09766911492401927,0.3746448755264282,0.5
robotics,LambdaLoss,52,101+,0.0,0.0,0.35858553647994995,0.17567718029022217,0.18290835618972778,0.21714496612548828,0.20253828512193178,0.3585854768753052,0.5
robotics,LambdaLoss,53,101+,0.0,0.0,0.41477805376052856,0.23035264015197754,0.18442541360855103,0.2253705859184265,0.19802059357574123,0.43615618348121643,0.5
robotics,LambdaLoss,54,11-100,0.0,0.0,0.2827427387237549,0.15005546808242798,0.1326872706413269,0.13717877864837646,0.12417385346486433,0.4146437346935272,0.5
robotics,LambdaLoss,55,101+,0.0,0.0,0.3132379651069641,0.19163697957992554,0.12160098552703857,0.10408884286880493,0.00351030608343747,0.33174705505371094,0.7
robotics,LambdaLoss,56,101+,0.0,0.0,0.3592633903026581,0.18234127759933472,0.17692211270332336,0.17692184448242188,0.0916424771442646,0.3592633008956909,0.5
robotics,LambdaLoss,57,101+,0.0,0.0,0.30930137634277344,0.17683327198028564,0.1324681043624878,0.14163458347320557,0.04458867290879509,0.30930137634277344,0.9
robotics,LambdaLoss,58,101+,0.0,0.0,0.23407161235809326,0.08705180883407593,0.14701980352401733,0.17176324129104614,0.14902435259686939,0.28531038761138916,0.7
robotics,LambdaLoss,59,2-10,0.022269330251981745,0.0,0.18347281217575073,0.16654229164123535,0.01693052053451538,0.036119163036346436,0.07343691685061632,0.3459130525588989,0.4
robotics,LambdaLoss,6,2-10,0.26406812257259094,0.0,0.17625439167022705,0.16843903064727783,0.007815361022949219,0.025128602981567383,0.059186696211932954,0.2202560305595398,0.5
robotics,LambdaLoss,60,101+,0.0,0.0,0.3452339768409729,0.20345908403396606,0.14177489280700684,0.15730130672454834,0.10461642726946581,0.3452339768409729,0.7
robotics,LambdaLoss,61,11-100,0.31546487678572877,0.125,0.2885359525680542,0.17395305633544922,0.11458289623260498,0.12092983722686768,0.10347684698445299,0.2885358929634094,0.4
robotics,LambdaLoss,62,11-100,0.0,0.0,0.22979342937469482,0.10821139812469482,0.12158203125,0.11936336755752563,0.06595592887164461,0.3812927007675171,0.5
robotics,LambdaLoss,63,1,-0.36907024642854247,-0.5,0.08477556705474854,0.08966374397277832,-0.004888176918029785,-0.0048882365226745605,-0.015045018135082154,0.08477556705474854,0.6
robotics,LambdaLoss,64,2-10,-0.24630238874073,-0.5,0.18221718072891235,0.17862582206726074,0.0035913586616516113,0.01564544439315796,0.011023777011863729,0.2984479069709778,0.6
robotics,LambdaLoss,65,11-100,0.3333333333333333,0.14285714285714285,0.2214186191558838,0.18578195571899414,0.03563666343688965,0.0356365442276001,-0.0045987781438007885,0.2214186191558838,0.6
robotics,LambdaLoss,66,101+,0.0,0.0,0.31552577018737793,0.19340938329696655,0.12211638689041138,0.12964493036270142,0.08885339433589418,0.3910922110080719,0.3
robotics,LambdaLoss,67,101+,0.0,0.0,0.4319272041320801,0.19132190942764282,0.24060529470443726,0.26539331674575806,0.10871220058876152,0.43192702531814575,0.4
robotics,LambdaLoss,68,1,-0.535254316775064,-1.0,0.11439287662506104,0.2248079776763916,-0.11041510105133057,-0.11143070459365845,-0.1381824472848201,0.2758862376213074,0.8
robotics,LambdaLoss,69,11-100,0.2320221445693426,0.5,0.2582695484161377,0.16670256853103638,0.09156697988510132,0.10640877485275269,0.14511805284915935,0.34149158000946045,0.5
robotics,LambdaLoss,7,2-10,-0.1100458831490401,-0.3333333333333333,0.17529290914535522,0.17184174060821533,0.0034511685371398926,0.034621238708496094,0.08533307562351183,0.31978702545166016,0.5
robotics,LambdaLoss,70,1,-0.10144867592605142,-0.5,0.13900285959243774,0.18596148490905762,-0.04695862531661987,-0.01443338394165039,0.017989202347573348,0.39447328448295593,0.7
robotics,LambdaLoss,71,101+,0.0,0.0,0.29500430822372437,0.20314419269561768,0.09186011552810669,0.09186017513275146,0.05399375000390508,0.29500436782836914,0.8
robotics,LambdaLoss,72,11-100,0.0,0.0,0.2851983904838562,0.18941861391067505,0.09577977657318115,0.0957798957824707,0.07259965845047398,0.32109951972961426,0.5
robotics,LambdaLoss,73,11-100,0.13886244387355456,0.5,0.20903944969177246,0.12766563892364502,0.08137381076812744,0.08137387037277222,0.10588179298917891,0.3232395052909851,0.8
robotics,LambdaLoss,74,101+,0.0,0.0,0.4441623389720917,0.1511865258216858,0.2929758131504059,0.30778974294662476,0.12809889321198686,0.44416242837905884,0.7
robotics,LambdaLoss,75,2-10,-0.11314719276545837,-0.20833333333333331,0.13160693645477295,0.137306809425354,-0.005699872970581055,-0.0028026700019836426,-0.03764805923686435,0.16871774196624756,0.8
robotics,LambdaLoss,76,101+,0.0,0.0,0.45755666494369507,0.18816769123077393,0.26938897371292114,0.2693890333175659,0.21483064550932268,0.45755666494369507,0.7
robotics,LambdaLoss,77,101+,0.0,0.0,0.295889675617218,0.1338787078857422,0.16201096773147583,0.16260075569152832,0.12178831816079755,0.33421754837036133,0.7
robotics,LambdaLoss,78,1,-0.32820419863865574,-0.8571428571428572,0.10806488990783691,0.1725482940673828,-0.0644834041595459,-0.06121981143951416,-0.08391803275683114,0.22020643949508667,0.2
robotics,LambdaLoss,79,101+,0.0,0.0,0.4141737222671509,0.16026955842971802,0.25390416383743286,0.2635004222393036,0.18192966071399447,0.41417375206947327,0.8
robotics,LambdaLoss,8,11-100,0.5646436081071458,0.5,0.33769625425338745,0.18974053859710693,0.14795571565628052,0.14795559644699097,0.15314362969391287,0.38308483362197876,0.4
robotics,LambdaLoss,80,101+,0.08372491399919348,0.16666666666666666,0.2797626256942749,0.1768510937690735,0.10291153192520142,0.15400809049606323,0.22997006855376426,0.35922932624816895,0.8
robotics,LambdaLoss,81,101+,0.0,0.0,0.2681466341018677,0.1872844099998474,0.08086222410202026,0.08086204528808594,0.010622458835398085,0.29692327976226807,0.9
robotics,LambdaLoss,82,101+,0.0,0.0,0.36301255226135254,0.2306138277053833,0.13239872455596924,0.1550704836845398,0.12336066373492828,0.3630126714706421,0.7
robotics,LambdaLoss,83,11-100,0.3333333333333333,0.14285714285714285,0.29830461740493774,0.18480819463729858,0.11349642276763916,0.15771883726119995,0.21791580000988825,0.2983046770095825,0.7
robotics,LambdaLoss,84,1,-0.11743800160336382,0.0,0.1742229461669922,0.21549749374389648,-0.0412745475769043,-0.05455946922302246,-0.056258921186954663,0.3371029496192932,0.6
robotics,LambdaLoss,85,11-100,0.5413996682199069,1.0,0.24472886323928833,0.17122948169708252,0.07349938154220581,0.06372958421707153,0.06791776666571368,0.28200703859329224,0.6
robotics,LambdaLoss,86,11-100,0.3065735963827292,0.3333333333333333,0.24489325284957886,0.1810351014137268,0.06385815143585205,0.06385815143585205,-0.007493159237920183,0.2506905794143677,0.5
robotics,LambdaLoss,87,101+,0.0,0.0,0.41036319732666016,0.0984380841255188,0.31192511320114136,0.30878353118896484,0.24278084510748948,0.42191338539123535,0.4
robotics,LambdaLoss,88,101+,0.0,0.0,0.5560289621353149,0.11064553260803223,0.4453834295272827,0.4268723428249359,0.261966151991338,0.5634609460830688,0.6
robotics,LambdaLoss,89,101+,0.0,0.0,0.31780922412872314,0.204326331615448,0.11348289251327515,0.1486198902130127,0.1930431373531727,0.38022780418395996,0.4
robotics,LambdaLoss,9,101+,0.0,0.0,0.2958667278289795,0.1682022213935852,0.1276645064353943,0.12994545698165894,0.06404332924563416,0.3207598924636841,0.5
robotics,LambdaLoss,90,11-100,0.06625422345438904,0.1111111111111111,0.2782394289970398,0.241369366645813,0.03687006235122681,0.062319934368133545,0.07836313134655218,0.4027441143989563,0.8
robotics,LambdaLoss,91,1,-0.5,-0.6666666666666667,0.16720062494277954,0.18665862083435059,-0.019457995891571045,-0.0060173869132995605,-0.005244957438476475,0.16720056533813477,0.6
robotics,LambdaLoss,92,2-10,0.6437928128919779,0.8333333333333334,0.19645696878433228,0.14098703861236572,0.05546993017196655,0.07452559471130371,0.11824310911828273,0.19645696878433228,0.5
robotics,LambdaLoss,93,1,-0.020977440839036188,0.0,0.08994674682617188,0.18371796607971191,-0.09377121925354004,-0.12484627962112427,-0.17836477215506627,0.2651163935661316,0.9
robotics,LambdaLoss,94,1,-1.0,-1.0,0.026431798934936523,0.12327182292938232,-0.0968400239944458,-0.08782672882080078,-0.17357962793615148,0.026431739330291748,0.8
robotics,LambdaLoss,95,101+,0.0,0.0,0.40028277039527893,0.22695404291152954,0.1733287274837494,0.21877765655517578,0.23396942245859942,0.40028268098831177,0.6
robotics,LambdaLoss,96,101+,0.0,0.0,0.3414755165576935,0.14193952083587646,0.19953599572181702,0.23212593793869019,0.10017036624514336,0.34147536754608154,0.6
robotics,LambdaLoss,97,101+,0.0,0.0,0.3740088939666748,0.30541473627090454,0.06859415769577026,0.06859403848648071,-0.003048829531572192,0.4537365436553955,0.8
robotics,LambdaLoss,98,101+,0.16716045496620227,0.16666666666666666,0.417976975440979,0.30803459882736206,0.10994237661361694,0.1434781551361084,0.16571608940084076,0.4688945710659027,0.5
robotics,LambdaLoss,99,2-10,-0.31546487678572877,-0.125,0.18074238300323486,0.17367547750473022,0.007066905498504639,0.07090836763381958,0.1010574853291201,0.18074238300323486,0.5
robotics,RELER,0,101+,0.0,0.0,-0.05831187963485718,-0.03823065757751465,-0.02008122205734253,0.09774619340896606,0.12271308448010532,-0.08177703619003296,0.5
robotics,RELER,1,101+,0.0,0.0,0.052664488554000854,-0.13159167766571045,0.1842561662197113,0.20730522274971008,0.2017421574926748,0.057705074548721313,0.7
robotics,RELER,10,11-100,0.45374257454118555,1.0,0.046453237533569336,-0.06319320201873779,0.10964643955230713,0.25834494829177856,0.3067534797948669,-0.106234610080719,0.5
robotics,RELER,100,101+,0.0,0.0,0.0579146146774292,0.03998976945877075,0.017924845218658447,0.38173818588256836,0.3620900415456507,0.057914555072784424,0.8
robotics,RELER,11,11-100,0.0,0.0,-0.0818641185760498,-0.07852303981781006,-0.003341078758239746,0.2170928716659546,0.20764947371816683,-0.08186399936676025,0.4
robotics,RELER,12,11-100,0.0,0.0,-0.04987788200378418,-0.07896232604980469,0.029084444046020508,0.029607832431793213,0.059180416297589494,-0.12111666798591614,0.8
robotics,RELER,13,101+,0.0,0.0,0.03407162427902222,0.007218778133392334,0.026852846145629883,0.28344619274139404,0.24317276878558702,0.03407156467437744,0.5
robotics,RELER,14,101+,0.0,0.0,-0.15693634748458862,-0.0657951831817627,-0.09114116430282593,0.3115137219429016,0.2859646478867169,-0.1371147781610489,0.6
robotics,RELER,15,11-100,0.5,0.3333333333333333,-0.04450356960296631,-0.06693834066390991,0.022434771060943604,0.07564008235931396,0.10279528182450058,-0.04450368881225586,0.8
robotics,RELER,16,11-100,0.29062463495159,0.5,-0.043540239334106445,-0.08806717395782471,0.04452693462371826,0.267029345035553,0.25127886873914207,-0.01912146806716919,0.7
robotics,RELER,17,11-100,0.3347975674340217,0.5,-0.03718531131744385,-0.12100642919540405,0.0838211178779602,0.14970529079437256,0.173654961597273,-0.0457463264465332,1.0
robotics,RELER,18,2-10,-0.08027921085181244,-0.16666666666666669,-0.09988516569137573,-0.06849128007888794,-0.03139388561248779,0.1795833706855774,0.3151787446070717,-0.11038005352020264,0.7
robotics,RELER,19,101+,0.3333333333333333,0.14285714285714285,0.05093342065811157,-0.0762639045715332,0.12719732522964478,0.3976389765739441,0.39017574310566805,0.0509333610534668,0.7
robotics,RELER,2,11-100,0.0,0.0,-0.15475893020629883,-0.18223822116851807,0.02747929096221924,0.12997949123382568,0.18983425716500474,-0.1623665690422058,0.6
robotics,RELER,20,2-10,-0.003913795217095367,0.5,-0.003057718276977539,-0.05354267358779907,0.05048495531082153,-0.0035750269889831543,-0.00384080259006563,-0.12974813580513,0.5
robotics,RELER,21,101+,0.0,0.0,-0.13278698921203613,-0.12133538722991943,-0.0114516019821167,0.004273355007171631,0.0568952209085995,-0.13278698921203613,0.7
robotics,RELER,22,11-100,0.3010299956639812,0.1111111111111111,-0.09185212850570679,-0.11082935333251953,0.018977224826812744,0.16015687584877014,0.14422692835795856,-0.09185212850570679,0.5
robotics,RELER,23,101+,0.0,0.0,-0.07519793510437012,-0.001883387565612793,-0.07331454753875732,-0.02296614646911621,-0.009196132801037316,-0.07519793510437012,0.7
robotics,RELER,24,11-100,0.2200917662980802,1.0,0.08480250835418701,-0.027041137218475342,0.11184364557266235,0.287699818611145,0.2615143221140949,-0.09261086583137512,0.6
robotics,RELER,25,11-100,0.0,0.0,0.06303685903549194,-0.06212508678436279,0.12516194581985474,0.1932048797607422,0.1933956162153248,0.06303679943084717,0.6
robotics,RELER,26,11-100,0.4935232796777481,1.0,-0.009180903434753418,-0.09535425901412964,0.08617335557937622,0.363334059715271,0.3806122767297064,-0.038693368434906006,0.4
robotics,RELER,27,1,-0.6934264036172708,-0.6666666666666667,-0.15818870067596436,-0.10034936666488647,-0.05783933401107788,-0.057839393615722656,-0.07838092236078424,-0.19432538747787476,0.7
robotics,RELER,28,11-100,0.0,0.0,-0.07967197895050049,-0.11084944009780884,0.03117746114730835,0.05247175693511963,0.09980429629448298,-0.0733342170715332,0.7
robotics,RELER,29,11-100,0.3333333333333333,0.14285714285714285,0.16302895545959473,0.10491693019866943,0.05811202526092529,0.14344918727874756,0.2102624503959834,0.16302883625030518,0.7
robotics,RELER,3,11-100,0.2640681225725909,0.25,0.050430476665496826,-0.054160118103027344,0.10459059476852417,-0.07791310548782349,-0.06233434907214139,-0.033275306224823,0.6
robotics,RELER,30,101+,0.0,0.0,-0.020108342170715332,-0.03873801231384277,0.01862967014312744,0.11821746826171875,0.1520414445385767,-0.042359232902526855,0.2
robotics,RELER,31,2-10,-0.23719771276929622,-0.2,-0.10353153944015503,-0.005794227123260498,-0.09773731231689453,-0.08794271945953369,-0.08774809684178733,-0.08991101384162903,0.5
robotics,RELER,32,101+,0.0,0.0,0.0029387474060058594,0.006033837795257568,-0.003095090389251709,-0.013963401317596436,-0.0016971347074198895,-0.014384567737579346,0.6
robotics,RELER,33,101+,0.0,0.0,0.04483482241630554,-0.044217705726623535,0.08905252814292908,0.49422138929367065,0.42567276887799965,0.04691305756568909,0.4
robotics,RELER,34,101+,0.0,0.0,-0.19339683651924133,-0.11042988300323486,-0.08296695351600647,-0.0829668641090393,-0.049166624334959386,-0.19339686632156372,0.8
robotics,RELER,35,101+,0.0,0.0,-0.16943880915641785,-0.009095430374145508,-0.16034337878227234,0.1676890254020691,0.18306984582686187,-0.17817828059196472,0.6
robotics,RELER,36,2-10,0.3490790701928675,0.75,0.07298582792282104,-0.09859484434127808,0.17158067226409912,0.4881651699542999,0.4168911025165253,0.02354896068572998,0.7
robotics,RELER,37,101+,0.0,0.0,-0.18252694606781006,-0.03166717290878296,-0.1508597731590271,-0.1508598029613495,-0.1093831354997489,-0.18252691626548767,0.3
robotics,RELER,38,2-10,0.031101485426915584,0.1333333333333333,-0.07829809188842773,-0.029834985733032227,-0.04846310615539551,-0.04846316576004028,-0.04184972369201101,-0.10689064860343933,0.7
robotics,RELER,39,11-100,0.0,0.0,-0.060372233390808105,-0.07514697313308716,0.014774739742279053,0.14194297790527344,0.1633200701923329,-0.09984433650970459,0.5
robotics,RELER,4,2-10,0.0,0.0,0.059838175773620605,0.09852725267410278,-0.03868907690048218,0.2892104983329773,0.3435718899247121,0.059838175773620605,0.4
robotics,RELER,40,11-100,0.0,0.0,-0.1611776053905487,-0.060443997383117676,-0.10073360800743103,-0.0992039144039154,-0.0934550957647441,-0.23184806108474731,0.7
robotics,RELER,41,101+,0.0,0.0,0.12409737706184387,-0.1814514398574829,0.3055488169193268,0.4443051815032959,0.3732880642280984,0.12614211440086365,0.7
robotics,RELER,42,101+,0.0,0.0,-0.025101125240325928,-0.0798003077507019,0.05469918251037598,0.3550022542476654,0.3386429306949001,-0.11201214790344238,0.7
robotics,RELER,43,11-100,0.07945707943276742,0.1,-0.10924232006072998,-0.07386243343353271,-0.035379886627197266,0.2568294405937195,0.2387147138174162,-0.0820184051990509,0.5
robotics,RELER,44,101+,0.21840743681816419,0.16666666666666666,0.13430404663085938,0.013331592082977295,0.12097245454788208,0.4516475796699524,0.40819282351693387,0.1340949535369873,0.6
robotics,RELER,45,1,-0.1227846846619507,0.0,-0.009715259075164795,-0.056888043880462646,0.04717278480529785,0.09743392467498779,0.1184578525437762,-0.07566380500793457,0.6
robotics,RELER,46,11-100,0.0,0.0,-0.08033883571624756,-0.09801483154296875,0.01767599582672119,0.334584504365921,0.312408037077961,-0.08033883571624756,0.5
robotics,RELER,47,1,0.29047279550897565,0.0,0.04824703931808472,-0.0015159249305725098,0.04976296424865723,0.08135730028152466,0.08953878405273141,0.06738865375518799,0.7
robotics,RELER,48,2-10,-0.20438239758848611,-0.14285714285714285,-0.11171960830688477,-0.06600683927536011,-0.04571276903152466,0.2174382209777832,0.2031439948560283,-0.12790411710739136,0.5
robotics,RELER,49,11-100,0.0,0.0,-0.03302931785583496,-0.027242302894592285,-0.005787014961242676,0.25190967321395874,0.27727120065486927,-0.033029258251190186,0.7
robotics,RELER,5,101+,0.0,0.0,0.028477966785430908,-0.0658499002456665,0.09432786703109741,0.24830478429794312,0.26474969399249926,0.02210235595703125,0.7
robotics,RELER,50,11-100,0.13886244387355456,0.5,-0.019266068935394287,-0.098358154296875,0.07909208536148071,0.08196479082107544,0.09496256495625277,-0.07060503959655762,0.7
robotics,RELER,51,101+,0.0,0.0,0.023606717586517334,-0.0771874189376831,0.10079413652420044,0.43827879428863525,0.3831007990515475,0.023606598377227783,0.4
robotics,RELER,52,101+,0.0,0.0,0.0510295033454895,-0.10775303840637207,0.15878254175186157,0.46044036746025085,0.41326928240569394,0.05102956295013428,0.5
robotics,RELER,53,101+,0.0,0.0,0.16329079866409302,0.03323239088058472,0.1300584077835083,0.2577388882637024,0.2173547455465958,0.17325511574745178,0.5
robotics,RELER,54,11-100,0.21398626473452756,0.5,-0.008017897605895996,-0.14510440826416016,0.13708651065826416,0.3376038372516632,0.33305013869712197,-0.0293637216091156,0.6
robotics,RELER,55,101+,0.0,0.0,-0.14343702793121338,-0.008609652519226074,-0.1348273754119873,-0.07166081666946411,-0.05130615407418829,-0.20018920302391052,0.7
robotics,RELER,56,101+,0.0,0.0,-0.12504205107688904,-0.10908973217010498,-0.015952318906784058,-0.015952348709106445,-0.03045129066878771,-0.12504208087921143,0.5
robotics,RELER,57,101+,0.0,0.0,-0.22184228897094727,-0.01343458890914917,-0.2084077000617981,-0.0785149335861206,-0.04875342753962644,-0.22184228897094727,0.8
robotics,RELER,58,101+,0.0,0.0,-0.317440927028656,-0.14358532428741455,-0.17385560274124146,0.03249022364616394,0.08067729046639094,-0.27100464701652527,0.7
robotics,RELER,59,2-10,0.07811584916932263,-0.16666666666666669,-0.030675947666168213,0.0001544952392578125,-0.030830442905426025,0.01911526918411255,0.02460998219625328,-0.007295489311218262,0.4
robotics,RELER,6,2-10,0.5000000000000001,0.6666666666666667,-0.14023184776306152,-0.16015970706939697,0.01992785930633545,0.2864342927932739,0.2530787905003378,-0.12813645601272583,0.6
robotics,RELER,60,101+,0.0,0.0,-0.03759181499481201,0.016044259071350098,-0.05363607406616211,0.24263820052146912,0.26395093253858,-0.037591785192489624,0.8
robotics,RELER,61,11-100,0.0,0.0,-0.05645620822906494,-0.0466039776802063,-0.009852230548858643,0.07428169250488281,0.08432839058415961,-0.05645626783370972,0.6
robotics,RELER,62,11-100,0.0,0.0,-0.15011954307556152,-0.12560683488845825,-0.02451270818710327,-0.05964219570159912,-0.020914370072288774,-0.16904497146606445,0.6
robotics,RELER,63,1,-0.36907024642854247,-0.5,-0.08418488502502441,-0.06604301929473877,-0.018141865730285645,-0.01814180612564087,-0.035866065222830174,-0.08418488502502441,0.8
robotics,RELER,64,2-10,-0.24630238874073,-0.5,-0.13988173007965088,0.016409575939178467,-0.15629130601882935,-0.156291663646698,-0.1440134874129974,-0.21104136109352112,0.5
robotics,RELER,65,11-100,1.0,1.0,0.01800370216369629,-0.05534625053405762,0.0733499526977539,0.10031759738922119,0.12441407294635205,0.018003642559051514,0.6
robotics,RELER,66,101+,0.0,0.0,-0.09240049123764038,0.01030033826828003,-0.10270082950592041,-0.0640307366847992,-0.031485738594336454,-0.07209944725036621,0.5
robotics,RELER,67,101+,0.0,0.0,-0.19064104557037354,-0.030220389366149902,-0.16042065620422363,0.08678564429283142,0.09814400968884054,-0.1906411349773407,0.5
robotics,RELER,68,1,-0.32696065096473215,-0.5,-0.1068810224533081,0.010927438735961914,-0.11780846118927002,0.13981696963310242,0.09360334750616975,-0.10929399728775024,0.6
robotics,RELER,69,11-100,0.0,0.0,-0.10265088081359863,-0.0660446286201477,-0.03660625219345093,0.2154267430305481,0.2163844707109524,-0.133011132478714,0.3
robotics,RELER,7,2-10,-0.1100458831490401,-0.3333333333333333,-0.1132919192314148,0.014328420162200928,-0.12762033939361572,0.1432923674583435,0.1715592427937976,-0.11468550562858582,0.5
robotics,RELER,70,1,-0.10144867592605142,-0.5,0.005090057849884033,0.07440042495727539,-0.06931036710739136,0.4118725061416626,0.3228805721729811,-0.08640646934509277,0.6
robotics,RELER,71,101+,0.0,0.0,-0.023942887783050537,0.0036247968673706055,-0.027567684650421143,0.3037191927433014,0.28024338125032633,-0.023942768573760986,0.8
robotics,RELER,72,11-100,0.0,0.0,-0.14870423078536987,-0.10073316097259521,-0.04797106981277466,-0.0051691532135009766,0.011934139529136106,-0.14008215069770813,0.7
robotics,RELER,73,11-100,0.4085359184257956,1.0,-0.036499977111816406,-0.1362016797065735,0.09970170259475708,0.2746708393096924,0.31717456772152963,-0.0845123827457428,0.8
robotics,RELER,74,101+,0.0,0.0,-0.04087814688682556,-0.027869462966918945,-0.013008683919906616,0.12733185291290283,0.12405000862963605,-0.04087817668914795,0.9
robotics,RELER,75,2-10,0.3065735963827292,0.6666666666666667,-0.039768338203430176,-0.0797569751739502,0.03998863697052002,0.10658973455429077,0.14492987613406783,-0.07079172134399414,0.9
robotics,RELER,76,101+,0.0,0.0,0.017738938331604004,-0.043160974979400635,0.06089991331100464,0.16162610054016113,0.17615610732764422,0.017738938331604004,0.6
robotics,RELER,77,101+,0.0,0.0,-0.15525028109550476,-0.09399247169494629,-0.06125780940055847,0.1580793559551239,0.23566891726133768,-0.14809325337409973,0.7
robotics,RELER,78,1,-0.334264468029264,-0.875,-0.06578505039215088,0.04995989799499512,-0.115744948387146,-0.03501087427139282,-0.0447084938712794,-0.10636305809020996,0.2
robotics,RELER,79,101+,0.0,0.0,0.06792294979095459,-0.017052114009857178,0.08497506380081177,0.23800334334373474,0.23544334687580956,0.0679229199886322,0.8
robotics,RELER,8,11-100,0.5654495432396527,0.5,0.143077552318573,0.006406307220458984,0.136671245098114,0.3034905791282654,0.31560430146506147,0.11367303133010864,0.5
robotics,RELER,80,101+,0.1175227747072427,0.3333333333333333,0.08524709939956665,0.01589202880859375,0.0693550705909729,0.30496659874916077,0.3179363171734807,-0.0047626495361328125,0.7
robotics,RELER,81,101+,0.0,0.0,-0.06718194484710693,0.015661001205444336,-0.08284294605255127,-0.08284294605255127,-0.068290149280231,-0.0756169855594635,0.8
robotics,RELER,82,101+,0.0,0.0,-0.0536348819732666,-0.01696789264678955,-0.03666698932647705,0.190449059009552,0.22576067424933224,-0.053634822368621826,0.7
robotics,RELER,83,11-100,0.5,0.3333333333333333,0.10834014415740967,-0.003715693950653076,0.11205583810806274,0.5021114349365234,0.43385117749168645,0.10834014415740967,0.7
robotics,RELER,84,1,0.35359815335916356,0.0,0.006679356098175049,-0.10526609420776367,0.11194545030593872,-0.05376410484313965,-0.06038393901837926,-0.09517773985862732,0.6
robotics,RELER,85,11-100,0.0,0.0,-0.10208803415298462,-0.0863410234451294,-0.015747010707855225,0.004015624523162842,0.01554104859371605,-0.12560683488845825,0.6
robotics,RELER,86,11-100,0.20438239758848611,0.14285714285714285,-0.024706661701202393,-0.0060579776763916016,-0.01864868402481079,-0.018648743629455566,-0.02108700361949728,-0.057134807109832764,0.5
robotics,RELER,87,101+,0.0,0.0,-0.014794856309890747,-0.19977086782455444,0.1849760115146637,0.3376599848270416,0.3087645519696722,-0.04598751664161682,0.6
robotics,RELER,88,101+,0.0,0.0,0.065012127161026,-0.07579213380813599,0.140804260969162,0.12514322996139526,0.10116229722362613,0.06974932551383972,0.4
robotics,RELER,89,101+,0.19092086617893467,0.5,0.025303363800048828,-0.05636948347091675,0.08167284727096558,0.33723345398902893,0.3586831465411896,-0.02310889959335327,0.4
robotics,RELER,9,101+,0.0,0.0,-0.06247645616531372,-0.10780012607574463,0.04532366991043091,0.1283283829689026,0.1476410241979545,-0.08010619878768921,0.7
robotics,RELER,90,11-100,0.08514311764162101,0.2,0.010778844356536865,-0.0021209716796875,0.012899816036224365,0.36138856410980225,0.3559776560834914,0.020951956510543823,0.6
robotics,RELER,91,1,-0.6437928128919779,-0.8333333333333334,-0.06009066104888916,-0.0037111639976501465,-0.056379497051239014,-9.298324584960938e-06,-0.0032367558478678324,-0.06009078025817871,0.6
robotics,RELER,92,2-10,0.6437928128919779,0.8333333333333334,-0.026843488216400146,-0.1153402328491211,0.08849674463272095,0.2683347761631012,0.2581236981012364,-0.026843488216400146,0.6
robotics,RELER,93,1,0.0,0.0,-0.14149492979049683,-0.10848122835159302,-0.03301370143890381,-0.09136128425598145,-0.12074358221201742,-0.1609272062778473,0.9
robotics,RELER,94,1,0.0,0.0,-0.15900909900665283,-0.16603100299835205,0.007021903991699219,0.04175609350204468,0.03744439456974999,-0.1590091586112976,0.8
robotics,RELER,95,101+,0.0,0.0,-0.08292415738105774,0.1099819540977478,-0.19290611147880554,0.23428216576576233,0.2631281380885955,-0.08292421698570251,0.7
robotics,RELER,96,101+,0.0,0.0,-0.14836129546165466,0.06006580591201782,-0.20842710137367249,-0.062354713678359985,-0.04507583677514426,-0.14836135506629944,0.5
robotics,RELER,97,101+,0.0,0.0,0.02674567699432373,0.13831698894500732,-0.1115713119506836,-0.02596515417098999,-0.028785084114610643,0.09162920713424683,0.9
robotics,RELER,98,101+,0.23463936301137822,0.3333333333333333,0.11332064867019653,0.03269171714782715,0.08062893152236938,0.46480512619018555,0.3821989530643109,0.11395004391670227,0.7
robotics,RELER,99,2-10,-0.31546487678572877,-0.125,-0.07467925548553467,0.007497668266296387,-0.08217692375183105,-0.00706326961517334,-0.0023639000601509974,-0.07467925548553467,0.6
robotics,Listwise,0,101+,0.0,0.0,-0.04561173915863037,-0.031516194343566895,-0.014095544815063477,-0.03971406817436218,-0.0077191045351148735,-0.06788957118988037,0.6
robotics,Listwise,1,101+,0.0,0.0,0.026312977075576782,-0.11856985092163086,0.14488282799720764,0.14776137471199036,0.15395686479317447,0.03157147765159607,0.8
robotics,Listwise,10,11-100,0.44409732781325584,1.0,0.024388790130615234,-0.05981647968292236,0.0842052698135376,0.17748874425888062,0.21854375086063954,-0.07835197448730469,0.6
robotics,Listwise,100,101+,0.0,0.0,0.04315108060836792,0.02620929479598999,0.01694178581237793,0.19134604930877686,0.20036411471824764,0.043151140213012695,0.8
robotics,Listwise,11,11-100,0.0,0.0,-0.07003450393676758,-0.09925895929336548,0.0292244553565979,0.06418174505233765,0.07060642694252792,-0.0700344443321228,0.4
robotics,Listwise,12,11-100,0.0,0.0,-0.04225000739097595,-0.03679490089416504,-0.005455106496810913,-0.005454957485198975,0.02074658822831535,-0.08441674709320068,0.8
robotics,Listwise,13,101+,0.0,0.0,0.09007370471954346,0.00907808542251587,0.08099561929702759,0.22111016511917114,0.19606976802611564,0.09007370471954346,0.6
robotics,Listwise,14,101+,0.0,0.0,-0.13061872124671936,-0.0875394344329834,-0.04307928681373596,0.1788313388824463,0.17752559472186166,-0.12903451919555664,0.7
robotics,Listwise,15,11-100,0.43067655807339306,0.25,-0.025612831115722656,-0.047630131244659424,0.022017300128936768,0.06850695610046387,0.09215421666397922,-0.025612950325012207,0.8
robotics,Listwise,16,11-100,0.4198523768135527,0.3333333333333333,-0.031745314598083496,-0.06830620765686035,0.036560893058776855,0.21580415964126587,0.20639646829179048,-0.008410453796386719,0.8
robotics,Listwise,17,11-100,0.29039140533630226,0.3333333333333333,-0.032524943351745605,-0.08777469396591187,0.05524975061416626,0.06553524732589722,0.08569331303179888,-0.034554123878479004,1.0
robotics,Listwise,18,2-10,-0.08027921085181244,-0.16666666666666669,-0.08055388927459717,-0.07586055994033813,-0.004693329334259033,0.13346266746520996,0.2526384698666068,-0.07108181715011597,0.7
robotics,Listwise,19,101+,0.0,0.0,0.040731191635131836,-0.08043146133422852,0.12116265296936035,0.2416543960571289,0.25789294814181574,0.040731191635131836,0.8
robotics,Listwise,2,11-100,0.0,0.0,-0.10438334941864014,-0.15943831205368042,0.05505496263504028,0.07463830709457397,0.12876117106583942,-0.11691975593566895,0.6
robotics,Listwise,20,2-10,0.138881348819042,0.5,-0.012498974800109863,-0.05851238965988159,0.04601341485977173,0.010918140411376953,0.012281394140030334,-0.09126386046409607,0.5
robotics,Listwise,21,101+,0.0,0.0,-0.11467626690864563,-0.044973015785217285,-0.06970325112342834,0.027560889720916748,0.07584828919107386,-0.11467623710632324,0.7
robotics,Listwise,22,11-100,0.0,0.0,-0.08987483382225037,-0.11199164390563965,0.022116810083389282,0.07316693663597107,0.06631131634127246,-0.08987492322921753,0.5
robotics,Listwise,23,101+,0.0,0.0,-0.06987643241882324,0.006709933280944824,-0.07658636569976807,-0.026162564754486084,-0.015282503792582114,-0.06987643241882324,0.7
robotics,Listwise,24,11-100,0.2200917662980802,1.0,0.07400530576705933,-0.037473320960998535,0.11147862672805786,0.23544001579284668,0.2236644387895082,-0.053803950548172,0.6
robotics,Listwise,25,11-100,0.0,0.0,0.06085777282714844,-0.03264540433883667,0.09350317716598511,0.09350317716598511,0.07563215269480311,0.06085771322250366,0.7
robotics,Listwise,26,11-100,0.30260241349881345,1.0,-0.0074291229248046875,-0.07911497354507446,0.07168585062026978,0.23230040073394775,0.26722343196365805,-0.03418099880218506,0.4
robotics,Listwise,27,1,-0.4750189667991067,-0.6666666666666667,-0.1097978949546814,-0.07751083374023438,-0.03228706121444702,-0.0322871208190918,-0.046048088243501484,-0.1302337646484375,0.7
robotics,Listwise,28,11-100,0.0,0.0,-0.07271522283554077,-0.09332901239395142,0.020613789558410645,0.02061384916305542,0.040096101530665756,-0.0534207820892334,0.7
robotics,Listwise,29,11-100,0.31546487678572877,0.125,0.15539634227752686,0.1160973310470581,0.03929901123046875,0.13567817211151123,0.19810856284471842,0.15539634227752686,0.8
robotics,Listwise,3,11-100,0.23719771276929622,0.2,0.04152083396911621,-0.02283930778503418,0.06436014175415039,-0.12043565511703491,-0.09857627196030422,-0.04333078861236572,0.6
robotics,Listwise,30,101+,0.0,0.0,-0.02165144681930542,-0.04676496982574463,0.02511352300643921,0.07287567853927612,0.10175759195150352,-0.03486919403076172,0.2
robotics,Listwise,31,2-10,-0.23719771276929622,-0.2,-0.05303692817687988,0.004691779613494873,-0.057728707790374756,-0.03787034749984741,-0.04220355701695221,-0.041020214557647705,0.6
robotics,Listwise,32,101+,0.0,0.0,-0.03536570072174072,0.006990969181060791,-0.042356669902801514,-0.05090147256851196,-0.041974429681891995,-0.034373939037323,0.6
robotics,Listwise,33,101+,0.0,0.0,0.028008192777633667,-0.04739946126937866,0.07540765404701233,0.3253033757209778,0.2994508317928862,0.036477237939834595,0.5
robotics,Listwise,34,101+,0.0,0.0,-0.16831138730049133,-0.0902206301689148,-0.07809075713157654,-0.07809078693389893,-0.045654896359641095,-0.16831135749816895,0.8
robotics,Listwise,35,101+,0.0,0.0,-0.15633341670036316,0.002327263355255127,-0.1586606800556183,0.08499160408973694,0.12008804081945676,-0.15713563561439514,0.7
robotics,Listwise,36,2-10,0.3490790701928675,0.75,0.05592930316925049,-0.07992923259735107,0.13585853576660156,0.30911219120025635,0.29847762941330674,0.027829468250274658,0.7
robotics,Listwise,37,101+,0.0,0.0,-0.15083351731300354,-0.007677257061004639,-0.1431562602519989,-0.1431562900543213,-0.10367111830344475,-0.15083354711532593,0.5
robotics,Listwise,38,2-10,0.031101485426915584,0.1333333333333333,-0.05272352695465088,-0.00892263650894165,-0.04380089044570923,-0.04380089044570923,-0.03869748834958464,-0.08661079406738281,0.6
robotics,Listwise,39,11-100,0.0,0.0,-0.03376007080078125,-0.07687366008758545,0.0431135892868042,-0.01108628511428833,0.018809722376789795,-0.08890825510025024,0.6
robotics,Listwise,4,2-10,0.36907024642854247,0.5,0.08031916618347168,0.05602377653121948,0.024295389652252197,0.17130303382873535,0.23836604986027812,0.08031916618347168,0.6
robotics,Listwise,40,11-100,0.0,0.0,-0.12268692255020142,-0.01523202657699585,-0.10745489597320557,-0.09883135557174683,-0.0958301430931711,-0.2041803002357483,0.7
robotics,Listwise,41,101+,0.0,0.0,0.07144540548324585,-0.2020919919013977,0.27353739738464355,0.3145400583744049,0.2661846694317631,0.05358767509460449,0.8
robotics,Listwise,42,101+,0.0,0.0,-0.013957023620605469,-0.04803740978240967,0.0340803861618042,0.26491665840148926,0.26549027675125625,-0.08567458391189575,0.8
robotics,Listwise,43,11-100,0.0,0.0,-0.09371310472488403,-0.06219041347503662,-0.03152269124984741,0.08087891340255737,0.09074272998229019,-0.054247915744781494,0.5
robotics,Listwise,44,101+,0.0,0.0,0.10705751180648804,0.003986239433288574,0.10307127237319946,0.3120097815990448,0.2999209528819344,0.11111903190612793,0.7
robotics,Listwise,45,1,-0.16844537041637753,0.0,0.009745538234710693,-0.023316562175750732,0.033062100410461426,0.0330623984336853,0.04354802956734694,-0.05520796775817871,0.6
robotics,Listwise,46,11-100,0.3010299956639812,0.1111111111111111,-0.07305037975311279,-0.08035778999328613,0.00730741024017334,0.1842789649963379,0.18357662468700042,-0.07305037975311279,0.5
robotics,Listwise,47,1,0.29047279550897565,0.0,0.024893641471862793,-0.026351749897003174,0.05124539136886597,0.05963927507400513,0.06723314794962112,0.031593918800354004,0.7
robotics,Listwise,48,2-10,-0.20438239758848611,-0.14285714285714285,-0.11189007759094238,-0.06274425983428955,-0.04914581775665283,0.1263786256313324,0.12738571705356438,-0.1232636570930481,0.4
robotics,Listwise,49,11-100,0.0,0.0,-0.018059730529785156,-0.01811319589614868,5.346536636352539e-05,0.09103763103485107,0.11154452947594123,-0.018059730529785156,0.6
robotics,Listwise,5,101+,0.18457569677956817,0.1111111111111111,0.04937618970870972,-0.07536429166793823,0.12474048137664795,0.1718870997428894,0.19179621222074783,0.04825448989868164,0.7
robotics,Listwise,50,11-100,0.3621108234757073,1.0,-0.032073140144348145,-0.13475584983825684,0.10268270969390869,0.03388339281082153,0.04629745141810755,-0.06514817476272583,0.7
robotics,Listwise,51,101+,0.0,0.0,0.003101527690887451,-0.07477807998657227,0.07787960767745972,0.2934987246990204,0.2720157260227687,0.003101438283920288,0.6
robotics,Listwise,52,101+,0.0,0.0,0.029058516025543213,-0.10447323322296143,0.13353174924850464,0.285946249961853,0.2735507353863233,0.029058456420898438,0.6
robotics,Listwise,53,101+,0.0,0.0,0.13654160499572754,0.01838827133178711,0.11815333366394043,0.15948092937469482,0.13506294768689664,0.15005704760551453,0.7
robotics,Listwise,54,11-100,0.14606834984270645,0.25,0.005210995674133301,-0.09669244289398193,0.10190343856811523,0.1749943494796753,0.19149000077374828,-0.03084421157836914,0.6
robotics,Listwise,55,101+,0.0,0.0,-0.1344211995601654,-0.030420124530792236,-0.10400107502937317,-0.11267471313476562,-0.09394945786795106,-0.18628305196762085,0.7
robotics,Listwise,56,101+,0.0,0.0,-0.10430017113685608,-0.08954304456710815,-0.014757126569747925,-0.014757245779037476,-0.020881813778175995,-0.10430023074150085,0.6
robotics,Listwise,57,101+,0.0,0.0,-0.18363970518112183,-0.009797215461730957,-0.17384248971939087,-0.09861049056053162,-0.06661350621001313,-0.1836397349834442,0.8
robotics,Listwise,58,101+,0.0,0.0,-0.24126076698303223,-0.04984170198440552,-0.1914190649986267,0.030682027339935303,0.07911869027175497,-0.19552543759346008,0.7
robotics,Listwise,59,2-10,0.034324189474671585,-0.25,-0.02445274591445923,-0.010425746440887451,-0.014026999473571777,-0.04152041673660278,-0.04278253805116852,0.0021613240242004395,0.6
robotics,Listwise,6,2-10,0.6131471927654584,0.6666666666666667,-0.1036977767944336,-0.1806936264038086,0.076995849609375,0.19012942910194397,0.1784658761472025,-0.09463256597518921,0.8
robotics,Listwise,60,101+,0.0,0.0,-0.030764609575271606,0.01615196466445923,-0.046916574239730835,0.16197335720062256,0.19307319839658527,-0.03076457977294922,0.8
robotics,Listwise,61,11-100,0.0,0.0,-0.04389023780822754,-0.06437075138092041,0.02048051357269287,0.056332409381866455,0.06532591541975188,-0.043890297412872314,0.5
robotics,Listwise,62,11-100,0.0,0.0,-0.11149942874908447,-0.11441105604171753,0.0029116272926330566,0.019486427307128906,0.04728182997299382,-0.1160280704498291,0.7
robotics,Listwise,63,1,0.0,0.0,-0.039974212646484375,-0.04790151119232178,0.007927298545837402,0.007927358150482178,0.015421605414682321,-0.039974093437194824,0.9
robotics,Listwise,64,2-10,-0.24630238874073,-0.5,-0.10494446754455566,0.0004895925521850586,-0.10543406009674072,-0.10543429851531982,-0.0955933112518011,-0.16332554817199707,0.7
robotics,Listwise,65,11-100,0.43067655807339306,0.25,0.024270713329315186,0.002637147903442383,0.021633565425872803,0.027982234954833984,0.034107557098774506,0.02427065372467041,0.6
robotics,Listwise,66,101+,0.0,0.0,-0.07136082649230957,-0.007770538330078125,-0.06359028816223145,-0.06545460224151611,-0.04412554453709283,-0.0396062433719635,0.6
robotics,Listwise,67,101+,0.0,0.0,-0.14859573543071747,-0.050569236278533936,-0.09802651405334473,-0.00902526080608368,0.018233669239389683,-0.14859579503536224,0.5
robotics,Listwise,68,1,-0.06625422345438903,0.0,-0.10634744167327881,-0.01928389072418213,-0.08706355094909668,0.07651954889297485,0.04555854914093391,-0.07444095611572266,0.7
robotics,Listwise,69,11-100,0.0,0.0,-0.06793016195297241,-0.08043116331100464,0.012501001358032227,0.094607412815094,0.10531084318070325,-0.09824356436729431,0.4
robotics,Listwise,7,2-10,-0.1100458831490401,-0.3333333333333333,-0.08888310194015503,-0.012262105941772461,-0.07662099599838257,0.10931175947189331,0.13848586622122977,-0.08227092027664185,0.7
robotics,Listwise,70,1,-0.10144867592605142,-0.5,0.017193257808685303,0.06189459562301636,-0.044701337814331055,0.3025197386741638,0.25043014437023337,-0.048902809619903564,0.7
robotics,Listwise,71,101+,0.0,0.0,-0.010789811611175537,0.0074367523193359375,-0.018226563930511475,0.19031870365142822,0.18844068352253604,-0.010789752006530762,0.8
robotics,Listwise,72,11-100,0.0,0.0,-0.13531708717346191,-0.06105196475982666,-0.07426512241363525,-0.07426506280899048,-0.05227803155643955,-0.13603755831718445,0.7
robotics,Listwise,73,11-100,0.4249260138166711,1.0,0.010689377784729004,-0.1207379698753357,0.1314273476600647,0.17139524221420288,0.21848559915494148,-0.055536091327667236,0.9
robotics,Listwise,74,101+,0.0,0.0,-0.062061816453933716,-0.00893712043762207,-0.053124696016311646,0.03548842668533325,0.04999862186059617,-0.062061846256256104,0.9
robotics,Listwise,75,2-10,0.27370561446908326,0.16666666666666669,-0.035283803939819336,-0.04449605941772461,0.009212255477905273,0.03724849224090576,0.057603850424323845,-0.04991865158081055,0.9
robotics,Listwise,76,101+,0.0,0.0,0.05207893252372742,-0.09667325019836426,0.14875218272209167,0.15096378326416016,0.1649732391610561,0.05207890272140503,0.7
robotics,Listwise,77,101+,0.0,0.0,-0.12569236755371094,-0.08805030584335327,-0.037642061710357666,0.04144516587257385,0.117661405730446,-0.11836349964141846,0.7
robotics,Listwise,78,1,-0.4412576003965278,-1.0,-0.07766181230545044,0.046330928802490234,-0.12399274110794067,-0.123992919921875,-0.14079012146064024,-0.07994937896728516,0.2
robotics,Listwise,79,101+,0.0,0.0,0.04186272621154785,-0.015947818756103516,0.05781054496765137,0.10934105515480042,0.11532114828152401,0.04186275601387024,0.9
robotics,Listwise,8,11-100,0.5274486902992358,0.5,0.12656009197235107,-0.02036726474761963,0.1469273567199707,0.21181857585906982,0.22370470641517823,0.09726858139038086,0.6
robotics,Listwise,80,101+,0.07834851647149513,0.14285714285714285,0.0653124451637268,0.009666621685028076,0.05564582347869873,0.25318023562431335,0.2707323311780769,0.0013805627822875977,0.8
robotics,Listwise,81,101+,0.0,0.0,-0.08779257535934448,0.03270161151885986,-0.12049418687820435,-0.12049436569213867,-0.10961467015847753,-0.09034469723701477,0.8
robotics,Listwise,82,101+,0.0,0.0,-0.07395020127296448,-0.028405487537384033,-0.045544713735580444,0.10023599863052368,0.14658648620382506,-0.07395011186599731,0.7
robotics,Listwise,83,11-100,0.43067655807339306,0.25,0.1053934097290039,-0.0062590837478637695,0.11165249347686768,0.3721160590648651,0.3406413833038139,0.1053934097290039,0.7
robotics,Listwise,84,1,0.3496654531965808,0.0,0.016163110733032227,-0.08747005462646484,0.10363316535949707,-0.015646934509277344,-0.019966702965482738,-0.0634259581565857,0.6
robotics,Listwise,85,11-100,0.0,0.0,-0.10382318496704102,-0.0796547532081604,-0.024168431758880615,-0.0022557973861694336,0.009218039002559172,-0.10999512672424316,0.7
robotics,Listwise,86,11-100,0.19342640361727081,0.125,-0.043014347553253174,0.0018572807312011719,-0.044871628284454346,-0.04487168788909912,-0.04404125669591924,-0.0712772011756897,0.7
robotics,Listwise,87,101+,0.0,0.0,-0.03471094369888306,-0.19594013690948486,0.1612291932106018,0.19292065501213074,0.1897122049964226,-0.0567726194858551,0.6
robotics,Listwise,88,101+,0.0,0.0,0.04881519079208374,-0.03131568431854248,0.08013087511062622,0.06304767727851868,0.0488632530034766,0.04257926344871521,0.6
robotics,Listwise,89,101+,0.0874717141014082,0.1,-0.014627516269683838,-0.04711902141571045,0.03249150514602661,0.17017143964767456,0.19922955527766467,-0.0387631356716156,0.4
robotics,Listwise,9,101+,0.0,0.0,-0.056931495666503906,-0.10790091753005981,0.05096942186355591,0.07266771793365479,0.0900178096843388,-0.06636601686477661,0.7
robotics,Listwise,90,11-100,0.07839826897867534,0.16666666666666666,-0.013130247592926025,-0.026907742023468018,0.013777494430541992,0.2252492904663086,0.23835542487897252,-0.00025072693824768066,0.8
robotics,Listwise,91,1,-0.6437928128919779,-0.8333333333333334,-0.04516834020614624,-0.012705385684967041,-0.0324629545211792,-0.020992159843444824,-0.03569819312039808,-0.045168399810791016,0.6
robotics,Listwise,92,2-10,0.6437928128919779,0.8333333333333334,-0.014780938625335693,-0.12194198369979858,0.10716104507446289,0.19143760204315186,0.19530648417987548,-0.014780879020690918,0.7
robotics,Listwise,93,1,0.0,0.0,-0.09031987190246582,-0.03475731611251831,-0.05556255578994751,-0.08884203433990479,-0.11711513025284304,-0.1206362247467041,0.9
robotics,Listwise,94,1,0.0,0.0,-0.13499987125396729,-0.10430634021759033,-0.030693531036376953,-0.021495580673217773,-0.030819075718754405,-0.13499999046325684,0.8
robotics,Listwise,95,101+,0.0,0.0,-0.04160499572753906,0.091785728931427,-0.13339072465896606,0.13873633742332458,0.17311179806275973,-0.041605085134506226,0.7
robotics,Listwise,96,101+,0.0,0.0,-0.12410733103752136,0.05642366409301758,-0.18053099513053894,-0.07260704040527344,-0.05489521496534633,-0.12410730123519897,0.5
robotics,Listwise,97,101+,0.0,0.0,0.05223947763442993,0.08918237686157227,-0.036942899227142334,-0.002984166145324707,-0.007182951539056084,0.09234565496444702,0.9
robotics,Listwise,98,101+,0.16716045496620227,0.16666666666666666,0.07738220691680908,0.014759600162506104,0.06262260675430298,0.3260284662246704,0.27905580186310386,0.07595261931419373,0.7
robotics,Listwise,99,2-10,-0.31546487678572877,-0.125,-0.061051905155181885,-0.0009312629699707031,-0.06012064218521118,-0.012711644172668457,-0.006722779709080168,-0.06105184555053711,0.7
theoremqa_theorems,E0,TheoremQA_elainewan/econ_micro_7.json,2-10,0.0,0.0,0.0,0.0,0.0,0.0,0.0,0.0,1.0
theoremqa_theorems,E0,TheoremQA_elainewan/math_algebra_1.json,101+,0.0,0.0,0.0,0.0,0.0,0.0,0.0,0.0,1.0
theoremqa_theorems,E0,TheoremQA_elainewan/math_algebra_1_2.json,101+,0.0,0.0,0.0,0.0,0.0,0.0,0.0,0.0,1.0
theoremqa_theorems,E0,TheoremQA_elainewan/math_algebra_3_2.json,101+,0.0,0.0,0.0,0.0,0.0,0.0,0.0,0.0,1.0
theoremqa_theorems,E0,TheoremQA_elainewan/math_algebra_4.json,2-10,0.0,0.0,0.0,0.0,0.0,0.0,0.0,0.0,1.0
theoremqa_theorems,E0,TheoremQA_elainewan/math_algebra_4_3.json,101+,0.0,0.0,0.0,0.0,0.0,0.0,0.0,0.0,1.0
theoremqa_theorems,E0,TheoremQA_elainewan/math_algebra_5.json,2-10,0.0,0.0,0.0,0.0,0.0,0.0,0.0,0.0,1.0
theoremqa_theorems,E0,TheoremQA_elainewan/math_algebra_7_2.json,2-10,0.0,0.0,0.0,0.0,0.0,0.0,0.0,0.0,1.0
theoremqa_theorems,E0,TheoremQA_elainewan/math_calculus_12.json,101+,0.0,0.0,0.0,0.0,0.0,0.0,0.0,0.0,1.0
theoremqa_theorems,E0,TheoremQA_elainewan/math_calculus_2_11.json,101+,0.0,0.0,0.0,0.0,0.0,0.0,0.0,0.0,1.0
theoremqa_theorems,E0,TheoremQA_elainewan/math_calculus_2_7.json,11-100,0.0,0.0,0.0,0.0,0.0,0.0,0.0,0.0,1.0
theoremqa_theorems,E0,TheoremQA_elainewan/math_calculus_3_8.json,101+,0.0,0.0,0.0,0.0,0.0,0.0,0.0,0.0,1.0
theoremqa_theorems,E0,TheoremQA_jianyu_xu/Binomial_2.json,101+,0.0,0.0,0.0,0.0,0.0,0.0,0.0,0.0,1.0
theoremqa_theorems,E0,TheoremQA_jianyu_xu/Binomial_3.json,2-10,0.0,0.0,0.0,0.0,0.0,0.0,0.0,0.0,1.0
theoremqa_theorems,E0,TheoremQA_jianyu_xu/Binomial_4.json,2-10,0.0,0.0,0.0,0.0,0.0,0.0,0.0,0.0,1.0
theoremqa_theorems,E0,TheoremQA_jianyu_xu/Binomial_5.json,1,0.0,0.0,0.0,0.0,0.0,0.0,0.0,0.0,1.0
theoremqa_theorems,E0,TheoremQA_jianyu_xu/Binomial_6.json,2-10,0.0,0.0,0.0,0.0,0.0,0.0,0.0,0.0,1.0
theoremqa_theorems,E0,TheoremQA_jianyu_xu/Catalan_1.json,2-10,0.0,0.0,0.0,0.0,0.0,0.0,0.0,0.0,1.0
theoremqa_theorems,E0,TheoremQA_jianyu_xu/Catalan_2.json,101+,0.0,0.0,0.0,0.0,0.0,0.0,0.0,0.0,1.0
theoremqa_theorems,E0,TheoremQA_jianyu_xu/Cayley_3.json,2-10,0.0,0.0,0.0,0.0,0.0,0.0,0.0,0.0,1.0
theoremqa_theorems,E0,TheoremQA_jianyu_xu/Graph_2.json,2-10,0.0,0.0,0.0,0.0,0.0,0.0,0.0,0.0,1.0
theoremqa_theorems,E0,TheoremQA_jianyu_xu/Multinomial_1.json,2-10,0.0,0.0,0.0,0.0,0.0,0.0,0.0,0.0,1.0
theoremqa_theorems,E0,TheoremQA_jianyu_xu/Multinomial_2.json,101+,0.0,0.0,0.0,0.0,0.0,0.0,0.0,0.0,1.0
theoremqa_theorems,E0,TheoremQA_jianyu_xu/Multinomial_3.json,101+,0.0,0.0,0.0,0.0,0.0,0.0,0.0,0.0,1.0
theoremqa_theorems,E0,TheoremQA_jianyu_xu/Multinomial_4.json,101+,0.0,0.0,0.0,0.0,0.0,0.0,0.0,0.0,1.0
theoremqa_theorems,E0,TheoremQA_jianyu_xu/Multinomial_6.json,101+,0.0,0.0,0.0,0.0,0.0,0.0,0.0,0.0,1.0
theoremqa_theorems,E0,TheoremQA_jianyu_xu/Ramsey_2.json,2-10,0.0,0.0,0.0,0.0,0.0,0.0,0.0,0.0,1.0
theoremqa_theorems,E0,TheoremQA_jianyu_xu/Ramsey_3.json,2-10,0.0,0.0,0.0,0.0,0.0,0.0,0.0,0.0,1.0
theoremqa_theorems,E0,TheoremQA_jianyu_xu/Ramsey_4.json,1,0.0,0.0,0.0,0.0,0.0,0.0,0.0,0.0,1.0
theoremqa_theorems,E0,TheoremQA_jianyu_xu/Ramsey_5.json,1,0.0,0.0,0.0,0.0,0.0,0.0,0.0,0.0,1.0
theoremqa_theorems,E0,TheoremQA_jianyu_xu/Ramsey_6.json,1,0.0,0.0,0.0,0.0,0.0,0.0,0.0,0.0,1.0
theoremqa_theorems,E0,TheoremQA_jianyu_xu/Stirling_number_first_kind_5.json,11-100,0.0,0.0,0.0,0.0,0.0,0.0,0.0,0.0,1.0
theoremqa_theorems,E0,TheoremQA_jianyu_xu/Stirling_number_second_kind_3.json,2-10,0.0,0.0,0.0,0.0,0.0,0.0,0.0,0.0,1.0
theoremqa_theorems,E0,TheoremQA_jianyu_xu/Stirling_number_second_kind_5.json,2-10,0.0,0.0,0.0,0.0,0.0,0.0,0.0,0.0,1.0
theoremqa_theorems,E0,TheoremQA_jianyu_xu/pigeonhole_1.json,2-10,0.0,0.0,0.0,0.0,0.0,0.0,0.0,0.0,1.0
theoremqa_theorems,E0,TheoremQA_jianyu_xu/pigeonhole_2.json,11-100,0.0,0.0,0.0,0.0,0.0,0.0,0.0,0.0,1.0
theoremqa_theorems,E0,TheoremQA_jianyu_xu/pigeonhole_3.json,2-10,0.0,0.0,0.0,0.0,0.0,0.0,0.0,0.0,1.0
theoremqa_theorems,E0,TheoremQA_jianyu_xu/pigeonhole_4.json,2-10,0.0,0.0,0.0,0.0,0.0,0.0,0.0,0.0,1.0
theoremqa_theorems,E0,TheoremQA_maxku/ipnetwork13-hammingdist.json,101+,0.0,0.0,0.0,0.0,0.0,0.0,0.0,0.0,1.0
theoremqa_theorems,E0,TheoremQA_maxku/signalprocessing11-nyquist.json,2-10,0.0,0.0,0.0,0.0,0.0,0.0,0.0,0.0,1.0
theoremqa_theorems,E0,TheoremQA_mingyin/Fundamental-Theorem-of-Calculus3.json,101+,0.0,0.0,0.0,0.0,0.0,0.0,0.0,0.0,1.0
theoremqa_theorems,E0,TheoremQA_mingyin/Lebesgue-measure1.json,2-10,0.0,0.0,0.0,0.0,0.0,0.0,0.0,0.0,1.0
theoremqa_theorems,E0,TheoremQA_mingyin/cauchy-integral-theorem1.json,2-10,0.0,0.0,0.0,0.0,0.0,0.0,0.0,0.0,1.0
theoremqa_theorems,E0,TheoremQA_mingyin/convexity1.json,11-100,0.0,0.0,0.0,0.0,0.0,0.0,0.0,0.0,1.0
theoremqa_theorems,E0,TheoremQA_mingyin/series2.json,11-100,0.0,0.0,0.0,0.0,0.0,0.0,0.0,0.0,1.0
theoremqa_theorems,E0,TheoremQA_panlu/gravitational_force2.json,2-10,0.0,0.0,0.0,0.0,0.0,0.0,0.0,0.0,1.0
theoremqa_theorems,E0,TheoremQA_panlu/rigid-body3.json,1,0.0,0.0,0.0,0.0,0.0,0.0,0.0,0.0,1.0
theoremqa_theorems,E0,TheoremQA_panlu/similarity2.json,2-10,0.0,0.0,0.0,0.0,0.0,0.0,0.0,0.0,1.0
theoremqa_theorems,E0,TheoremQA_panlu/similarity3.json,11-100,0.0,0.0,0.0,0.0,0.0,0.0,0.0,0.0,1.0
theoremqa_theorems,E0,TheoremQA_tonyxia/maxplanar1.json,1,0.0,0.0,0.0,0.0,0.0,0.0,0.0,0.0,1.0
theoremqa_theorems,E0,TheoremQA_tonyxia/maxplanar3.json,1,0.0,0.0,0.0,0.0,0.0,0.0,0.0,0.0,1.0
theoremqa_theorems,E0,TheoremQA_wenhuchen/L'Hôpital_rule1.json,11-100,0.0,0.0,0.0,0.0,0.0,0.0,0.0,0.0,1.0
theoremqa_theorems,E0,TheoremQA_wenhuchen/Liouville’s_theorem1.json,1,0.0,0.0,0.0,0.0,0.0,0.0,0.0,0.0,1.0
theoremqa_theorems,E0,TheoremQA_wenhuchen/Liouville’s_theorem2.json,2-10,0.0,0.0,0.0,0.0,0.0,0.0,0.0,0.0,1.0
theoremqa_theorems,E0,TheoremQA_wenhuchen/ODE2.json,101+,0.0,0.0,0.0,0.0,0.0,0.0,0.0,0.0,1.0
theoremqa_theorems,E0,TheoremQA_wenhuchen/ODE3.json,101+,0.0,0.0,0.0,0.0,0.0,0.0,0.0,0.0,1.0
theoremqa_theorems,E0,TheoremQA_wenhuchen/Rolle's_theorem.json,11-100,0.0,0.0,0.0,0.0,0.0,0.0,0.0,0.0,1.0
theoremqa_theorems,E0,TheoremQA_wenhuchen/cauchy_integral1.json,101+,0.0,0.0,0.0,0.0,0.0,0.0,0.0,0.0,1.0
theoremqa_theorems,E0,TheoremQA_wenhuchen/definite_matrix1.json,2-10,0.0,0.0,0.0,0.0,0.0,0.0,0.0,0.0,1.0
theoremqa_theorems,E0,TheoremQA_wenhuchen/eigen_value1.json,2-10,0.0,0.0,0.0,0.0,0.0,0.0,0.0,0.0,1.0
theoremqa_theorems,E0,TheoremQA_wenhuchen/jensen1.json,101+,0.0,0.0,0.0,0.0,0.0,0.0,0.0,0.0,1.0
theoremqa_theorems,E0,TheoremQA_wenhuchen/kepler's_law1.json,1,0.0,0.0,0.0,0.0,0.0,0.0,0.0,0.0,1.0
theoremqa_theorems,E0,TheoremQA_wenhuchen/kepler's_law3.json,1,0.0,0.0,0.0,0.0,0.0,0.0,0.0,0.0,1.0
theoremqa_theorems,E0,TheoremQA_wenhuchen/series_convergen2.json,11-100,0.0,0.0,0.0,0.0,0.0,0.0,0.0,0.0,1.0
theoremqa_theorems,E0,TheoremQA_wenhuchen/t_test1.json,1,0.0,0.0,0.0,0.0,0.0,0.0,0.0,0.0,1.0
theoremqa_theorems,E0,TheoremQA_wenhuchen/t_test2.json,1,0.0,0.0,0.0,0.0,0.0,0.0,0.0,0.0,1.0
theoremqa_theorems,E0,TheoremQA_wenhuchen/t_test3.json,2-10,0.0,0.0,0.0,0.0,0.0,0.0,0.0,0.0,1.0
theoremqa_theorems,E0,TheoremQA_wenhuchen/trapezoidal_rule3.json,2-10,0.0,0.0,0.0,0.0,0.0,0.0,0.0,0.0,1.0
theoremqa_theorems,E0,TheoremQA_wenhuchen/viterbi2.json,1,0.0,0.0,0.0,0.0,0.0,0.0,0.0,0.0,1.0
theoremqa_theorems,E0,TheoremQA_xinyi/dag_1.json,11-100,0.0,0.0,0.0,0.0,0.0,0.0,0.0,0.0,1.0
theoremqa_theorems,E0,TheoremQA_xinyi/dag_2.json,11-100,0.0,0.0,0.0,0.0,0.0,0.0,0.0,0.0,1.0
theoremqa_theorems,E0,TheoremQA_xinyi/dag_3.json,101+,0.0,0.0,0.0,0.0,0.0,0.0,0.0,0.0,1.0
theoremqa_theorems,E0,TheoremQA_xinyi/linear_projection.json,2-10,0.0,0.0,0.0,0.0,0.0,0.0,0.0,0.0,1.0
theoremqa_theorems,E0,TheoremQA_xinyi/maximum_entropy_2.json,2-10,0.0,0.0,0.0,0.0,0.0,0.0,0.0,0.0,1.0
theoremqa_theorems,E0,TheoremQA_xueguangma/intermediate_value_theorem.json,1,0.0,0.0,0.0,0.0,0.0,0.0,0.0,0.0,1.0
theoremqa_theorems,E0,TheoremQA_xueguangma/taylors_approximation_theorem.json,101+,0.0,0.0,0.0,0.0,0.0,0.0,0.0,0.0,1.0
theoremqa_theorems,InfoNCE,TheoremQA_elainewan/econ_micro_7.json,2-10,0.06932344192660694,0.08333333333333331,0.27361437678337097,0.2551259994506836,0.018488377332687378,0.07322657108306885,0.08942399502255494,0.2736143469810486,0.7
theoremqa_theorems,InfoNCE,TheoremQA_elainewan/math_algebra_1.json,101+,0.38685280723454163,0.2,0.3808090090751648,0.23252415657043457,0.14828485250473022,0.14828482270240784,0.1077151290255266,0.3808089792728424,0.8
theoremqa_theorems,InfoNCE,TheoremQA_elainewan/math_algebra_1_2.json,101+,0.0,0.0,0.3445773720741272,0.12961769104003906,0.21495968103408813,0.21788853406906128,0.12629092827745764,0.3568975031375885,0.9
theoremqa_theorems,InfoNCE,TheoremQA_elainewan/math_algebra_3_2.json,101+,0.0,0.0,0.26209330558776855,0.1756805181503296,0.08641278743743896,0.08942225575447083,0.039138331198851406,0.2718714475631714,0.8
theoremqa_theorems,InfoNCE,TheoremQA_elainewan/math_algebra_4.json,2-10,-0.05061143151469032,-0.1388888888888889,0.1967981457710266,0.18886178731918335,0.007936358451843262,0.00793612003326416,-0.01421390077810119,0.21445465087890625,0.9
theoremqa_theorems,InfoNCE,TheoremQA_elainewan/math_algebra_4_3.json,101+,0.0,0.0,0.28332164883613586,0.21323609352111816,0.0700855553150177,0.07867634296417236,0.035022978490736684,0.2833216190338135,0.8
theoremqa_theorems,InfoNCE,TheoremQA_elainewan/math_algebra_5.json,2-10,0.22629438553091674,0.5,0.22832810878753662,0.21590536832809448,0.012422740459442139,0.04086941480636597,0.0555894792119701,0.2264488935470581,1.0
theoremqa_theorems,InfoNCE,TheoremQA_elainewan/math_algebra_7_2.json,2-10,0.6469789328040543,0.8888888888888888,0.29740357398986816,0.26584959030151367,0.03155398368835449,0.03155398368835449,0.060772805887982916,0.28811585903167725,1.0
theoremqa_theorems,InfoNCE,TheoremQA_elainewan/math_calculus_12.json,101+,0.0,0.0,0.2575371265411377,0.2728549838066101,-0.015317857265472412,0.03110376000404358,-0.035678039861488486,0.2575370967388153,0.9
theoremqa_theorems,InfoNCE,TheoremQA_elainewan/math_calculus_2_11.json,101+,0.0,0.0,0.2162567377090454,0.14931803941726685,0.06693869829177856,0.10731029510498047,0.10371108686389963,0.2919538915157318,0.9
theoremqa_theorems,InfoNCE,TheoremQA_elainewan/math_calculus_2_7.json,11-100,0.0,0.0,0.2512470483779907,0.20397454500198364,0.04727250337600708,0.044907212257385254,0.001810410507429333,0.23532113432884216,1.0
theoremqa_theorems,InfoNCE,TheoremQA_elainewan/math_calculus_3_8.json,101+,0.0,0.0,0.24991345405578613,0.13153302669525146,0.11838042736053467,0.14451438188552856,0.10807700026853925,0.2499135136604309,1.0
theoremqa_theorems,InfoNCE,TheoremQA_jianyu_xu/Binomial_2.json,101+,0.0,0.0,0.33561959862709045,0.2817302942276001,0.053889304399490356,0.05388915538787842,-0.046915982898476816,0.33561962842941284,0.8
theoremqa_theorems,InfoNCE,TheoremQA_jianyu_xu/Binomial_3.json,2-10,0.05309757047402555,0.1333333333333333,0.2476658821105957,0.24297112226486206,0.004694759845733643,0.010676980018615723,-0.009007110669429129,0.288318008184433,0.9
theoremqa_theorems,InfoNCE,TheoremQA_jianyu_xu/Binomial_4.json,2-10,-0.18154179253735267,-0.2,0.16484659910202026,0.20565104484558105,-0.04080444574356079,-0.04080444574356079,-0.11596437571711539,0.2502550780773163,0.9
theoremqa_theorems,InfoNCE,TheoremQA_jianyu_xu/Binomial_5.json,1,-0.3490790701928675,-0.75,0.1707749366760254,0.23941320180892944,-0.06863826513290405,-0.049541354179382324,-0.0652988369371101,0.2533455491065979,1.0
theoremqa_theorems,InfoNCE,TheoremQA_jianyu_xu/Binomial_6.json,2-10,-0.19519002499605084,-0.3333333333333333,0.1604534387588501,0.2188352346420288,-0.05838179588317871,-0.05838167667388916,-0.12215377620890823,0.24774524569511414,0.8
theoremqa_theorems,InfoNCE,TheoremQA_jianyu_xu/Catalan_1.json,2-10,-0.6309297535714575,-0.5,0.20404374599456787,0.2367701530456543,-0.032726407051086426,0.00493544340133667,-0.0008746458917398107,0.20404380559921265,1.0
theoremqa_theorems,InfoNCE,TheoremQA_jianyu_xu/Catalan_2.json,101+,0.0,0.0,0.23903828859329224,0.18563854694366455,0.053399741649627686,0.053399741649627686,-0.0012381740019861975,0.239038348197937,0.8
theoremqa_theorems,InfoNCE,TheoremQA_jianyu_xu/Cayley_3.json,2-10,0.36907024642854247,0.5,0.22018349170684814,0.20334851741790771,0.01683497428894043,0.024699687957763672,0.030649102471491087,0.22018349170684814,0.8
theoremqa_theorems,InfoNCE,TheoremQA_jianyu_xu/Graph_2.json,2-10,0.22629438553091674,0.5,0.20213449001312256,0.19564872980117798,0.00648576021194458,0.006485879421234131,0.006979241058338119,0.22681879997253418,0.8
theoremqa_theorems,InfoNCE,TheoremQA_jianyu_xu/Multinomial_1.json,2-10,0.0349468915343453,0.08333333333333334,0.2555777430534363,0.24781477451324463,0.00776296854019165,0.052826881408691406,0.06438371684999522,0.30134835839271545,1.0
theoremqa_theorems,InfoNCE,TheoremQA_jianyu_xu/Multinomial_2.json,101+,0.0,0.0,0.33299684524536133,0.22572630643844604,0.10727053880691528,0.1778372824192047,0.15759724878029652,0.313477098941803,1.0
theoremqa_theorems,InfoNCE,TheoremQA_jianyu_xu/Multinomial_3.json,101+,0.0,0.0,0.33919820189476013,0.2782158851623535,0.060982316732406616,0.0805203914642334,7.845732705191732e-05,0.33585768938064575,0.9
theoremqa_theorems,InfoNCE,TheoremQA_jianyu_xu/Multinomial_4.json,101+,0.0,0.0,0.34261447191238403,0.27863311767578125,0.06398135423660278,0.09440183639526367,0.027194351393751204,0.3376159965991974,1.0
theoremqa_theorems,InfoNCE,TheoremQA_jianyu_xu/Multinomial_6.json,101+,0.0,0.0,0.37024015188217163,0.2744884192943573,0.09575173258781433,0.10057812929153442,0.04189110893495601,0.370240181684494,0.8
theoremqa_theorems,InfoNCE,TheoremQA_jianyu_xu/Ramsey_2.json,2-10,0.19342640361727081,0.16666666666666669,0.20868349075317383,0.18347471952438354,0.025208771228790283,0.10361713171005249,0.1060003955853416,0.2308177947998047,0.9
theoremqa_theorems,InfoNCE,TheoremQA_jianyu_xu/Ramsey_3.json,2-10,-0.009637491896492323,-0.16666666666666669,0.21230393648147583,0.20491600036621094,0.007387936115264893,0.008795499801635742,0.0054944739193753134,0.2299814224243164,1.0
theoremqa_theorems,InfoNCE,TheoremQA_jianyu_xu/Ramsey_4.json,1,0.08027921085181244,0.0,0.22311067581176758,0.22281134128570557,0.0002993345260620117,0.06437402963638306,0.08119113866201697,0.24915969371795654,0.8
theoremqa_theorems,InfoNCE,TheoremQA_jianyu_xu/Ramsey_5.json,1,0.0,0.0,0.20600014925003052,0.2323063611984253,-0.026306211948394775,0.10187923908233643,0.1427224654651177,0.2332952618598938,0.9
theoremqa_theorems,InfoNCE,TheoremQA_jianyu_xu/Ramsey_6.json,1,0.0,0.0,0.18936216831207275,0.21470719575881958,-0.025345027446746826,-0.013476550579071045,0.008860816241114108,0.2145991325378418,1.0
theoremqa_theorems,InfoNCE,TheoremQA_jianyu_xu/Stirling_number_first_kind_5.json,11-100,0.0,0.0,0.25535666942596436,0.27019059658050537,-0.014833927154541016,0.06241559982299805,0.07305101141556741,0.2553567886352539,0.9
theoremqa_theorems,InfoNCE,TheoremQA_jianyu_xu/Stirling_number_second_kind_3.json,2-10,0.004670963407491846,0.0,0.23165571689605713,0.21523737907409668,0.01641833782196045,0.03320789337158203,0.046730022123697826,0.2578272223472595,0.9
theoremqa_theorems,InfoNCE,TheoremQA_jianyu_xu/Stirling_number_second_kind_5.json,2-10,-0.03230333766935212,-0.031746031746031744,0.23758870363235474,0.2147367000579834,0.022852003574371338,0.04557478427886963,0.06907887853996547,0.23758870363235474,0.9
theoremqa_theorems,InfoNCE,TheoremQA_jianyu_xu/pigeonhole_1.json,2-10,0.22629438553091674,0.5,0.22685706615447998,0.14826732873916626,0.07858973741531372,0.07858973741531372,0.08464087041874943,0.20220011472702026,1.0
theoremqa_theorems,InfoNCE,TheoremQA_jianyu_xu/pigeonhole_2.json,11-100,0.0,0.0,0.21917736530303955,0.19775229692459106,0.021425068378448486,0.033428192138671875,-0.0035058409631867904,0.21917736530303955,0.6
theoremqa_theorems,InfoNCE,TheoremQA_jianyu_xu/pigeonhole_3.json,2-10,0.0,0.0,0.2219853401184082,0.17826956510543823,0.04371577501296997,0.04371565580368042,0.0340784163289642,0.22198528051376343,0.5
theoremqa_theorems,InfoNCE,TheoremQA_jianyu_xu/pigeonhole_4.json,2-10,0.08027921085181244,0.16666666666666669,0.23250263929367065,0.12349939346313477,0.10900324583053589,0.10900324583053589,0.1056537535848994,0.20874664187431335,0.9
theoremqa_theorems,InfoNCE,TheoremQA_maxku/ipnetwork13-hammingdist.json,101+,0.0,0.0,0.2671237885951996,0.25744038820266724,0.009683400392532349,0.009683400392532349,-0.03199199203333655,0.2671237885951996,0.8
theoremqa_theorems,InfoNCE,TheoremQA_maxku/signalprocessing11-nyquist.json,2-10,-0.6309297535714575,-0.5,0.21288561820983887,0.23942983150482178,-0.02654421329498291,0.02635359764099121,0.02785804324281814,0.21288561820983887,0.8
theoremqa_theorems,InfoNCE,TheoremQA_mingyin/Fundamental-Theorem-of-Calculus3.json,101+,0.0,0.0,0.2435387372970581,0.11503338813781738,0.12850534915924072,0.12850546836853027,0.1253505685668124,0.24353879690170288,0.9
theoremqa_theorems,InfoNCE,TheoremQA_mingyin/Lebesgue-measure1.json,2-10,-0.48247555939075504,-0.25,0.1918753981590271,0.19606530666351318,-0.004189908504486084,-0.01178830862045288,-0.0509922248320331,0.1901566982269287,0.8
theoremqa_theorems,InfoNCE,TheoremQA_mingyin/cauchy-integral-theorem1.json,2-10,-0.2890648263178879,-0.1,0.18396306037902832,0.12792837619781494,0.05603468418121338,0.05603468418121338,0.05393084743413977,0.18396317958831787,0.9
theoremqa_theorems,InfoNCE,TheoremQA_mingyin/convexity1.json,11-100,0.0,0.0,0.2236667275428772,0.17386913299560547,0.04979759454727173,0.061890244483947754,0.03012456265849081,0.22366660833358765,0.9
theoremqa_theorems,InfoNCE,TheoremQA_mingyin/series2.json,11-100,0.3562071871080222,0.16666666666666666,0.2611463665962219,0.16690433025360107,0.09424203634262085,0.1329665184020996,0.14384175718848646,0.26114630699157715,0.9
theoremqa_theorems,InfoNCE,TheoremQA_panlu/gravitational_force2.json,2-10,0.13163539149965342,0.25,0.2694970369338989,0.1953061819076538,0.07419085502624512,0.10355830192565918,0.14152040923244752,0.2552351951599121,1.0
theoremqa_theorems,InfoNCE,TheoremQA_panlu/rigid-body3.json,1,-0.1227846846619507,0.0,0.2556777596473694,0.29507553577423096,-0.03939777612686157,0.05230933427810669,0.1258034466748848,0.2560962438583374,0.9
theoremqa_theorems,InfoNCE,TheoremQA_panlu/similarity2.json,2-10,0.07064171895532007,0.125,0.22162199020385742,0.19847708940505981,0.023144900798797607,0.04097992181777954,0.04154305453900209,0.2175072431564331,0.6
theoremqa_theorems,InfoNCE,TheoremQA_panlu/similarity3.json,11-100,0.3562071871080222,0.16666666666666666,0.2683361768722534,0.20965999364852905,0.058676183223724365,0.1394360065460205,0.16407393305931917,0.2683361768722534,0.7
theoremqa_theorems,InfoNCE,TheoremQA_tonyxia/maxplanar1.json,1,-0.6131471927654584,-0.8,0.19705140590667725,0.2181239128112793,-0.02107250690460205,0.0062558650970458984,0.009848380036736541,0.19911861419677734,1.0
theoremqa_theorems,InfoNCE,TheoremQA_tonyxia/maxplanar3.json,1,-0.5437713091520254,-0.6666666666666667,0.21321415901184082,0.2367098331451416,-0.02349567413330078,-0.022367775440216064,-0.023818106461625625,0.22247499227523804,1.0
theoremqa_theorems,InfoNCE,TheoremQA_wenhuchen/L'Hôpital_rule1.json,11-100,0.3333333333333333,0.14285714285714285,0.24653983116149902,0.16618680953979492,0.0803530216217041,0.08035308122634888,0.059993782531655854,0.2465398907661438,0.9
theoremqa_theorems,InfoNCE,TheoremQA_wenhuchen/Liouville’s_theorem1.json,1,-0.0933723901515493,0.0,0.1145789623260498,0.1601209044456482,-0.04554194211959839,-0.05166560411453247,-0.041979253559552565,0.0913349986076355,1.0
theoremqa_theorems,InfoNCE,TheoremQA_wenhuchen/Liouville’s_theorem2.json,2-10,-0.03253201651083071,-0.08333333333333331,0.2126305103302002,0.22457855939865112,-0.011948049068450928,0.07039916515350342,0.07829184305223108,0.20755314826965332,0.8
theoremqa_theorems,InfoNCE,TheoremQA_wenhuchen/ODE2.json,101+,0.0,0.0,0.27236270904541016,0.18695831298828125,0.0854043960571289,0.11392027139663696,0.11779789735667079,0.27316880226135254,0.8
theoremqa_theorems,InfoNCE,TheoremQA_wenhuchen/ODE3.json,101+,0.0,0.0,0.3432559370994568,0.18091636896133423,0.16233956813812256,0.162339448928833,0.10847518694551506,0.3480362594127655,0.9
theoremqa_theorems,InfoNCE,TheoremQA_wenhuchen/Rolle's_theorem.json,11-100,1.0,1.0,0.24667954444885254,0.12123507261276245,0.1254444718360901,0.15446370840072632,0.16474115532593273,0.26731806993484497,0.8
theoremqa_theorems,InfoNCE,TheoremQA_wenhuchen/cauchy_integral1.json,101+,0.0,0.0,0.2992405891418457,0.2128974199295044,0.08634316921234131,0.13255465030670166,0.10138624143031234,0.2992406487464905,0.8
theoremqa_theorems,InfoNCE,TheoremQA_wenhuchen/definite_matrix1.json,2-10,-0.045660685754426694,-0.08333333333333334,0.15073364973068237,0.09839451313018799,0.052339136600494385,0.05233919620513916,0.013470158765225476,0.2128974199295044,0.8
theoremqa_theorems,InfoNCE,TheoremQA_wenhuchen/eigen_value1.json,2-10,0.06937588361343294,0.0,0.21294128894805908,0.18921273946762085,0.023728549480438232,0.023728668689727783,0.04236780813220499,0.23768526315689087,1.0
theoremqa_theorems,InfoNCE,TheoremQA_wenhuchen/jensen1.json,101+,0.0,0.0,0.23325896263122559,0.16786080598831177,0.06539815664291382,0.06539806723594666,0.023436060667733793,0.22907742857933044,0.8
theoremqa_theorems,InfoNCE,TheoremQA_wenhuchen/kepler's_law1.json,1,0.0,0.0,0.2066628336906433,0.22140014171600342,-0.014737308025360107,-0.014737427234649658,0.0045494759089471926,0.20666277408599854,0.9
theoremqa_theorems,InfoNCE,TheoremQA_wenhuchen/kepler's_law3.json,1,0.0,0.0,0.15363198518753052,0.22045284509658813,-0.06682085990905762,-0.06682085990905762,-0.03996274489537781,0.1781078577041626,0.9
theoremqa_theorems,InfoNCE,TheoremQA_wenhuchen/series_convergen2.json,11-100,0.0,0.0,0.24171018600463867,0.1626420021057129,0.07906818389892578,0.077583909034729,0.060010053525698895,0.2557060718536377,0.9
theoremqa_theorems,InfoNCE,TheoremQA_wenhuchen/t_test1.json,1,0.0,0.0,0.2923574447631836,0.2672360837459564,0.025121361017227173,0.01879897713661194,0.07459102718805079,0.30030015110969543,0.7
theoremqa_theorems,InfoNCE,TheoremQA_wenhuchen/t_test2.json,1,0.08027921085181244,0.0,0.3205733299255371,0.2730713486671448,0.047501981258392334,0.04693204164505005,0.10612048516797828,0.33134013414382935,0.7
theoremqa_theorems,InfoNCE,TheoremQA_wenhuchen/t_test3.json,2-10,0.3065735963827292,0.5,0.3435392379760742,0.2771949768066406,0.0663442611694336,0.09651675820350647,0.11103977227154625,0.35428380966186523,0.7
theoremqa_theorems,InfoNCE,TheoremQA_wenhuchen/trapezoidal_rule3.json,2-10,-0.20025319549806447,-0.25,0.22030556201934814,0.2048686146736145,0.015436947345733643,0.059870898723602295,0.07678077977456099,0.22030556201934814,0.7
theoremqa_theorems,InfoNCE,TheoremQA_wenhuchen/viterbi2.json,1,-0.36907024642854247,-0.5,0.2918139100074768,0.3041346073150635,-0.01232069730758667,0.014752864837646484,0.02481127932063536,0.2918139696121216,0.7
theoremqa_theorems,InfoNCE,TheoremQA_xinyi/dag_1.json,11-100,0.0,0.0,0.18799173831939697,0.20621740818023682,-0.018225669860839844,0.031119108200073242,0.02834849935482841,0.226475328207016,0.8
theoremqa_theorems,InfoNCE,TheoremQA_xinyi/dag_2.json,11-100,0.0,0.0,0.23456525802612305,0.22566425800323486,0.008901000022888184,0.05973470211029053,0.050362133549989765,0.24995741248130798,0.9
theoremqa_theorems,InfoNCE,TheoremQA_xinyi/dag_3.json,101+,0.0,0.0,0.276292085647583,0.21345549821853638,0.06283658742904663,0.08765625953674316,0.01527963423961548,0.27629220485687256,0.9
theoremqa_theorems,InfoNCE,TheoremQA_xinyi/linear_projection.json,2-10,0.0,0.0,0.21486693620681763,0.20190662145614624,0.012960314750671387,0.0495111346244812,0.04522988731303007,0.21486693620681763,0.9
theoremqa_theorems,InfoNCE,TheoremQA_xinyi/maximum_entropy_2.json,2-10,-0.3333333333333333,-0.14285714285714285,0.21792638301849365,0.18811315298080444,0.02981323003768921,0.029813051223754883,-0.011325122027066342,0.2179262638092041,0.8
theoremqa_theorems,InfoNCE,TheoremQA_xueguangma/intermediate_value_theorem.json,1,0.2797643380184694,0.0,0.1702365279197693,0.1831626296043396,-0.012926101684570312,0.02182459831237793,0.03487341069492813,0.18670925498008728,0.7
theoremqa_theorems,InfoNCE,TheoremQA_xueguangma/taylors_approximation_theorem.json,101+,0.0,0.0,0.2837662696838379,0.18123483657836914,0.10253143310546875,0.10253140330314636,0.04051450150497174,0.29518088698387146,1.0
theoremqa_theorems,LambdaLoss,TheoremQA_elainewan/econ_micro_7.json,2-10,-0.09734322474005974,-0.10714285714285715,0.38731858134269714,0.3740760087966919,0.013242572546005249,0.01390606164932251,-0.0060162080787958365,0.38731855154037476,0.7
theoremqa_theorems,LambdaLoss,TheoremQA_elainewan/math_algebra_1.json,101+,0.3562071871080222,0.16666666666666666,0.4803308844566345,0.29875415563583374,0.18157672882080078,0.18157663941383362,0.1536191657010957,0.4803307354450226,0.8
theoremqa_theorems,LambdaLoss,TheoremQA_elainewan/math_algebra_1_2.json,101+,0.0,0.0,0.5081445574760437,0.20470941066741943,0.30343514680862427,0.29077690839767456,0.1425637579472151,0.517914742231369,0.9
theoremqa_theorems,LambdaLoss,TheoremQA_elainewan/math_algebra_3_2.json,101+,0.0,0.0,0.4353187084197998,0.2705368995666504,0.16478180885314941,0.16152384877204895,0.07890716967805195,0.44498175382614136,0.8
theoremqa_theorems,LambdaLoss,TheoremQA_elainewan/math_algebra_4.json,2-10,-0.029071356760341838,-0.08333333333333334,0.2869197726249695,0.2561336159706116,0.03078615665435791,0.030786097049713135,-0.0015993327685275421,0.36910176277160645,0.9
theoremqa_theorems,LambdaLoss,TheoremQA_elainewan/math_algebra_4_3.json,101+,0.0,0.0,0.43402817845344543,0.3141182065010071,0.11990997195243835,0.13804841041564941,0.053312659241464805,0.43402814865112305,0.8
theoremqa_theorems,LambdaLoss,TheoremQA_elainewan/math_algebra_5.json,2-10,0.22629438553091674,0.5,0.2806605100631714,0.26770973205566406,0.012950778007507324,0.020381629467010498,0.03831135587359842,0.2869829535484314,0.9
theoremqa_theorems,LambdaLoss,TheoremQA_elainewan/math_algebra_7_2.json,2-10,0.29923718638720875,0.2222222222222222,0.37145698070526123,0.34928882122039795,0.02216815948486328,0.022168099880218506,0.012067726335157,0.37200117111206055,0.9
theoremqa_theorems,LambdaLoss,TheoremQA_elainewan/math_calculus_12.json,101+,0.0,0.0,0.4213823080062866,0.33269381523132324,0.08868849277496338,0.09683457016944885,-0.05740447937171933,0.4213823974132538,0.8
theoremqa_theorems,LambdaLoss,TheoremQA_elainewan/math_calculus_2_11.json,101+,0.3903800499921017,1.0,0.36888569593429565,0.27621757984161377,0.09266811609268188,0.11664354801177979,0.1343783187345675,0.44618669152259827,0.8
theoremqa_theorems,LambdaLoss,TheoremQA_elainewan/math_calculus_2_7.json,11-100,0.0,0.0,0.3740139603614807,0.2996593117713928,0.07435464859008789,0.08951002359390259,0.039951391777856116,0.37293919920921326,1.0
theoremqa_theorems,LambdaLoss,TheoremQA_elainewan/math_calculus_3_8.json,101+,0.0,0.0,0.35667407512664795,0.22373414039611816,0.13293993473052979,0.17178869247436523,0.10706904121606498,0.35667407512664795,0.8
theoremqa_theorems,LambdaLoss,TheoremQA_jianyu_xu/Binomial_2.json,101+,0.0,0.0,0.5050666630268097,0.32482171058654785,0.18024495244026184,0.18024486303329468,0.017029695032869607,0.5050666332244873,0.9
theoremqa_theorems,LambdaLoss,TheoremQA_jianyu_xu/Binomial_3.json,2-10,-0.18154179253735267,-0.2,0.2965817451477051,0.286188542842865,0.010393202304840088,0.010393202304840088,-0.04911225477515222,0.3829507529735565,1.0
theoremqa_theorems,LambdaLoss,TheoremQA_jianyu_xu/Binomial_4.json,2-10,-0.18154179253735267,-0.2,0.246049702167511,0.2322772741317749,0.013772428035736084,0.02031230926513672,-0.06634244135713606,0.3643135726451874,0.9
theoremqa_theorems,LambdaLoss,TheoremQA_jianyu_xu/Binomial_5.json,1,-0.39473975594729416,-0.8333333333333334,0.23250126838684082,0.2887269854545593,-0.056225717067718506,-0.05253863334655762,-0.0913337088309558,0.3527880907058716,0.9
theoremqa_theorems,LambdaLoss,TheoremQA_jianyu_xu/Binomial_6.json,2-10,-0.19519002499605084,-0.3333333333333333,0.23655539751052856,0.26976168155670166,-0.033206284046173096,-0.03320634365081787,-0.1553879429403745,0.37769100069999695,0.9
theoremqa_theorems,LambdaLoss,TheoremQA_jianyu_xu/Catalan_1.json,2-10,-0.31546487678572877,-0.375,0.3442566990852356,0.3351156711578369,0.009141027927398682,0.019870638847351074,0.02214402100412955,0.34425681829452515,0.9
theoremqa_theorems,LambdaLoss,TheoremQA_jianyu_xu/Catalan_2.json,101+,0.0,0.0,0.43403130769729614,0.2803924083709717,0.15363889932632446,0.15363889932632446,0.07387104604780532,0.4340313673019409,0.9
theoremqa_theorems,LambdaLoss,TheoremQA_jianyu_xu/Cayley_3.json,2-10,-0.20025319549806447,-0.25,0.30766600370407104,0.2991165518760681,0.00854945182800293,0.009045779705047607,-0.0030956277416796067,0.30766600370407104,0.9
theoremqa_theorems,LambdaLoss,TheoremQA_jianyu_xu/Graph_2.json,2-10,-0.12278468466195075,-0.25,0.2848813533782959,0.29019618034362793,-0.005314826965332031,-0.005314826965332031,-0.02685284306644522,0.3341071605682373,0.8
theoremqa_theorems,LambdaLoss,TheoremQA_jianyu_xu/Multinomial_1.json,2-10,-0.16716045496620227,-0.16666666666666666,0.3106886148452759,0.29433614015579224,0.016352474689483643,0.03371882438659668,0.03161348972639986,0.4083910882472992,1.0
theoremqa_theorems,LambdaLoss,TheoremQA_jianyu_xu/Multinomial_2.json,101+,0.0,0.0,0.43029916286468506,0.270335853099823,0.15996330976486206,0.1705690324306488,0.10088368433206402,0.4303175210952759,1.0
theoremqa_theorems,LambdaLoss,TheoremQA_jianyu_xu/Multinomial_3.json,101+,0.0,0.0,0.47299090027809143,0.32964634895324707,0.14334455132484436,0.15804600715637207,0.04024044092480383,0.4724286198616028,0.9
theoremqa_theorems,LambdaLoss,TheoremQA_jianyu_xu/Multinomial_4.json,101+,0.0,0.0,0.46978944540023804,0.32340115308761597,0.14638829231262207,0.16163235902786255,0.0674320569514201,0.4720955193042755,0.9
theoremqa_theorems,LambdaLoss,TheoremQA_jianyu_xu/Multinomial_6.json,101+,0.0,0.0,0.5338271260261536,0.3723509609699249,0.16147616505622864,0.17670226097106934,0.13596819212474312,0.5338270962238312,0.8
theoremqa_theorems,LambdaLoss,TheoremQA_jianyu_xu/Ramsey_2.json,2-10,0.15092092980713256,0.16666666666666669,0.31246864795684814,0.25302791595458984,0.0594407320022583,0.09091347455978394,0.10948389465352165,0.33489441871643066,0.9
theoremqa_theorems,LambdaLoss,TheoremQA_jianyu_xu/Ramsey_3.json,2-10,-0.036507901699787015,-0.16666666666666669,0.3038058876991272,0.29612767696380615,0.007678210735321045,0.013633310794830322,0.010983174423788076,0.3186382055282593,0.9
theoremqa_theorems,LambdaLoss,TheoremQA_jianyu_xu/Ramsey_4.json,1,-0.04250547381013825,0.0,0.3182671070098877,0.34061795473098755,-0.022350847721099854,0.016442954540252686,0.05762693610058998,0.3419862389564514,0.8
theoremqa_theorems,LambdaLoss,TheoremQA_jianyu_xu/Ramsey_5.json,1,0.0,0.0,0.2774796485900879,0.32788872718811035,-0.05040907859802246,0.034993767738342285,0.13215033072910135,0.3006032705307007,0.9
theoremqa_theorems,LambdaLoss,TheoremQA_jianyu_xu/Ramsey_6.json,1,0.0,0.0,0.24377965927124023,0.29926109313964844,-0.0554814338684082,-0.04417043924331665,-0.009984232341266108,0.2692629098892212,0.9
theoremqa_theorems,LambdaLoss,TheoremQA_jianyu_xu/Stirling_number_first_kind_5.json,11-100,0.0,0.0,0.37750744819641113,0.3373755216598511,0.04013192653656006,0.06836056709289551,0.032574653349993515,0.37750744819641113,0.9
theoremqa_theorems,LambdaLoss,TheoremQA_jianyu_xu/Stirling_number_second_kind_3.json,2-10,0.14874862465886363,0.5,0.29745447635650635,0.2690286636352539,0.02842581272125244,0.028425872325897217,0.044882490000998226,0.3478270173072815,0.9
theoremqa_theorems,LambdaLoss,TheoremQA_jianyu_xu/Stirling_number_second_kind_5.json,2-10,-0.3333333333333333,-0.14285714285714285,0.31968021392822266,0.2885809540748596,0.031099259853363037,0.03744703531265259,0.0020733673938468505,0.3196801543235779,0.9
theoremqa_theorems,LambdaLoss,TheoremQA_jianyu_xu/pigeonhole_1.json,2-10,0.0,0.0,0.29736781120300293,0.24609375,0.05127406120300293,0.05127406120300293,0.04045173338770859,0.33056169748306274,0.9
theoremqa_theorems,LambdaLoss,TheoremQA_jianyu_xu/pigeonhole_2.json,11-100,0.0,0.0,0.38774484395980835,0.2996899485588074,0.08805489540100098,0.10807430744171143,0.04070085392217768,0.3877449035644531,1.0
theoremqa_theorems,LambdaLoss,TheoremQA_jianyu_xu/pigeonhole_3.json,2-10,0.36907024642854247,0.5,0.34631848335266113,0.27218782901763916,0.07413065433502197,0.07413077354431152,0.07341127470553885,0.3463185429573059,0.6
theoremqa_theorems,LambdaLoss,TheoremQA_jianyu_xu/pigeonhole_4.json,2-10,0.0,0.0,0.3039148449897766,0.21331185102462769,0.09060299396514893,0.09060311317443848,0.05576987435204956,0.3393307030200958,0.9
theoremqa_theorems,LambdaLoss,TheoremQA_maxku/ipnetwork13-hammingdist.json,101+,0.0,0.0,0.4611736238002777,0.38988834619522095,0.07128527760505676,0.07128539681434631,0.004259585217735007,0.4611736834049225,0.6
theoremqa_theorems,LambdaLoss,TheoremQA_maxku/signalprocessing11-nyquist.json,2-10,-0.6309297535714575,-0.5,0.3158458471298218,0.3439522981643677,-0.0281064510345459,0.01900428533554077,0.02130126097215435,0.3158458471298218,0.7
theoremqa_theorems,LambdaLoss,TheoremQA_mingyin/Fundamental-Theorem-of-Calculus3.json,101+,0.0,0.0,0.3209436535835266,0.19914716482162476,0.12179648876190186,0.12420028448104858,0.08245816790381094,0.32094377279281616,0.7
theoremqa_theorems,LambdaLoss,TheoremQA_mingyin/Lebesgue-measure1.json,2-10,-0.48247555939075504,-0.25,0.28882431983947754,0.2922300100326538,-0.0034056901931762695,-0.00782155990600586,-0.08095668160911364,0.2897857427597046,0.8
theoremqa_theorems,LambdaLoss,TheoremQA_mingyin/cauchy-integral-theorem1.json,2-10,-0.2890648263178879,-0.1,0.26397114992141724,0.17757070064544678,0.08640044927597046,0.08667612075805664,0.09175298606765803,0.26397109031677246,0.9
theoremqa_theorems,LambdaLoss,TheoremQA_mingyin/convexity1.json,11-100,0.0,0.0,0.35863184928894043,0.2630024552345276,0.09562939405441284,0.11016964912414551,0.0851809904031669,0.3586317300796509,1.0
theoremqa_theorems,LambdaLoss,TheoremQA_mingyin/series2.json,11-100,0.6309297535714575,0.5,0.33808988332748413,0.24872934818267822,0.08936053514480591,0.11338412761688232,0.12633667759499514,0.33808982372283936,0.7
theoremqa_theorems,LambdaLoss,TheoremQA_panlu/gravitational_force2.json,2-10,0.0951274897998664,0.08333333333333331,0.30402642488479614,0.22981524467468262,0.07421118021011353,0.07468724250793457,0.07736158543517041,0.3133506774902344,0.9
theoremqa_theorems,LambdaLoss,TheoremQA_panlu/rigid-body3.json,1,-0.08027921085181244,0.0,0.3139795660972595,0.36316734552383423,-0.04918777942657471,-0.0007705092430114746,0.10609738551127859,0.3229045867919922,0.9
theoremqa_theorems,LambdaLoss,TheoremQA_panlu/similarity2.json,2-10,0.11314719276545837,0.20833333333333331,0.287470281124115,0.24475187063217163,0.04271841049194336,0.05608499050140381,0.07103566150949195,0.28850245475769043,0.6
theoremqa_theorems,LambdaLoss,TheoremQA_panlu/similarity3.json,11-100,0.43067655807339306,0.25,0.3324405550956726,0.25490283966064453,0.07753771543502808,0.0993499755859375,0.12483480313853913,0.33244049549102783,0.7
theoremqa_theorems,LambdaLoss,TheoremQA_tonyxia/maxplanar1.json,1,-0.5862767829621638,-0.75,0.3045085072517395,0.32326698303222656,-0.01875847578048706,0.007614314556121826,0.022556756136027863,0.31055837869644165,1.0
theoremqa_theorems,LambdaLoss,TheoremQA_tonyxia/maxplanar3.json,1,-0.6731056187507068,-0.9,0.3283962607383728,0.3660696744918823,-0.03767341375350952,-0.0364534854888916,-0.05723199283615055,0.344539999961853,0.9
theoremqa_theorems,LambdaLoss,TheoremQA_wenhuchen/L'Hôpital_rule1.json,11-100,0.38685280723454163,0.2,0.3311958312988281,0.23088371753692627,0.10031211376190186,0.10031193494796753,0.06086539593339725,0.3311956524848938,0.9
theoremqa_theorems,LambdaLoss,TheoremQA_wenhuchen/Liouville’s_theorem1.json,1,-0.23463936301137833,0.0,0.1453026533126831,0.21872758865356445,-0.07342493534088135,-0.07598310708999634,-0.06859718575263629,0.1505327820777893,0.9
theoremqa_theorems,LambdaLoss,TheoremQA_wenhuchen/Liouville’s_theorem2.json,2-10,-0.19436454333385458,-0.1333333333333333,0.33302533626556396,0.3327692747116089,0.0002560615539550781,0.043981969356536865,0.06935115326186936,0.3413413166999817,0.8
theoremqa_theorems,LambdaLoss,TheoremQA_wenhuchen/ODE2.json,101+,0.0,0.0,0.38075828552246094,0.26773500442504883,0.11302328109741211,0.12959647178649902,0.12898315643224653,0.3936011791229248,0.8
theoremqa_theorems,LambdaLoss,TheoremQA_wenhuchen/ODE3.json,101+,0.0,0.0,0.4574194550514221,0.2503007650375366,0.2071186900138855,0.2033846378326416,0.12269486050795898,0.4757002294063568,0.9
theoremqa_theorems,LambdaLoss,TheoremQA_wenhuchen/Rolle's_theorem.json,11-100,0.9197207891481876,1.0,0.33083081245422363,0.2206505537033081,0.11018025875091553,0.14848023653030396,0.18466981048749176,0.3578101396560669,0.8
theoremqa_theorems,LambdaLoss,TheoremQA_wenhuchen/cauchy_integral1.json,101+,0.0,0.0,0.42428624629974365,0.2859330177307129,0.13835322856903076,0.1651759147644043,0.12474061120987182,0.42428624629974365,0.7
theoremqa_theorems,LambdaLoss,TheoremQA_wenhuchen/definite_matrix1.json,2-10,0.0,0.0,0.22864854335784912,0.10450208187103271,0.1241464614868164,0.12778300046920776,0.11716483999941427,0.30640149116516113,0.8
theoremqa_theorems,LambdaLoss,TheoremQA_wenhuchen/eigen_value1.json,2-10,0.06937588361343294,0.0,0.24876469373703003,0.21130222082138062,0.037462472915649414,0.03746223449707031,0.09438113316307004,0.274591326713562,1.0
theoremqa_theorems,LambdaLoss,TheoremQA_wenhuchen/jensen1.json,101+,0.0,0.0,0.3386107087135315,0.22713333368301392,0.11147737503051758,0.11147722601890564,0.02741766297692344,0.36192968487739563,0.8
theoremqa_theorems,LambdaLoss,TheoremQA_wenhuchen/kepler's_law1.json,1,-0.36907024642854247,-0.5,0.25354480743408203,0.29965049028396606,-0.04610568284988403,-0.04610568284988403,-0.04841424016671357,0.25354474782943726,1.0
theoremqa_theorems,LambdaLoss,TheoremQA_wenhuchen/kepler's_law3.json,1,0.0,0.0,0.18518024682998657,0.26999908685684204,-0.08481884002685547,-0.0848187804222107,-0.026414021879220317,0.2068241834640503,0.8
theoremqa_theorems,LambdaLoss,TheoremQA_wenhuchen/series_convergen2.json,11-100,0.0,0.0,0.35733067989349365,0.2449561357498169,0.11237454414367676,0.11237430572509766,0.08801593945807992,0.37386083602905273,0.8
theoremqa_theorems,LambdaLoss,TheoremQA_wenhuchen/t_test1.json,1,0.0,0.0,0.36475181579589844,0.3903801143169403,-0.02562829852104187,-0.005035847425460815,0.09352951336097585,0.3750373423099518,0.7
theoremqa_theorems,LambdaLoss,TheoremQA_wenhuchen/t_test2.json,1,0.08027921085181244,0.0,0.4157583713531494,0.3913912773132324,0.024367094039916992,0.029118061065673828,0.14197768837278474,0.42254430055618286,0.7
theoremqa_theorems,LambdaLoss,TheoremQA_wenhuchen/t_test3.json,2-10,0.3065735963827292,0.5,0.451654314994812,0.4270056486129761,0.024648666381835938,0.048457175493240356,0.0808910884364143,0.4554717540740967,0.6
theoremqa_theorems,LambdaLoss,TheoremQA_wenhuchen/trapezoidal_rule3.json,2-10,-0.6309297535714575,-0.5,0.2821066975593567,0.25915712118148804,0.022949576377868652,0.06075918674468994,0.08208604895045156,0.28210675716400146,0.5
theoremqa_theorems,LambdaLoss,TheoremQA_wenhuchen/viterbi2.json,1,-0.36907024642854247,-0.5,0.3996738791465759,0.42157816886901855,-0.021904289722442627,-0.0016103386878967285,0.012509753623355734,0.39967405796051025,0.6
theoremqa_theorems,LambdaLoss,TheoremQA_xinyi/dag_1.json,11-100,0.0,0.0,0.33090734481811523,0.31749391555786133,0.013413429260253906,0.04815065860748291,0.056865519668855856,0.38836219906806946,0.7
theoremqa_theorems,LambdaLoss,TheoremQA_xinyi/dag_2.json,11-100,0.13565197343244778,0.1,0.37318629026412964,0.3205071687698364,0.05267912149429321,0.07887738943099976,0.08681623729214293,0.4207991063594818,0.7
theoremqa_theorems,LambdaLoss,TheoremQA_xinyi/dag_3.json,101+,0.0,0.0,0.5060509443283081,0.30654048919677734,0.19951045513153076,0.19951045513153076,0.030684393297327334,0.5060509443283081,0.8
theoremqa_theorems,LambdaLoss,TheoremQA_xinyi/linear_projection.json,2-10,-0.3562071871080222,-0.16666666666666666,0.29119157791137695,0.29342180490493774,-0.002230226993560791,0.0420072078704834,0.03754359453183426,0.29119157791137695,1.0
theoremqa_theorems,LambdaLoss,TheoremQA_xinyi/maximum_entropy_2.json,2-10,-0.3333333333333333,-0.14285714285714285,0.3475099802017212,0.27900511026382446,0.06850486993789673,0.06850481033325195,-0.016180155419105474,0.3475099205970764,0.6
theoremqa_theorems,LambdaLoss,TheoremQA_xueguangma/intermediate_value_theorem.json,1,0.2558209594125083,0.0,0.26402753591537476,0.2820878028869629,-0.018060266971588135,-0.015206396579742432,-0.006191687654316706,0.33489421010017395,0.7
theoremqa_theorems,LambdaLoss,TheoremQA_xueguangma/taylors_approximation_theorem.json,101+,0.0,0.0,0.4014613628387451,0.24308574199676514,0.15837562084197998,0.15837565064430237,0.05297035389472177,0.4196428954601288,1.0
theoremqa_theorems,RELER,TheoremQA_elainewan/econ_micro_7.json,2-10,0.20025319549806447,0.25,0.027153760194778442,0.028000235557556152,-0.00084647536277771,0.174613356590271,0.16237608480214988,0.02715378999710083,0.7
theoremqa_theorems,RELER,TheoremQA_elainewan/math_algebra_1.json,101+,0.0,0.0,0.05022817850112915,0.14718341827392578,-0.09695523977279663,-0.09695518016815186,-0.10292732987252218,0.05022817850112915,0.9
theoremqa_theorems,RELER,TheoremQA_elainewan/math_algebra_1_2.json,101+,0.0,0.0,0.06807589530944824,0.024047493934631348,0.044028401374816895,0.2688140571117401,0.2277688033311115,0.021001607179641724,0.9
theoremqa_theorems,RELER,TheoremQA_elainewan/math_algebra_3_2.json,101+,0.0,0.0,0.025935500860214233,-0.038070738315582275,0.06400623917579651,0.06323233246803284,0.04682055002364657,-0.01096603274345398,0.8
theoremqa_theorems,RELER,TheoremQA_elainewan/math_algebra_4.json,2-10,-0.03800085294041691,-0.10714285714285715,0.015022456645965576,0.03026491403579712,-0.015242457389831543,-0.015242516994476318,-0.017258861999138723,-0.05742460489273071,0.9
theoremqa_theorems,RELER,TheoremQA_elainewan/math_algebra_4_3.json,101+,0.0,0.0,0.0010439753532409668,0.08627820014953613,-0.08523422479629517,-0.03560006618499756,-0.031021952390357627,0.0010439157485961914,0.8
theoremqa_theorems,RELER,TheoremQA_elainewan/math_algebra_5.json,2-10,0.41972078914818767,0.5,0.024484455585479736,-0.01649695634841919,0.040981411933898926,0.12062138319015503,0.12014190339412464,0.004106581211090088,0.9
theoremqa_theorems,RELER,TheoremQA_elainewan/math_algebra_7_2.json,2-10,0.6219978996031611,0.8888888888888888,0.1539098024368286,0.10749268531799316,0.04641711711883545,0.07404112815856934,0.13638077576984053,0.1311938762664795,1.0
theoremqa_theorems,RELER,TheoremQA_elainewan/math_calculus_12.json,101+,0.0,0.0,-0.1520121842622757,0.18269240856170654,-0.33470457792282104,-0.26008862257003784,-0.17233921514719397,-0.15201222896575928,0.8
theoremqa_theorems,RELER,TheoremQA_elainewan/math_calculus_2_11.json,101+,0.11751610475642714,0.1111111111111111,-0.1257629692554474,-0.1717485785484314,0.04598560929298401,-0.05485457181930542,-0.035408671382436877,-0.12878897786140442,0.8
theoremqa_theorems,RELER,TheoremQA_elainewan/math_calculus_2_7.json,11-100,0.0,0.0,0.06782591342926025,0.014483630657196045,0.05334228277206421,-0.05358961224555969,-0.061059870802444016,0.011731207370758057,0.9
theoremqa_theorems,RELER,TheoremQA_elainewan/math_calculus_3_8.json,101+,0.0,0.0,0.046766459941864014,-0.06862634420394897,0.11539280414581299,0.3172922134399414,0.28387573384212744,0.046766459941864014,1.0
theoremqa_theorems,RELER,TheoremQA_jianyu_xu/Binomial_2.json,101+,0.0,0.0,0.021281152963638306,0.18359249830245972,-0.1623113453388214,-0.16231131553649902,-0.15547146759733393,0.021281182765960693,0.7
theoremqa_theorems,RELER,TheoremQA_jianyu_xu/Binomial_3.json,2-10,-0.04027481967752369,-0.0888888888888889,0.03639113903045654,0.20780986547470093,-0.17141872644424438,-0.17141872644424438,-0.20716025984710335,0.00012117624282836914,0.9
theoremqa_theorems,RELER,TheoremQA_jianyu_xu/Binomial_4.json,2-10,-0.18154179253735267,-0.2,-0.061312973499298096,0.13084518909454346,-0.19215816259384155,-0.16827452182769775,-0.1832865087134951,-0.024800539016723633,0.9
theoremqa_theorems,RELER,TheoremQA_jianyu_xu/Binomial_5.json,1,-0.42857149598589017,-0.8888888888888888,-0.03619682788848877,0.15574055910110474,-0.1919373869895935,-0.19193750619888306,-0.22672208525361237,0.0041359663009643555,1.0
theoremqa_theorems,RELER,TheoremQA_jianyu_xu/Binomial_6.json,2-10,-0.19519002499605084,-0.3333333333333333,-0.0872039794921875,0.1587456464767456,-0.2459496259689331,-0.2459496259689331,-0.30603714840374274,-0.07531669735908508,0.8
theoremqa_theorems,RELER,TheoremQA_jianyu_xu/Catalan_1.json,2-10,-0.6309297535714575,-0.5,-0.043199360370635986,0.008852958679199219,-0.052052319049835205,-0.02757406234741211,-0.026152035227886658,-0.043199360370635986,0.8
theoremqa_theorems,RELER,TheoremQA_jianyu_xu/Catalan_2.json,101+,0.0,0.0,-0.09136047959327698,-0.0658271312713623,-0.025533348321914673,0.09622493386268616,0.09211731601735888,-0.0913604199886322,0.7
theoremqa_theorems,RELER,TheoremQA_jianyu_xu/Cayley_3.json,2-10,-0.6309297535714575,-0.5,-0.06373226642608643,-0.006865859031677246,-0.05686640739440918,0.05024859309196472,0.055282582902961924,-0.06373226642608643,0.7
theoremqa_theorems,RELER,TheoremQA_jianyu_xu/Graph_2.json,2-10,-0.18247040964605551,-0.35714285714285715,-0.059519410133361816,0.02179551124572754,-0.08131492137908936,0.03743398189544678,0.04159612475175517,-0.12242928147315979,0.6
theoremqa_theorems,RELER,TheoremQA_jianyu_xu/Multinomial_1.json,2-10,0.0349468915343453,0.08333333333333334,0.10991108417510986,0.13326048851013184,-0.023349404335021973,0.10357588529586792,0.10410993500205305,0.027303367853164673,0.9
theoremqa_theorems,RELER,TheoremQA_jianyu_xu/Multinomial_2.json,101+,0.0,0.0,-0.036820054054260254,0.16033506393432617,-0.19715511798858643,0.051167577505111694,0.047323886283285294,-0.0067792534828186035,0.8
theoremqa_theorems,RELER,TheoremQA_jianyu_xu/Multinomial_3.json,101+,0.0,0.0,-0.004565924406051636,0.11188668012619019,-0.11645260453224182,-0.02956131100654602,-0.03868535437447196,-0.042458415031433105,0.8
theoremqa_theorems,RELER,TheoremQA_jianyu_xu/Multinomial_4.json,101+,0.0,0.0,0.02105027437210083,0.13294756412506104,-0.1118972897529602,-0.018564224243164062,-0.026892218427778808,-0.012976288795471191,0.9
theoremqa_theorems,RELER,TheoremQA_jianyu_xu/Multinomial_6.json,101+,0.0,0.0,-0.01037287712097168,0.12196049094200134,-0.13233336806297302,-0.11024588346481323,-0.09274332348514289,-0.010372847318649292,0.8
theoremqa_theorems,RELER,TheoremQA_jianyu_xu/Ramsey_2.json,2-10,0.19342640361727081,0.16666666666666669,-0.01406240463256836,0.024513959884643555,-0.038576364517211914,0.14846116304397583,0.13659803954587016,0.002480745315551758,0.9
theoremqa_theorems,RELER,TheoremQA_jianyu_xu/Ramsey_3.json,2-10,-0.1246740612643521,-0.3,-0.015216708183288574,0.051096558570861816,-0.06631326675415039,-0.024084925651550293,-0.025697512243283056,0.0041272640228271484,0.9
theoremqa_theorems,RELER,TheoremQA_jianyu_xu/Ramsey_4.json,1,-0.4184549538063005,-0.75,-0.008120954036712646,0.0523148775100708,-0.06043583154678345,0.07676893472671509,0.06688531202763193,0.015687167644500732,0.7
theoremqa_theorems,RELER,TheoremQA_jianyu_xu/Ramsey_5.json,1,-0.34907907019286744,-0.5,0.01776057481765747,0.10619515180587769,-0.08843457698822021,0.18472814559936523,0.17276291883250955,0.04319000244140625,0.8
theoremqa_theorems,RELER,TheoremQA_jianyu_xu/Ramsey_6.json,1,0.0,0.0,0.07387655973434448,0.060501277446746826,0.013375282287597656,0.14632391929626465,0.1718959469801295,0.09148514270782471,0.9
theoremqa_theorems,RELER,TheoremQA_jianyu_xu/Stirling_number_first_kind_5.json,11-100,0.0,0.0,-0.02774524688720703,0.17842602729797363,-0.20617127418518066,0.07828226685523987,0.11440990943821722,-0.027745187282562256,0.9
theoremqa_theorems,RELER,TheoremQA_jianyu_xu/Stirling_number_second_kind_3.json,2-10,-0.24630238874073002,-0.4,-0.039605677127838135,0.11019003391265869,-0.14979571104049683,-0.1103827953338623,-0.13589021667476206,-0.07248514890670776,0.9
theoremqa_theorems,RELER,TheoremQA_jianyu_xu/Stirling_number_second_kind_5.json,2-10,0.0,0.0,0.0004819035530090332,0.033605098724365234,-0.0331231951713562,0.20832672715187073,0.2833636578939805,0.000482022762298584,0.9
theoremqa_theorems,RELER,TheoremQA_jianyu_xu/pigeonhole_1.json,2-10,0.22629438553091674,0.5,0.024988412857055664,-0.12375479936599731,0.14874321222305298,0.20356518030166626,0.20082179761412425,-0.051103949546813965,0.9
theoremqa_theorems,RELER,TheoremQA_jianyu_xu/pigeonhole_2.json,11-100,0.0,0.0,-0.1747647523880005,-0.08824276924133301,-0.08652198314666748,0.03439408540725708,0.03801632590625241,-0.1747647225856781,0.3
theoremqa_theorems,RELER,TheoremQA_jianyu_xu/pigeonhole_3.json,2-10,-0.31546487678572877,-0.375,-0.051774024963378906,0.08692622184753418,-0.13870024681091309,-0.13870027661323547,-0.11358592060024775,-0.051774054765701294,0.6
theoremqa_theorems,RELER,TheoremQA_jianyu_xu/pigeonhole_4.json,2-10,0.3065735963827292,0.6666666666666667,0.055613934993743896,-0.17436403036117554,0.22997796535491943,0.22997790575027466,0.2263684600553595,-0.02576407790184021,0.7
theoremqa_theorems,RELER,TheoremQA_maxku/ipnetwork13-hammingdist.json,101+,0.0,0.0,-0.07622995972633362,-0.028490006923675537,-0.04773995280265808,0.008870959281921387,0.0218218096469089,-0.07622995972633362,0.5
theoremqa_theorems,RELER,TheoremQA_maxku/signalprocessing11-nyquist.json,2-10,-0.6309297535714575,-0.5,-0.10904794931411743,-0.044631898403167725,-0.06441605091094971,-0.01933497190475464,-0.015564404492949518,-0.10904794931411743,0.8
theoremqa_theorems,RELER,TheoremQA_mingyin/Fundamental-Theorem-of-Calculus3.json,101+,0.0,0.0,-0.02664053440093994,-0.13054132461547852,0.10390079021453857,0.13882660865783691,0.15512994996808804,-0.026640474796295166,0.7
theoremqa_theorems,RELER,TheoremQA_mingyin/Lebesgue-measure1.json,2-10,-0.48247555939075504,-0.25,-0.043623387813568115,0.04180783033370972,-0.08543121814727783,-0.09930247068405151,-0.15073451255818401,-0.045548319816589355,0.6
theoremqa_theorems,RELER,TheoremQA_mingyin/cauchy-integral-theorem1.json,2-10,-0.2890648263178879,-0.1,-0.06593239307403564,-0.010055065155029297,-0.05587732791900635,-0.03842133283615112,-0.04425681891016195,-0.06593245267868042,0.8
theoremqa_theorems,RELER,TheoremQA_mingyin/convexity1.json,11-100,0.0,0.0,0.04857683181762695,0.05293071269989014,-0.004353880882263184,0.02481997013092041,0.014698530732750223,0.04857677221298218,0.9
theoremqa_theorems,RELER,TheoremQA_mingyin/series2.json,11-100,1.0,1.0,0.10336542129516602,-0.025616049766540527,0.12898147106170654,0.3816286325454712,0.35367128416932675,0.10336542129516602,0.8
theoremqa_theorems,RELER,TheoremQA_panlu/gravitational_force2.json,2-10,-0.18457569677956814,0.0,0.049398958683013916,0.03090667724609375,0.018492281436920166,0.01849234104156494,0.007456591679665392,0.01720118522644043,0.9
theoremqa_theorems,RELER,TheoremQA_panlu/rigid-body3.json,1,-0.16844537041637753,0.0,0.12950783967971802,0.10506927967071533,0.024438560009002686,0.30236589908599854,0.3375091208919111,0.06490743160247803,0.9
theoremqa_theorems,RELER,TheoremQA_panlu/similarity2.json,2-10,0.11314719276545837,0.20833333333333331,0.11201298236846924,0.1055910587310791,0.006421923637390137,0.15998566150665283,0.1995771713264995,0.05286139249801636,0.5
theoremqa_theorems,RELER,TheoremQA_panlu/similarity3.json,11-100,0.31546487678572877,0.125,0.014779210090637207,0.04645019769668579,-0.031670987606048584,0.17556652426719666,0.17996813775036435,0.014779090881347656,0.6
theoremqa_theorems,RELER,TheoremQA_tonyxia/maxplanar1.json,1,-0.8503449055347546,-1.0,-0.13179939985275269,0.047882139682769775,-0.17968153953552246,-0.06007885932922363,-0.05307206398689935,-0.13142994046211243,0.9
theoremqa_theorems,RELER,TheoremQA_tonyxia/maxplanar3.json,1,-0.8503449055347546,-1.0,-0.11500364542007446,0.04030424356460571,-0.15530788898468018,-0.06511715054512024,-0.06472771485401049,-0.11049097776412964,0.8
theoremqa_theorems,RELER,TheoremQA_wenhuchen/L'Hôpital_rule1.json,11-100,0.6309297535714575,0.5,0.1219131350517273,0.024346470832824707,0.09756666421890259,0.09756654500961304,0.11189136392370289,0.1219131350517273,0.8
theoremqa_theorems,RELER,TheoremQA_wenhuchen/Liouville’s_theorem1.json,1,-0.1604299375334176,0.0,-0.028056561946868896,0.02937692403793335,-0.057433485984802246,-0.015463054180145264,-0.020050252439992672,-0.07226055860519409,0.8
theoremqa_theorems,RELER,TheoremQA_wenhuchen/Liouville’s_theorem2.json,2-10,0.24979863215913467,0.6666666666666667,0.0042324066162109375,-0.012053370475769043,0.01628577709197998,0.23787006735801697,0.19130348339996786,-0.021081149578094482,0.7
theoremqa_theorems,RELER,TheoremQA_wenhuchen/ODE2.json,101+,0.0,0.0,0.06113773584365845,0.0033349990844726562,0.05780273675918579,0.13594046235084534,0.15597931782567778,0.009181022644042969,0.7
theoremqa_theorems,RELER,TheoremQA_wenhuchen/ODE3.json,101+,0.0,0.0,0.1339869499206543,0.03775942325592041,0.09622752666473389,0.09622770547866821,0.09273751764190286,0.1313292682170868,0.9
theoremqa_theorems,RELER,TheoremQA_wenhuchen/Rolle's_theorem.json,11-100,1.0,1.0,0.139326274394989,-0.06073492765426636,0.20006120204925537,0.4382477104663849,0.3758183757992748,0.13752108812332153,0.7
theoremqa_theorems,RELER,TheoremQA_wenhuchen/cauchy_integral1.json,101+,0.0,0.0,0.09041827917098999,-0.01811838150024414,0.10853666067123413,0.1148574948310852,0.10935060955043345,0.09041821956634521,0.8
theoremqa_theorems,RELER,TheoremQA_wenhuchen/definite_matrix1.json,2-10,0.0,0.0,0.012281835079193115,-0.003197193145751953,0.015479028224945068,0.015478909015655518,-0.013576260689581093,-0.03143513202667236,0.7
theoremqa_theorems,RELER,TheoremQA_wenhuchen/eigen_value1.json,2-10,0.06937588361343294,0.0,0.06767469644546509,0.06531065702438354,0.002364039421081543,0.0023640990257263184,0.019660041731046907,0.08554250001907349,0.9
theoremqa_theorems,RELER,TheoremQA_wenhuchen/jensen1.json,101+,0.0,0.0,-0.06014743447303772,-0.03590136766433716,-0.02424606680870056,-0.012694001197814941,0.004697504789070328,-0.13330507278442383,0.9
theoremqa_theorems,RELER,TheoremQA_wenhuchen/kepler's_law1.json,1,0.0,0.0,-0.02497333288192749,-0.015464246273040771,-0.009509086608886719,-0.009509146213531494,-0.014593905944735093,-0.02497333288192749,0.8
theoremqa_theorems,RELER,TheoremQA_wenhuchen/kepler's_law3.json,1,0.0,0.0,-0.03456294536590576,-0.04820650815963745,0.01364356279373169,0.01364356279373169,0.003277021403864558,-0.03245753049850464,0.8
theoremqa_theorems,RELER,TheoremQA_wenhuchen/series_convergen2.json,11-100,0.0,0.0,-0.0290602445602417,-0.06192135810852051,0.03286111354827881,0.1407768726348877,0.14680729097514908,-0.03466755151748657,0.8
theoremqa_theorems,RELER,TheoremQA_wenhuchen/t_test1.json,1,-0.16844537041637753,0.0,0.009731769561767578,0.016324490308761597,-0.0065927207469940186,0.162318617105484,0.23410654305840783,-0.00895729660987854,0.5
theoremqa_theorems,RELER,TheoremQA_wenhuchen/t_test2.json,1,0.08027921085181244,0.0,0.08343958854675293,-0.03542676568031311,0.11886635422706604,0.18010476231575012,0.2535112761481642,0.050174176692962646,0.5
theoremqa_theorems,RELER,TheoremQA_wenhuchen/t_test3.json,2-10,0.22629438553091674,0.5,0.05727052688598633,-0.03299245238304138,0.09026297926902771,-0.015820473432540894,-0.012433938460067663,0.01520046591758728,0.5
theoremqa_theorems,RELER,TheoremQA_wenhuchen/trapezoidal_rule3.json,2-10,-0.13092975357145753,-0.16666666666666669,0.07392144203186035,0.04586702585220337,0.028054416179656982,0.22011157870292664,0.23946229348325082,0.07392144203186035,0.7
theoremqa_theorems,RELER,TheoremQA_wenhuchen/viterbi2.json,1,0.0,0.0,0.10543429851531982,0.07485771179199219,0.030576586723327637,0.20632141828536987,0.17234623249051886,0.10543429851531982,0.6
theoremqa_theorems,RELER,TheoremQA_xinyi/dag_1.json,11-100,0.0,0.0,-0.06642687320709229,0.04329425096511841,-0.1097211241722107,-0.1457330286502838,-0.1401086011570116,-0.08741211891174316,0.7
theoremqa_theorems,RELER,TheoremQA_xinyi/dag_2.json,11-100,0.0,0.0,-0.02041494846343994,0.061867475509643555,-0.0822824239730835,0.0767858624458313,0.0799594045435205,-0.07842358946800232,0.6
theoremqa_theorems,RELER,TheoremQA_xinyi/dag_3.json,101+,0.0,0.0,-0.048634812235832214,0.05991441011428833,-0.10854923725128174,-0.04593271017074585,-0.03593285368516147,-0.04863482713699341,0.8
theoremqa_theorems,RELER,TheoremQA_xinyi/linear_projection.json,2-10,-0.3562071871080222,-0.16666666666666666,-0.04466730356216431,-0.0012154579162597656,-0.04345184564590454,0.0485537052154541,0.04184459541634266,-0.04466724395751953,0.8
theoremqa_theorems,RELER,TheoremQA_xinyi/maximum_entropy_2.json,2-10,-0.3333333333333333,-0.14285714285714285,-0.04152366518974304,0.016074538230895996,-0.05759820342063904,-0.046958982944488525,-0.058472112407671584,-0.041523635387420654,0.6
theoremqa_theorems,RELER,TheoremQA_xueguangma/intermediate_value_theorem.json,1,0.29181044994360233,0.0,0.03825479745864868,0.017077267169952393,0.02117753028869629,0.153336763381958,0.13431294651654546,-0.04218417406082153,0.7
theoremqa_theorems,RELER,TheoremQA_xueguangma/taylors_approximation_theorem.json,101+,0.0,0.0,-0.014647901058197021,0.08092308044433594,-0.09557098150253296,-0.09557116031646729,-0.09054343100135112,-0.008771538734436035,1.0
theoremqa_theorems,Listwise,TheoremQA_elainewan/econ_micro_7.json,2-10,0.20025319549806447,0.25,0.03822353482246399,0.02342003583908081,0.014803498983383179,0.12292304635047913,0.11581172222122897,0.038223445415496826,0.7
theoremqa_theorems,Listwise,TheoremQA_elainewan/math_algebra_1.json,101+,0.0,0.0,0.08960115909576416,0.1622312068939209,-0.07263004779815674,-0.07263007760047913,-0.08722977798328052,0.089601069688797,0.8
theoremqa_theorems,Listwise,TheoremQA_elainewan/math_algebra_1_2.json,101+,0.0,0.0,0.0630805492401123,0.038118600845336914,0.02496194839477539,0.2290719747543335,0.1977501809050478,0.013596147298812866,0.8
theoremqa_theorems,Listwise,TheoremQA_elainewan/math_algebra_3_2.json,101+,0.0,0.0,0.04966837167739868,-0.0547412633895874,0.10440963506698608,0.059298574924468994,0.043880331343039536,0.004797101020812988,0.8
theoremqa_theorems,Listwise,TheoremQA_elainewan/math_algebra_4.json,2-10,-0.029071356760341838,-0.08333333333333334,-0.008969366550445557,0.014977633953094482,-0.02394700050354004,-0.02394711971282959,-0.02549142624097108,-0.06741628050804138,0.9
theoremqa_theorems,Listwise,TheoremQA_elainewan/math_algebra_4_3.json,101+,0.0,0.0,-0.028498321771621704,0.05774790048599243,-0.08624622225761414,-0.03390270471572876,-0.0250471708841708,-0.028498351573944092,0.8
theoremqa_theorems,Listwise,TheoremQA_elainewan/math_algebra_5.json,2-10,0.22629438553091674,0.5,0.0015239715576171875,-0.020441412925720215,0.021965384483337402,0.0767052173614502,0.07631788844070225,-0.021250009536743164,1.0
theoremqa_theorems,Listwise,TheoremQA_elainewan/math_algebra_7_2.json,2-10,0.6219978996031611,0.8888888888888888,0.16072618961334229,0.12051284313201904,0.04021334648132324,0.07199984788894653,0.1307812493689582,0.13505518436431885,1.0
theoremqa_theorems,Listwise,TheoremQA_elainewan/math_calculus_12.json,101+,0.0,0.0,-0.1732216775417328,0.16098368167877197,-0.33420538902282715,-0.2730960249900818,-0.18180187059604835,-0.17322170734405518,0.8
theoremqa_theorems,Listwise,TheoremQA_elainewan/math_calculus_2_11.json,101+,0.0,0.0,-0.16808944940567017,-0.17776811122894287,0.009678661823272705,-0.06002035737037659,-0.03734103120254195,-0.15457138419151306,0.8
theoremqa_theorems,Listwise,TheoremQA_elainewan/math_calculus_2_7.json,11-100,0.0,0.0,0.055447518825531006,-0.02373582124710083,0.07918334007263184,-0.026509195566177368,-0.030967733508947992,0.003448307514190674,0.9
theoremqa_theorems,Listwise,TheoremQA_elainewan/math_calculus_3_8.json,101+,0.0,0.0,0.016359001398086548,-0.04580801725387573,0.06216701865196228,0.2662928104400635,0.24081966129241258,0.01635897159576416,0.9
theoremqa_theorems,Listwise,TheoremQA_jianyu_xu/Binomial_2.json,101+,0.0,0.0,-0.00388529896736145,0.1610831618309021,-0.16496846079826355,-0.1649683713912964,-0.15486635860688225,-0.003885209560394287,0.8
theoremqa_theorems,Listwise,TheoremQA_jianyu_xu/Binomial_3.json,2-10,-0.04027481967752369,-0.0888888888888889,0.019907593727111816,0.2087344527244568,-0.18882685899734497,-0.18882685899734497,-0.23191776644690965,0.012128889560699463,0.9
theoremqa_theorems,Listwise,TheoremQA_jianyu_xu/Binomial_4.json,2-10,-0.18154179253735267,-0.2,-0.0571100115776062,0.13167405128479004,-0.18878406286239624,-0.1656375527381897,-0.1794434193186571,-0.03132304549217224,0.9
theoremqa_theorems,Listwise,TheoremQA_jianyu_xu/Binomial_5.json,1,-0.42857149598589017,-0.8888888888888888,-0.03744393587112427,0.1605547070503235,-0.19799864292144775,-0.19799864292144775,-0.23674964186941164,-0.0006291866302490234,1.0
theoremqa_theorems,Listwise,TheoremQA_jianyu_xu/Binomial_6.json,2-10,-0.19519002499605084,-0.3333333333333333,-0.07289302349090576,0.1598522663116455,-0.23274528980255127,-0.23274528980255127,-0.29395522379711475,-0.07404723763465881,0.8
theoremqa_theorems,Listwise,TheoremQA_jianyu_xu/Catalan_1.json,2-10,-0.6309297535714575,-0.5,-0.02565506100654602,0.0231630802154541,-0.04881814122200012,-0.006192207336425781,-0.005100288933783798,-0.025655031204223633,0.9
theoremqa_theorems,Listwise,TheoremQA_jianyu_xu/Catalan_2.json,101+,0.0,0.0,-0.09407216310501099,-0.06416940689086914,-0.029902756214141846,0.10013651847839355,0.09691910420709006,-0.0940721333026886,0.6
theoremqa_theorems,Listwise,TheoremQA_jianyu_xu/Cayley_3.json,2-10,-0.32989975790747633,-0.3888888888888889,-0.05241560935974121,0.007484018802642822,-0.05989962816238403,0.036557167768478394,0.0394011841809134,-0.052415668964385986,0.7
theoremqa_theorems,Listwise,TheoremQA_jianyu_xu/Graph_2.json,2-10,-0.12278468466195075,-0.25,-0.04700183868408203,0.03462052345275879,-0.08162236213684082,0.027719497680664062,0.03016141664260387,-0.11718863248825073,0.8
theoremqa_theorems,Listwise,TheoremQA_jianyu_xu/Multinomial_1.json,2-10,0.0349468915343453,0.08333333333333334,0.07332420349121094,0.1349869966506958,-0.06166279315948486,0.05653846263885498,0.05872437733155217,0.02100437879562378,0.9
theoremqa_theorems,Listwise,TheoremQA_jianyu_xu/Multinomial_2.json,101+,0.0,0.0,-0.01777017116546631,0.15199077129364014,-0.16976094245910645,0.10245636105537415,0.09870042524086559,-0.013214170932769775,0.8
theoremqa_theorems,Listwise,TheoremQA_jianyu_xu/Multinomial_3.json,101+,0.0,0.0,-0.037128180265426636,0.09985160827636719,-0.13697978854179382,-0.03470224142074585,-0.05367863468147405,-0.05200451612472534,0.8
theoremqa_theorems,Listwise,TheoremQA_jianyu_xu/Multinomial_4.json,101+,0.0,0.0,-0.01807922124862671,0.1281697154045105,-0.1462489366531372,-0.026638120412826538,-0.04432136249676269,-0.026032179594039917,0.9
theoremqa_theorems,Listwise,TheoremQA_jianyu_xu/Multinomial_6.json,101+,0.0,0.0,0.039401888847351074,0.15503200888633728,-0.1156301200389862,-0.07270359992980957,-0.06331807572058826,0.039401859045028687,0.8
theoremqa_theorems,Listwise,TheoremQA_jianyu_xu/Ramsey_2.json,2-10,0.19342640361727081,0.16666666666666669,0.0033292770385742188,0.0276334285736084,-0.02430415153503418,0.14678415656089783,0.1353275075587998,0.017255306243896484,0.9
theoremqa_theorems,Listwise,TheoremQA_jianyu_xu/Ramsey_3.json,2-10,-0.07901337550992538,-0.25,0.012900114059448242,0.07071489095687866,-0.05781477689743042,0.010612130165100098,0.010519554949151896,0.029673099517822266,0.9
theoremqa_theorems,Listwise,TheoremQA_jianyu_xu/Ramsey_4.json,1,-0.22629438553091674,-0.5,0.020279526710510254,0.07658499479293823,-0.05630546808242798,0.10504722595214844,0.09046372352466661,0.04372286796569824,0.7
theoremqa_theorems,Listwise,TheoremQA_jianyu_xu/Ramsey_5.json,1,-0.3065735963827292,-0.5,0.041060566902160645,0.13060319423675537,-0.08954262733459473,0.19043833017349243,0.17895100329804492,0.06350421905517578,0.8
theoremqa_theorems,Listwise,TheoremQA_jianyu_xu/Ramsey_6.json,1,0.0,0.0,0.09295922517776489,0.08263051509857178,0.010328710079193115,0.12791085243225098,0.1628646568940803,0.1077195405960083,0.9
theoremqa_theorems,Listwise,TheoremQA_jianyu_xu/Stirling_number_first_kind_5.json,11-100,0.0,0.0,-0.028933048248291016,0.1605541706085205,-0.18948721885681152,0.07014214992523193,0.09957913609150915,-0.02893298864364624,0.9
theoremqa_theorems,Listwise,TheoremQA_jianyu_xu/Stirling_number_second_kind_3.json,2-10,-0.24630238874073002,-0.4,-0.03271496295928955,0.1161729097366333,-0.14888787269592285,-0.08826476335525513,-0.10941831867756421,-0.052423685789108276,0.9
theoremqa_theorems,Listwise,TheoremQA_jianyu_xu/Stirling_number_second_kind_5.json,2-10,-0.01786845654760455,-0.01785714285714285,0.010570704936981201,0.046468913555145264,-0.03589820861816406,0.18737643957138062,0.2636655166240084,0.010570764541625977,0.9
theoremqa_theorems,Listwise,TheoremQA_jianyu_xu/pigeonhole_1.json,2-10,0.22629438553091674,0.5,0.026543498039245605,-0.11685788631439209,0.1434013843536377,0.19385096430778503,0.19032270094584852,-0.05938613414764404,0.9
theoremqa_theorems,Listwise,TheoremQA_jianyu_xu/pigeonhole_2.json,11-100,0.0,0.0,-0.14396464824676514,-0.07777851819992065,-0.06618613004684448,0.05535554885864258,0.054992147984479,-0.14396467804908752,0.4
theoremqa_theorems,Listwise,TheoremQA_jianyu_xu/pigeonhole_3.json,2-10,0.0,0.0,-0.030620157718658447,0.06379014253616333,-0.09441030025482178,-0.094410240650177,-0.07597936051650742,-0.030620098114013672,0.6
theoremqa_theorems,Listwise,TheoremQA_jianyu_xu/pigeonhole_4.json,2-10,0.3065735963827292,0.6666666666666667,0.0525738000869751,-0.15595108270645142,0.2085248827934265,0.20852482318878174,0.20450979894647808,-0.03677237033843994,0.8
theoremqa_theorems,Listwise,TheoremQA_maxku/ipnetwork13-hammingdist.json,101+,0.0,0.0,-0.06727796792984009,-0.029684215784072876,-0.03759375214576721,0.009975939989089966,0.02057603767584376,-0.06727799773216248,0.7
theoremqa_theorems,Listwise,TheoremQA_maxku/signalprocessing11-nyquist.json,2-10,-0.6309297535714575,-0.5,-0.1063305139541626,-0.05089178681373596,-0.055438727140426636,-0.004899561405181885,-0.0029482158522378572,-0.10633045434951782,0.8
theoremqa_theorems,Listwise,TheoremQA_mingyin/Fundamental-Theorem-of-Calculus3.json,101+,0.0,0.0,-0.03667271137237549,-0.11944222450256348,0.08276951313018799,0.10055530071258545,0.12009750612807343,-0.03667271137237549,0.7
theoremqa_theorems,Listwise,TheoremQA_mingyin/Lebesgue-measure1.json,2-10,-0.48247555939075504,-0.25,-0.05545848608016968,0.02162480354309082,-0.0770832896232605,-0.08596307039260864,-0.13159574416684494,-0.05488765239715576,0.7
theoremqa_theorems,Listwise,TheoremQA_mingyin/cauchy-integral-theorem1.json,2-10,-0.2890648263178879,-0.1,-0.06632709503173828,-0.01295095682144165,-0.05337613821029663,-0.03588956594467163,-0.04220602693833986,-0.0663270354270935,0.8
theoremqa_theorems,Listwise,TheoremQA_mingyin/convexity1.json,11-100,0.0,0.0,0.050274431705474854,0.049501657485961914,0.0007727742195129395,0.01796168088912964,0.009894180269764657,0.05027437210083008,0.9
theoremqa_theorems,Listwise,TheoremQA_mingyin/series2.json,11-100,1.0,1.0,0.09295189380645752,-0.01732325553894043,0.11027514934539795,0.3340193033218384,0.31364459335918626,0.09295189380645752,0.7
theoremqa_theorems,Listwise,TheoremQA_panlu/gravitational_force2.json,2-10,0.06231217461905625,0.08333333333333331,0.0873292088508606,0.05260127782821655,0.03472793102264404,0.05810427665710449,0.06195476335704975,0.055312395095825195,0.9
theoremqa_theorems,Listwise,TheoremQA_panlu/rigid-body3.json,1,-0.1496550944652454,0.0,0.10946840047836304,0.07635581493377686,0.03311258554458618,0.2563011050224304,0.29873138303381885,0.06761050224304199,0.9
theoremqa_theorems,Listwise,TheoremQA_panlu/similarity2.json,2-10,0.11314719276545837,0.20833333333333331,0.09127187728881836,0.1251714825630188,-0.03389960527420044,0.13297992944717407,0.16732187509717944,0.020560801029205322,0.6
theoremqa_theorems,Listwise,TheoremQA_panlu/similarity3.json,11-100,0.0,0.0,-0.02609032392501831,0.030951201915740967,-0.05704152584075928,0.06569093465805054,0.07186426056952658,-0.02609032392501831,0.6
theoremqa_theorems,Listwise,TheoremQA_tonyxia/maxplanar1.json,1,-0.8503449055347546,-1.0,-0.10004889965057373,0.055932044982910156,-0.1559809446334839,-0.034178316593170166,-0.030770995213450007,-0.10692685842514038,0.9
theoremqa_theorems,Listwise,TheoremQA_tonyxia/maxplanar3.json,1,-0.8503449055347546,-1.0,-0.09453552961349487,0.05758541822433472,-0.1521209478378296,-0.04027467966079712,-0.041308230997225914,-0.08382713794708252,0.8
theoremqa_theorems,Listwise,TheoremQA_wenhuchen/L'Hôpital_rule1.json,11-100,0.38685280723454163,0.2,0.08003932237625122,0.058277666568756104,0.021761655807495117,0.021761596202850342,0.029468921412253782,0.08003932237625122,0.8
theoremqa_theorems,Listwise,TheoremQA_wenhuchen/Liouville’s_theorem1.json,1,-0.1289214559996631,0.0,0.004865169525146484,0.0453486442565918,-0.04048347473144531,-0.018839716911315918,-0.023135443114225038,-0.0409235954284668,0.8
theoremqa_theorems,Listwise,TheoremQA_wenhuchen/Liouville’s_theorem2.json,2-10,0.2954797366520968,0.6666666666666667,-0.0026110410690307617,-0.018797218799591064,0.016186177730560303,0.21129852533340454,0.16911389278725852,-0.01642751693725586,0.8
theoremqa_theorems,Listwise,TheoremQA_wenhuchen/ODE2.json,101+,0.0,0.0,0.06937962770462036,0.02250140905380249,0.04687821865081787,0.11165517568588257,0.1297102159184328,0.017498880624771118,0.7
theoremqa_theorems,Listwise,TheoremQA_wenhuchen/ODE3.json,101+,0.0,0.0,0.13732755184173584,0.0474584698677063,0.08986908197402954,0.08986914157867432,0.08699926853044204,0.13570591807365417,0.9
theoremqa_theorems,Listwise,TheoremQA_wenhuchen/Rolle's_theorem.json,11-100,1.0,1.0,0.13154655694961548,-0.05808788537979126,0.18963444232940674,0.4200800955295563,0.357073383231837,0.1291826367378235,0.7
theoremqa_theorems,Listwise,TheoremQA_wenhuchen/cauchy_integral1.json,101+,0.0,0.0,0.1271674633026123,-0.017325282096862793,0.1444927453994751,0.1444927453994751,0.13352667687856315,0.12716752290725708,0.8
theoremqa_theorems,Listwise,TheoremQA_wenhuchen/definite_matrix1.json,2-10,0.0,0.0,0.023633480072021484,0.016921162605285645,0.00671231746673584,0.00671231746673584,-0.032585912663286115,-0.032263219356536865,0.8
theoremqa_theorems,Listwise,TheoremQA_wenhuchen/eigen_value1.json,2-10,0.06937588361343294,0.0,0.07912415266036987,0.07515263557434082,0.003971517086029053,0.003971517086029053,0.026784867150851932,0.10218441486358643,0.9
theoremqa_theorems,Listwise,TheoremQA_wenhuchen/jensen1.json,101+,0.0,0.0,-0.05914682149887085,-0.038524508476257324,-0.020622313022613525,-0.0206223726272583,-0.0006830574010323609,-0.12977510690689087,0.9
theoremqa_theorems,Listwise,TheoremQA_wenhuchen/kepler's_law1.json,1,-0.36907024642854247,-0.5,-0.05180716514587402,0.037527263164520264,-0.08933442831039429,-0.08933460712432861,-0.09005094422544692,-0.051807284355163574,0.9
theoremqa_theorems,Listwise,TheoremQA_wenhuchen/kepler's_law3.json,1,0.0,0.0,-0.024820923805236816,0.01759237051010132,-0.042413294315338135,-0.04241335391998291,-0.04593240584654784,-0.021885931491851807,0.8
theoremqa_theorems,Listwise,TheoremQA_wenhuchen/series_convergen2.json,11-100,0.0,0.0,-0.033852577209472656,-0.0556868314743042,0.021834254264831543,0.14659827947616577,0.15191335312245163,-0.03193241357803345,0.8
theoremqa_theorems,Listwise,TheoremQA_wenhuchen/t_test1.json,1,-0.1496550944652454,0.0,0.028312742710113525,0.03928139805793762,-0.010968655347824097,0.1688832938671112,0.23562447306311757,0.0034111738204956055,0.5
theoremqa_theorems,Listwise,TheoremQA_wenhuchen/t_test2.json,1,0.08027921085181244,0.0,0.1021653413772583,-0.020688921213150024,0.12285426259040833,0.195692777633667,0.2678076815817727,0.06276059150695801,0.5
theoremqa_theorems,Listwise,TheoremQA_wenhuchen/t_test3.json,2-10,0.22629438553091674,0.5,0.09221220016479492,-0.02709364891052246,0.11930584907531738,0.0059105753898620605,0.004766104589913743,0.0414394736289978,0.6
theoremqa_theorems,Listwise,TheoremQA_wenhuchen/trapezoidal_rule3.json,2-10,-0.2975964202381242,-0.35714285714285715,0.05126488208770752,0.046876609325408936,0.004388272762298584,0.1823737621307373,0.1995800355664516,0.05126488208770752,0.7
theoremqa_theorems,Listwise,TheoremQA_wenhuchen/viterbi2.json,1,0.0,0.0,0.08942574262619019,0.062275052070617676,0.02715069055557251,0.16221559047698975,0.1351270903550929,0.08942580223083496,0.6
theoremqa_theorems,Listwise,TheoremQA_xinyi/dag_1.json,11-100,0.0,0.0,-0.053795456886291504,0.05107945203781128,-0.10487490892410278,-0.11196005344390869,-0.10746379978865261,-0.06402513384819031,0.8
theoremqa_theorems,Listwise,TheoremQA_xinyi/dag_2.json,11-100,0.0,0.0,-0.012035995721817017,0.07017582654953003,-0.08221182227134705,0.077140212059021,0.08035547828799718,-0.06035274267196655,0.7
theoremqa_theorems,Listwise,TheoremQA_xinyi/dag_3.json,101+,0.0,0.0,-0.04897242784500122,0.06406933069229126,-0.11304175853729248,-0.08467404544353485,-0.06482412348786448,-0.04897241294384003,0.8
theoremqa_theorems,Listwise,TheoremQA_xinyi/linear_projection.json,2-10,-0.3562071871080222,-0.16666666666666666,-0.05559819936752319,0.004459679126739502,-0.060057878494262695,0.05367189645767212,0.04603601601043651,-0.05559813976287842,0.8
theoremqa_theorems,Listwise,TheoremQA_xinyi/maximum_entropy_2.json,2-10,-0.3333333333333333,-0.14285714285714285,-0.056419551372528076,0.008336007595062256,-0.06475555896759033,-0.06359446048736572,-0.09080105509783845,-0.0564194917678833,0.6
theoremqa_theorems,Listwise,TheoremQA_xueguangma/intermediate_value_theorem.json,1,0.2558209594125083,0.0,0.04696708917617798,0.03195464611053467,0.01501244306564331,0.16224372386932373,0.1403607093189827,-0.03669425845146179,0.7
theoremqa_theorems,Listwise,TheoremQA_xueguangma/taylors_approximation_theorem.json,101+,0.0,0.0,-0.036776065826416016,0.07897162437438965,-0.11574769020080566,-0.11574774980545044,-0.10339314834620214,-0.026697546243667603,1.0
