run,method,seed,query_set,task,subset,ndcg_at_10
G1-R2-CL-Strong-Seed2026-s2026,G1-R2-CL-Strong,2026,original,BrightRetrieval,biology,0.3560
G1-R2-CL-Strong-Seed2026-s2026,G1-R2-CL-Strong,2026,original,BrightRetrieval,earth_science,0.3552
G1-R2-CL-Strong-Seed2026-s2026,G1-R2-CL-Strong,2026,original,BrightRetrieval,economics,0.2669
G1-R2-CL-Strong-Seed2026-s2026,G1-R2-CL-Strong,2026,original,BrightRetrieval,psychology,0.3316
G1-R2-CL-Strong-Seed2026-s2026,G1-R2-CL-Strong,2026,original,BrightRetrieval,robotics,0.2099
G1-R2-CL-Strong-Seed2026-s2026,G1-R2-CL-Strong,2026,original,BrightRetrieval,stackoverflow,0.2876
G1-R2-CL-Strong-Seed2026-s2026,G1-R2-CL-Strong,2026,original,BrightRetrieval,sustainable_living,0.2731
G1-R2-CL-Strong-Seed2026-s2026,G1-R2-CL-Strong,2026,original,BrightRetrieval,pony,0.0118
G1-R2-CL-Strong-Seed2026-s2026,G1-R2-CL-Strong,2026,original,BrightRetrieval,leetcode,0.1027
G1-R2-CL-Strong-Seed2026-s2026,G1-R2-CL-Strong,2026,original,BrightRetrieval,aops,0.0302
G1-R2-CL-Strong-Seed2026-s2026,G1-R2-CL-Strong,2026,original,BrightRetrieval,theoremqa_theorems,0.3252
G1-R2-CL-Strong-Seed2026-s2026,G1-R2-CL-Strong,2026,original,BrightRetrieval,theoremqa_questions,0.1936
G1-R2-CL-Strong-Seed2026-s2026,G1-R2-CL-Strong,2026,gpt_reasoning,BrightRetrieval,biology,0.6121
G1-R2-CL-Strong-Seed2026-s2026,G1-R2-CL-Strong,2026,gpt_reasoning,BrightRetrieval,earth_science,0.5001
G1-R2-CL-Strong-Seed2026-s2026,G1-R2-CL-Strong,2026,gpt_reasoning,BrightRetrieval,economics,0.4961
G1-R2-CL-Strong-Seed2026-s2026,G1-R2-CL-Strong,2026,gpt_reasoning,BrightRetrieval,psychology,0.5546
G1-R2-CL-Strong-Seed2026-s2026,G1-R2-CL-Strong,2026,gpt_reasoning,BrightRetrieval,robotics,0.3616
G1-R2-CL-Strong-Seed2026-s2026,G1-R2-CL-Strong,2026,gpt_reasoning,BrightRetrieval,stackoverflow,0.3453
G1-R2-CL-Strong-Seed2026-s2026,G1-R2-CL-Strong,2026,gpt_reasoning,BrightRetrieval,sustainable_living,0.4777
G1-R2-CL-Strong-Seed2026-s2026,G1-R2-CL-Strong,2026,gpt_reasoning,BrightRetrieval,pony,0.0118
G1-R2-CL-Strong-Seed2026-s2026,G1-R2-CL-Strong,2026,gpt_reasoning,BrightRetrieval,leetcode,0.1027
G1-R2-CL-Strong-Seed2026-s2026,G1-R2-CL-Strong,2026,gpt_reasoning,BrightRetrieval,aops,0.0885
G1-R2-CL-Strong-Seed2026-s2026,G1-R2-CL-Strong,2026,gpt_reasoning,BrightRetrieval,theoremqa_theorems,0.6804
G1-R2-CL-Strong-Seed2026-s2026,G1-R2-CL-Strong,2026,gpt_reasoning,BrightRetrieval,theoremqa_questions,0.2641
G1-R2-CL-Strong-Seed3407-s3407,G1-R2-CL-Strong,3407,original,BrightRetrieval,biology,0.3360
G1-R2-CL-Strong-Seed3407-s3407,G1-R2-CL-Strong,3407,original,BrightRetrieval,earth_science,0.3295
G1-R2-CL-Strong-Seed3407-s3407,G1-R2-CL-Strong,3407,original,BrightRetrieval,economics,0.2594
G1-R2-CL-Strong-Seed3407-s3407,G1-R2-CL-Strong,3407,original,BrightRetrieval,psychology,0.3379
G1-R2-CL-Strong-Seed3407-s3407,G1-R2-CL-Strong,3407,original,BrightRetrieval,robotics,0.2093
G1-R2-CL-Strong-Seed3407-s3407,G1-R2-CL-Strong,3407,original,BrightRetrieval,stackoverflow,0.2852
G1-R2-CL-Strong-Seed3407-s3407,G1-R2-CL-Strong,3407,original,BrightRetrieval,sustainable_living,0.2772
G1-R2-CL-Strong-Seed3407-s3407,G1-R2-CL-Strong,3407,original,BrightRetrieval,pony,0.0108
G1-R2-CL-Strong-Seed3407-s3407,G1-R2-CL-Strong,3407,original,BrightRetrieval,leetcode,0.1011
G1-R2-CL-Strong-Seed3407-s3407,G1-R2-CL-Strong,3407,original,BrightRetrieval,aops,0.0334
G1-R2-CL-Strong-Seed3407-s3407,G1-R2-CL-Strong,3407,original,BrightRetrieval,theoremqa_theorems,0.3259
G1-R2-CL-Strong-Seed3407-s3407,G1-R2-CL-Strong,3407,original,BrightRetrieval,theoremqa_questions,0.2015
G1-R2-CL-Strong-Seed3407-s3407,G1-R2-CL-Strong,3407,gpt_reasoning,BrightRetrieval,biology,0.5899
G1-R2-CL-Strong-Seed3407-s3407,G1-R2-CL-Strong,3407,gpt_reasoning,BrightRetrieval,earth_science,0.4908
G1-R2-CL-Strong-Seed3407-s3407,G1-R2-CL-Strong,3407,gpt_reasoning,BrightRetrieval,economics,0.4887
G1-R2-CL-Strong-Seed3407-s3407,G1-R2-CL-Strong,3407,gpt_reasoning,BrightRetrieval,psychology,0.5548
G1-R2-CL-Strong-Seed3407-s3407,G1-R2-CL-Strong,3407,gpt_reasoning,BrightRetrieval,robotics,0.3581
G1-R2-CL-Strong-Seed3407-s3407,G1-R2-CL-Strong,3407,gpt_reasoning,BrightRetrieval,stackoverflow,0.3357
G1-R2-CL-Strong-Seed3407-s3407,G1-R2-CL-Strong,3407,gpt_reasoning,BrightRetrieval,sustainable_living,0.4987
G1-R2-CL-Strong-Seed3407-s3407,G1-R2-CL-Strong,3407,gpt_reasoning,BrightRetrieval,pony,0.0108
G1-R2-CL-Strong-Seed3407-s3407,G1-R2-CL-Strong,3407,gpt_reasoning,BrightRetrieval,leetcode,0.1011
G1-R2-CL-Strong-Seed3407-s3407,G1-R2-CL-Strong,3407,gpt_reasoning,BrightRetrieval,aops,0.0881
G1-R2-CL-Strong-Seed3407-s3407,G1-R2-CL-Strong,3407,gpt_reasoning,BrightRetrieval,theoremqa_theorems,0.6798
G1-R2-CL-Strong-Seed3407-s3407,G1-R2-CL-Strong,3407,gpt_reasoning,BrightRetrieval,theoremqa_questions,0.2794
G1-R2-CL-Strong-s42,G1-R2-CL-Strong,42,original,BrightRetrieval,biology,0.3368
G1-R2-CL-Strong-s42,G1-R2-CL-Strong,42,original,BrightRetrieval,earth_science,0.3382
G1-R2-CL-Strong-s42,G1-R2-CL-Strong,42,original,BrightRetrieval,economics,0.2610
G1-R2-CL-Strong-s42,G1-R2-CL-Strong,42,original,BrightRetrieval,psychology,0.3334
G1-R2-CL-Strong-s42,G1-R2-CL-Strong,42,original,BrightRetrieval,robotics,0.2113
G1-R2-CL-Strong-s42,G1-R2-CL-Strong,42,original,BrightRetrieval,stackoverflow,0.2907
G1-R2-CL-Strong-s42,G1-R2-CL-Strong,42,original,BrightRetrieval,sustainable_living,0.2714
G1-R2-CL-Strong-s42,G1-R2-CL-Strong,42,original,BrightRetrieval,pony,0.0122
G1-R2-CL-Strong-s42,G1-R2-CL-Strong,42,original,BrightRetrieval,leetcode,0.1019
G1-R2-CL-Strong-s42,G1-R2-CL-Strong,42,original,BrightRetrieval,aops,0.0296
G1-R2-CL-Strong-s42,G1-R2-CL-Strong,42,original,BrightRetrieval,theoremqa_theorems,0.3183
G1-R2-CL-Strong-s42,G1-R2-CL-Strong,42,original,BrightRetrieval,theoremqa_questions,0.1947
G1-R2-CL-Strong-s42,G1-R2-CL-Strong,42,gpt_reasoning,BrightRetrieval,biology,0.5934
G1-R2-CL-Strong-s42,G1-R2-CL-Strong,42,gpt_reasoning,BrightRetrieval,earth_science,0.4923
G1-R2-CL-Strong-s42,G1-R2-CL-Strong,42,gpt_reasoning,BrightRetrieval,economics,0.4879
G1-R2-CL-Strong-s42,G1-R2-CL-Strong,42,gpt_reasoning,BrightRetrieval,psychology,0.5738
G1-R2-CL-Strong-s42,G1-R2-CL-Strong,42,gpt_reasoning,BrightRetrieval,robotics,0.3643
G1-R2-CL-Strong-s42,G1-R2-CL-Strong,42,gpt_reasoning,BrightRetrieval,stackoverflow,0.3379
G1-R2-CL-Strong-s42,G1-R2-CL-Strong,42,gpt_reasoning,BrightRetrieval,sustainable_living,0.4921
G1-R2-CL-Strong-s42,G1-R2-CL-Strong,42,gpt_reasoning,BrightRetrieval,pony,0.0122
G1-R2-CL-Strong-s42,G1-R2-CL-Strong,42,gpt_reasoning,BrightRetrieval,leetcode,0.1019
G1-R2-CL-Strong-s42,G1-R2-CL-Strong,42,gpt_reasoning,BrightRetrieval,aops,0.0869
G1-R2-CL-Strong-s42,G1-R2-CL-Strong,42,gpt_reasoning,BrightRetrieval,theoremqa_theorems,0.6632
G1-R2-CL-Strong-s42,G1-R2-CL-Strong,42,gpt_reasoning,BrightRetrieval,theoremqa_questions,0.2795
G1-R2-E0-s42,G1-R2-E0,42,original,BrightRetrieval,biology,0.1341
G1-R2-E0-s42,G1-R2-E0,42,original,BrightRetrieval,earth_science,0.2781
G1-R2-E0-s42,G1-R2-E0,42,original,BrightRetrieval,economics,0.1797
G1-R2-E0-s42,G1-R2-E0,42,original,BrightRetrieval,psychology,0.1660
G1-R2-E0-s42,G1-R2-E0,42,original,BrightRetrieval,robotics,0.1196
G1-R2-E0-s42,G1-R2-E0,42,original,BrightRetrieval,stackoverflow,0.1282
G1-R2-E0-s42,G1-R2-E0,42,original,BrightRetrieval,sustainable_living,0.1317
G1-R2-E0-s42,G1-R2-E0,42,original,BrightRetrieval,pony,0.0069
G1-R2-E0-s42,G1-R2-E0,42,original,BrightRetrieval,leetcode,0.1425
G1-R2-E0-s42,G1-R2-E0,42,original,BrightRetrieval,aops,0.0328
G1-R2-E0-s42,G1-R2-E0,42,original,BrightRetrieval,theoremqa_theorems,0.3210
G1-R2-E0-s42,G1-R2-E0,42,original,BrightRetrieval,theoremqa_questions,0.1715
G1-R2-E0-s42,G1-R2-E0,42,gpt_reasoning,BrightRetrieval,biology,0.2654
G1-R2-E0-s42,G1-R2-E0,42,gpt_reasoning,BrightRetrieval,earth_science,0.4199
G1-R2-E0-s42,G1-R2-E0,42,gpt_reasoning,BrightRetrieval,economics,0.3371
G1-R2-E0-s42,G1-R2-E0,42,gpt_reasoning,BrightRetrieval,psychology,0.3866
G1-R2-E0-s42,G1-R2-E0,42,gpt_reasoning,BrightRetrieval,robotics,0.1950
G1-R2-E0-s42,G1-R2-E0,42,gpt_reasoning,BrightRetrieval,stackoverflow,0.1508
G1-R2-E0-s42,G1-R2-E0,42,gpt_reasoning,BrightRetrieval,sustainable_living,0.2857
G1-R2-E0-s42,G1-R2-E0,42,gpt_reasoning,BrightRetrieval,pony,0.0069
G1-R2-E0-s42,G1-R2-E0,42,gpt_reasoning,BrightRetrieval,leetcode,0.1425
G1-R2-E0-s42,G1-R2-E0,42,gpt_reasoning,BrightRetrieval,aops,0.0703
G1-R2-E0-s42,G1-R2-E0,42,gpt_reasoning,BrightRetrieval,theoremqa_theorems,0.7208
G1-R2-E0-s42,G1-R2-E0,42,gpt_reasoning,BrightRetrieval,theoremqa_questions,0.2589
G1-R2-LL-Graded-Seed2026-s2026,G1-R2-LL-Graded,2026,original,BrightRetrieval,biology,0.2487
G1-R2-LL-Graded-Seed2026-s2026,G1-R2-LL-Graded,2026,original,BrightRetrieval,earth_science,0.2636
G1-R2-LL-Graded-Seed2026-s2026,G1-R2-LL-Graded,2026,original,BrightRetrieval,economics,0.2460
G1-R2-LL-Graded-Seed2026-s2026,G1-R2-LL-Graded,2026,original,BrightRetrieval,psychology,0.2922
G1-R2-LL-Graded-Seed2026-s2026,G1-R2-LL-Graded,2026,original,BrightRetrieval,robotics,0.1763
G1-R2-LL-Graded-Seed2026-s2026,G1-R2-LL-Graded,2026,original,BrightRetrieval,stackoverflow,0.2313
G1-R2-LL-Graded-Seed2026-s2026,G1-R2-LL-Graded,2026,original,BrightRetrieval,sustainable_living,0.2234
G1-R2-LL-Graded-Seed2026-s2026,G1-R2-LL-Graded,2026,original,BrightRetrieval,pony,0.0146
G1-R2-LL-Graded-Seed2026-s2026,G1-R2-LL-Graded,2026,original,BrightRetrieval,leetcode,0.1209
G1-R2-LL-Graded-Seed2026-s2026,G1-R2-LL-Graded,2026,original,BrightRetrieval,aops,0.0336
G1-R2-LL-Graded-Seed2026-s2026,G1-R2-LL-Graded,2026,original,BrightRetrieval,theoremqa_theorems,0.2974
G1-R2-LL-Graded-Seed2026-s2026,G1-R2-LL-Graded,2026,original,BrightRetrieval,theoremqa_questions,0.2117
G1-R2-LL-Graded-Seed2026-s2026,G1-R2-LL-Graded,2026,gpt_reasoning,BrightRetrieval,biology,0.4161
G1-R2-LL-Graded-Seed2026-s2026,G1-R2-LL-Graded,2026,gpt_reasoning,BrightRetrieval,earth_science,0.4034
G1-R2-LL-Graded-Seed2026-s2026,G1-R2-LL-Graded,2026,gpt_reasoning,BrightRetrieval,economics,0.3965
G1-R2-LL-Graded-Seed2026-s2026,G1-R2-LL-Graded,2026,gpt_reasoning,BrightRetrieval,psychology,0.4957
G1-R2-LL-Graded-Seed2026-s2026,G1-R2-LL-Graded,2026,gpt_reasoning,BrightRetrieval,robotics,0.2841
G1-R2-LL-Graded-Seed2026-s2026,G1-R2-LL-Graded,2026,gpt_reasoning,BrightRetrieval,stackoverflow,0.2673
G1-R2-LL-Graded-Seed2026-s2026,G1-R2-LL-Graded,2026,gpt_reasoning,BrightRetrieval,sustainable_living,0.4342
G1-R2-LL-Graded-Seed2026-s2026,G1-R2-LL-Graded,2026,gpt_reasoning,BrightRetrieval,pony,0.0146
G1-R2-LL-Graded-Seed2026-s2026,G1-R2-LL-Graded,2026,gpt_reasoning,BrightRetrieval,leetcode,0.1209
G1-R2-LL-Graded-Seed2026-s2026,G1-R2-LL-Graded,2026,gpt_reasoning,BrightRetrieval,aops,0.0647
G1-R2-LL-Graded-Seed2026-s2026,G1-R2-LL-Graded,2026,gpt_reasoning,BrightRetrieval,theoremqa_theorems,0.6327
G1-R2-LL-Graded-Seed2026-s2026,G1-R2-LL-Graded,2026,gpt_reasoning,BrightRetrieval,theoremqa_questions,0.2707
G1-R2-LL-Graded-Seed3407-s3407,G1-R2-LL-Graded,3407,original,BrightRetrieval,biology,0.2418
G1-R2-LL-Graded-Seed3407-s3407,G1-R2-LL-Graded,3407,original,BrightRetrieval,earth_science,0.2498
G1-R2-LL-Graded-Seed3407-s3407,G1-R2-LL-Graded,3407,original,BrightRetrieval,economics,0.2338
G1-R2-LL-Graded-Seed3407-s3407,G1-R2-LL-Graded,3407,original,BrightRetrieval,psychology,0.2890
G1-R2-LL-Graded-Seed3407-s3407,G1-R2-LL-Graded,3407,original,BrightRetrieval,robotics,0.1757
G1-R2-LL-Graded-Seed3407-s3407,G1-R2-LL-Graded,3407,original,BrightRetrieval,stackoverflow,0.2280
G1-R2-LL-Graded-Seed3407-s3407,G1-R2-LL-Graded,3407,original,BrightRetrieval,sustainable_living,0.2175
G1-R2-LL-Graded-Seed3407-s3407,G1-R2-LL-Graded,3407,original,BrightRetrieval,pony,0.0140
G1-R2-LL-Graded-Seed3407-s3407,G1-R2-LL-Graded,3407,original,BrightRetrieval,leetcode,0.1314
G1-R2-LL-Graded-Seed3407-s3407,G1-R2-LL-Graded,3407,original,BrightRetrieval,aops,0.0316
G1-R2-LL-Graded-Seed3407-s3407,G1-R2-LL-Graded,3407,original,BrightRetrieval,theoremqa_theorems,0.2925
G1-R2-LL-Graded-Seed3407-s3407,G1-R2-LL-Graded,3407,original,BrightRetrieval,theoremqa_questions,0.2107
G1-R2-LL-Graded-Seed3407-s3407,G1-R2-LL-Graded,3407,gpt_reasoning,BrightRetrieval,biology,0.4297
G1-R2-LL-Graded-Seed3407-s3407,G1-R2-LL-Graded,3407,gpt_reasoning,BrightRetrieval,earth_science,0.3926
G1-R2-LL-Graded-Seed3407-s3407,G1-R2-LL-Graded,3407,gpt_reasoning,BrightRetrieval,economics,0.4084
G1-R2-LL-Graded-Seed3407-s3407,G1-R2-LL-Graded,3407,gpt_reasoning,BrightRetrieval,psychology,0.4982
G1-R2-LL-Graded-Seed3407-s3407,G1-R2-LL-Graded,3407,gpt_reasoning,BrightRetrieval,robotics,0.2834
G1-R2-LL-Graded-Seed3407-s3407,G1-R2-LL-Graded,3407,gpt_reasoning,BrightRetrieval,stackoverflow,0.2716
G1-R2-LL-Graded-Seed3407-s3407,G1-R2-LL-Graded,3407,gpt_reasoning,BrightRetrieval,sustainable_living,0.4366
G1-R2-LL-Graded-Seed3407-s3407,G1-R2-LL-Graded,3407,gpt_reasoning,BrightRetrieval,pony,0.0140
G1-R2-LL-Graded-Seed3407-s3407,G1-R2-LL-Graded,3407,gpt_reasoning,BrightRetrieval,leetcode,0.1314
G1-R2-LL-Graded-Seed3407-s3407,G1-R2-LL-Graded,3407,gpt_reasoning,BrightRetrieval,aops,0.0727
G1-R2-LL-Graded-Seed3407-s3407,G1-R2-LL-Graded,3407,gpt_reasoning,BrightRetrieval,theoremqa_theorems,0.6237
G1-R2-LL-Graded-Seed3407-s3407,G1-R2-LL-Graded,3407,gpt_reasoning,BrightRetrieval,theoremqa_questions,0.2780
G1-R2-LL-Graded-s42,G1-R2-LL-Graded,42,original,BrightRetrieval,biology,0.2398
G1-R2-LL-Graded-s42,G1-R2-LL-Graded,42,original,BrightRetrieval,earth_science,0.2511
G1-R2-LL-Graded-s42,G1-R2-LL-Graded,42,original,BrightRetrieval,economics,0.2386
G1-R2-LL-Graded-s42,G1-R2-LL-Graded,42,original,BrightRetrieval,psychology,0.2881
G1-R2-LL-Graded-s42,G1-R2-LL-Graded,42,original,BrightRetrieval,robotics,0.1750
G1-R2-LL-Graded-s42,G1-R2-LL-Graded,42,original,BrightRetrieval,stackoverflow,0.2265
G1-R2-LL-Graded-s42,G1-R2-LL-Graded,42,original,BrightRetrieval,sustainable_living,0.2168
G1-R2-LL-Graded-s42,G1-R2-LL-Graded,42,original,BrightRetrieval,pony,0.0135
G1-R2-LL-Graded-s42,G1-R2-LL-Graded,42,original,BrightRetrieval,leetcode,0.1206
G1-R2-LL-Graded-s42,G1-R2-LL-Graded,42,original,BrightRetrieval,aops,0.0351
G1-R2-LL-Graded-s42,G1-R2-LL-Graded,42,original,BrightRetrieval,theoremqa_theorems,0.2813
G1-R2-LL-Graded-s42,G1-R2-LL-Graded,42,original,BrightRetrieval,theoremqa_questions,0.2088
G1-R2-LL-Graded-s42,G1-R2-LL-Graded,42,gpt_reasoning,BrightRetrieval,biology,0.4138
G1-R2-LL-Graded-s42,G1-R2-LL-Graded,42,gpt_reasoning,BrightRetrieval,earth_science,0.3866
G1-R2-LL-Graded-s42,G1-R2-LL-Graded,42,gpt_reasoning,BrightRetrieval,economics,0.3966
G1-R2-LL-Graded-s42,G1-R2-LL-Graded,42,gpt_reasoning,BrightRetrieval,psychology,0.4918
G1-R2-LL-Graded-s42,G1-R2-LL-Graded,42,gpt_reasoning,BrightRetrieval,robotics,0.2737
G1-R2-LL-Graded-s42,G1-R2-LL-Graded,42,gpt_reasoning,BrightRetrieval,stackoverflow,0.2660
G1-R2-LL-Graded-s42,G1-R2-LL-Graded,42,gpt_reasoning,BrightRetrieval,sustainable_living,0.4269
G1-R2-LL-Graded-s42,G1-R2-LL-Graded,42,gpt_reasoning,BrightRetrieval,pony,0.0135
G1-R2-LL-Graded-s42,G1-R2-LL-Graded,42,gpt_reasoning,BrightRetrieval,leetcode,0.1206
G1-R2-LL-Graded-s42,G1-R2-LL-Graded,42,gpt_reasoning,BrightRetrieval,aops,0.0711
G1-R2-LL-Graded-s42,G1-R2-LL-Graded,42,gpt_reasoning,BrightRetrieval,theoremqa_theorems,0.6059
G1-R2-LL-Graded-s42,G1-R2-LL-Graded,42,gpt_reasoning,BrightRetrieval,theoremqa_questions,0.2721
G1-R2-RL-GradedNDCG64-CP-Align060-ShortlistUniform-K0-T1-Pairwise050-Seed2026-s2026,G1-R2-RL-GradedNDCG64-CP-Align060-ShortlistUniform-K0-T1-Pairwise050,2026,original,BrightRetrieval,biology,0.4647
G1-R2-RL-GradedNDCG64-CP-Align060-ShortlistUniform-K0-T1-Pairwise050-Seed2026-s2026,G1-R2-RL-GradedNDCG64-CP-Align060-ShortlistUniform-K0-T1-Pairwise050,2026,original,BrightRetrieval,earth_science,0.3860
G1-R2-RL-GradedNDCG64-CP-Align060-ShortlistUniform-K0-T1-Pairwise050-Seed2026-s2026,G1-R2-RL-GradedNDCG64-CP-Align060-ShortlistUniform-K0-T1-Pairwise050,2026,original,BrightRetrieval,economics,0.2942
G1-R2-RL-GradedNDCG64-CP-Align060-ShortlistUniform-K0-T1-Pairwise050-Seed2026-s2026,G1-R2-RL-GradedNDCG64-CP-Align060-ShortlistUniform-K0-T1-Pairwise050,2026,original,BrightRetrieval,psychology,0.3384
G1-R2-RL-GradedNDCG64-CP-Align060-ShortlistUniform-K0-T1-Pairwise050-Seed2026-s2026,G1-R2-RL-GradedNDCG64-CP-Align060-ShortlistUniform-K0-T1-Pairwise050,2026,original,BrightRetrieval,robotics,0.1808
G1-R2-RL-GradedNDCG64-CP-Align060-ShortlistUniform-K0-T1-Pairwise050-Seed2026-s2026,G1-R2-RL-GradedNDCG64-CP-Align060-ShortlistUniform-K0-T1-Pairwise050,2026,original,BrightRetrieval,stackoverflow,0.2834
G1-R2-RL-GradedNDCG64-CP-Align060-ShortlistUniform-K0-T1-Pairwise050-Seed2026-s2026,G1-R2-RL-GradedNDCG64-CP-Align060-ShortlistUniform-K0-T1-Pairwise050,2026,original,BrightRetrieval,sustainable_living,0.2447
G1-R2-RL-GradedNDCG64-CP-Align060-ShortlistUniform-K0-T1-Pairwise050-Seed2026-s2026,G1-R2-RL-GradedNDCG64-CP-Align060-ShortlistUniform-K0-T1-Pairwise050,2026,original,BrightRetrieval,pony,0.0197
G1-R2-RL-GradedNDCG64-CP-Align060-ShortlistUniform-K0-T1-Pairwise050-Seed2026-s2026,G1-R2-RL-GradedNDCG64-CP-Align060-ShortlistUniform-K0-T1-Pairwise050,2026,original,BrightRetrieval,leetcode,0.0837
G1-R2-RL-GradedNDCG64-CP-Align060-ShortlistUniform-K0-T1-Pairwise050-Seed2026-s2026,G1-R2-RL-GradedNDCG64-CP-Align060-ShortlistUniform-K0-T1-Pairwise050,2026,original,BrightRetrieval,aops,0.0277
G1-R2-RL-GradedNDCG64-CP-Align060-ShortlistUniform-K0-T1-Pairwise050-Seed2026-s2026,G1-R2-RL-GradedNDCG64-CP-Align060-ShortlistUniform-K0-T1-Pairwise050,2026,original,BrightRetrieval,theoremqa_theorems,0.2864
G1-R2-RL-GradedNDCG64-CP-Align060-ShortlistUniform-K0-T1-Pairwise050-Seed2026-s2026,G1-R2-RL-GradedNDCG64-CP-Align060-ShortlistUniform-K0-T1-Pairwise050,2026,original,BrightRetrieval,theoremqa_questions,0.1913
G1-R2-RL-GradedNDCG64-CP-Align060-ShortlistUniform-K0-T1-Pairwise050-Seed3407-s3407,G1-R2-RL-GradedNDCG64-CP-Align060-ShortlistUniform-K0-T1-Pairwise050,3407,original,BrightRetrieval,biology,0.4680
G1-R2-RL-GradedNDCG64-CP-Align060-ShortlistUniform-K0-T1-Pairwise050-Seed3407-s3407,G1-R2-RL-GradedNDCG64-CP-Align060-ShortlistUniform-K0-T1-Pairwise050,3407,original,BrightRetrieval,earth_science,0.3934
G1-R2-RL-GradedNDCG64-CP-Align060-ShortlistUniform-K0-T1-Pairwise050-Seed3407-s3407,G1-R2-RL-GradedNDCG64-CP-Align060-ShortlistUniform-K0-T1-Pairwise050,3407,original,BrightRetrieval,economics,0.2861
G1-R2-RL-GradedNDCG64-CP-Align060-ShortlistUniform-K0-T1-Pairwise050-Seed3407-s3407,G1-R2-RL-GradedNDCG64-CP-Align060-ShortlistUniform-K0-T1-Pairwise050,3407,original,BrightRetrieval,psychology,0.3520
G1-R2-RL-GradedNDCG64-CP-Align060-ShortlistUniform-K0-T1-Pairwise050-Seed3407-s3407,G1-R2-RL-GradedNDCG64-CP-Align060-ShortlistUniform-K0-T1-Pairwise050,3407,original,BrightRetrieval,robotics,0.1849
G1-R2-RL-GradedNDCG64-CP-Align060-ShortlistUniform-K0-T1-Pairwise050-Seed3407-s3407,G1-R2-RL-GradedNDCG64-CP-Align060-ShortlistUniform-K0-T1-Pairwise050,3407,original,BrightRetrieval,stackoverflow,0.2977
G1-R2-RL-GradedNDCG64-CP-Align060-ShortlistUniform-K0-T1-Pairwise050-Seed3407-s3407,G1-R2-RL-GradedNDCG64-CP-Align060-ShortlistUniform-K0-T1-Pairwise050,3407,original,BrightRetrieval,sustainable_living,0.2515
G1-R2-RL-GradedNDCG64-CP-Align060-ShortlistUniform-K0-T1-Pairwise050-Seed3407-s3407,G1-R2-RL-GradedNDCG64-CP-Align060-ShortlistUniform-K0-T1-Pairwise050,3407,original,BrightRetrieval,pony,0.0218
G1-R2-RL-GradedNDCG64-CP-Align060-ShortlistUniform-K0-T1-Pairwise050-Seed3407-s3407,G1-R2-RL-GradedNDCG64-CP-Align060-ShortlistUniform-K0-T1-Pairwise050,3407,original,BrightRetrieval,leetcode,0.0851
G1-R2-RL-GradedNDCG64-CP-Align060-ShortlistUniform-K0-T1-Pairwise050-Seed3407-s3407,G1-R2-RL-GradedNDCG64-CP-Align060-ShortlistUniform-K0-T1-Pairwise050,3407,original,BrightRetrieval,aops,0.0258
G1-R2-RL-GradedNDCG64-CP-Align060-ShortlistUniform-K0-T1-Pairwise050-Seed3407-s3407,G1-R2-RL-GradedNDCG64-CP-Align060-ShortlistUniform-K0-T1-Pairwise050,3407,original,BrightRetrieval,theoremqa_theorems,0.2783
G1-R2-RL-GradedNDCG64-CP-Align060-ShortlistUniform-K0-T1-Pairwise050-Seed3407-s3407,G1-R2-RL-GradedNDCG64-CP-Align060-ShortlistUniform-K0-T1-Pairwise050,3407,original,BrightRetrieval,theoremqa_questions,0.1899
G1-R2-RL-GradedNDCG64-CP-Align060-ShortlistUniform-K0-T1-Pairwise050-s42,G1-R2-RL-GradedNDCG64-CP-Align060-ShortlistUniform-K0-T1-Pairwise050,42,original,BrightRetrieval,biology,0.4536
G1-R2-RL-GradedNDCG64-CP-Align060-ShortlistUniform-K0-T1-Pairwise050-s42,G1-R2-RL-GradedNDCG64-CP-Align060-ShortlistUniform-K0-T1-Pairwise050,42,original,BrightRetrieval,earth_science,0.3697
G1-R2-RL-GradedNDCG64-CP-Align060-ShortlistUniform-K0-T1-Pairwise050-s42,G1-R2-RL-GradedNDCG64-CP-Align060-ShortlistUniform-K0-T1-Pairwise050,42,original,BrightRetrieval,economics,0.2850
G1-R2-RL-GradedNDCG64-CP-Align060-ShortlistUniform-K0-T1-Pairwise050-s42,G1-R2-RL-GradedNDCG64-CP-Align060-ShortlistUniform-K0-T1-Pairwise050,42,original,BrightRetrieval,psychology,0.3379
G1-R2-RL-GradedNDCG64-CP-Align060-ShortlistUniform-K0-T1-Pairwise050-s42,G1-R2-RL-GradedNDCG64-CP-Align060-ShortlistUniform-K0-T1-Pairwise050,42,original,BrightRetrieval,robotics,0.1796
G1-R2-RL-GradedNDCG64-CP-Align060-ShortlistUniform-K0-T1-Pairwise050-s42,G1-R2-RL-GradedNDCG64-CP-Align060-ShortlistUniform-K0-T1-Pairwise050,42,original,BrightRetrieval,stackoverflow,0.3061
G1-R2-RL-GradedNDCG64-CP-Align060-ShortlistUniform-K0-T1-Pairwise050-s42,G1-R2-RL-GradedNDCG64-CP-Align060-ShortlistUniform-K0-T1-Pairwise050,42,original,BrightRetrieval,sustainable_living,0.2507
G1-R2-RL-GradedNDCG64-CP-Align060-ShortlistUniform-K0-T1-Pairwise050-s42,G1-R2-RL-GradedNDCG64-CP-Align060-ShortlistUniform-K0-T1-Pairwise050,42,original,BrightRetrieval,pony,0.0217
G1-R2-RL-GradedNDCG64-CP-Align060-ShortlistUniform-K0-T1-Pairwise050-s42,G1-R2-RL-GradedNDCG64-CP-Align060-ShortlistUniform-K0-T1-Pairwise050,42,original,BrightRetrieval,leetcode,0.0938
G1-R2-RL-GradedNDCG64-CP-Align060-ShortlistUniform-K0-T1-Pairwise050-s42,G1-R2-RL-GradedNDCG64-CP-Align060-ShortlistUniform-K0-T1-Pairwise050,42,original,BrightRetrieval,aops,0.0276
G1-R2-RL-GradedNDCG64-CP-Align060-ShortlistUniform-K0-T1-Pairwise050-s42,G1-R2-RL-GradedNDCG64-CP-Align060-ShortlistUniform-K0-T1-Pairwise050,42,original,BrightRetrieval,theoremqa_theorems,0.2615
G1-R2-RL-GradedNDCG64-CP-Align060-ShortlistUniform-K0-T1-Pairwise050-s42,G1-R2-RL-GradedNDCG64-CP-Align060-ShortlistUniform-K0-T1-Pairwise050,42,original,BrightRetrieval,theoremqa_questions,0.1867
G1-R2-RL-GradedNDCG64-CP-Align070-ShortlistUniform-K0-T1-BinaryMRR-Seed2026-s2026,G1-R2-RL-GradedNDCG64-CP-Align070-ShortlistUniform-K0-T1-BinaryMRR,2026,original,BrightRetrieval,biology,0.3239
G1-R2-RL-GradedNDCG64-CP-Align070-ShortlistUniform-K0-T1-BinaryMRR-Seed2026-s2026,G1-R2-RL-GradedNDCG64-CP-Align070-ShortlistUniform-K0-T1-BinaryMRR,2026,original,BrightRetrieval,earth_science,0.2820
G1-R2-RL-GradedNDCG64-CP-Align070-ShortlistUniform-K0-T1-BinaryMRR-Seed2026-s2026,G1-R2-RL-GradedNDCG64-CP-Align070-ShortlistUniform-K0-T1-BinaryMRR,2026,original,BrightRetrieval,economics,0.2222
G1-R2-RL-GradedNDCG64-CP-Align070-ShortlistUniform-K0-T1-BinaryMRR-Seed2026-s2026,G1-R2-RL-GradedNDCG64-CP-Align070-ShortlistUniform-K0-T1-BinaryMRR,2026,original,BrightRetrieval,psychology,0.2345
G1-R2-RL-GradedNDCG64-CP-Align070-ShortlistUniform-K0-T1-BinaryMRR-Seed2026-s2026,G1-R2-RL-GradedNDCG64-CP-Align070-ShortlistUniform-K0-T1-BinaryMRR,2026,original,BrightRetrieval,robotics,0.1363
G1-R2-RL-GradedNDCG64-CP-Align070-ShortlistUniform-K0-T1-BinaryMRR-Seed2026-s2026,G1-R2-RL-GradedNDCG64-CP-Align070-ShortlistUniform-K0-T1-BinaryMRR,2026,original,BrightRetrieval,stackoverflow,0.2676
G1-R2-RL-GradedNDCG64-CP-Align070-ShortlistUniform-K0-T1-BinaryMRR-Seed2026-s2026,G1-R2-RL-GradedNDCG64-CP-Align070-ShortlistUniform-K0-T1-BinaryMRR,2026,original,BrightRetrieval,sustainable_living,0.1676
G1-R2-RL-GradedNDCG64-CP-Align070-ShortlistUniform-K0-T1-BinaryMRR-Seed2026-s2026,G1-R2-RL-GradedNDCG64-CP-Align070-ShortlistUniform-K0-T1-BinaryMRR,2026,original,BrightRetrieval,pony,0.0115
G1-R2-RL-GradedNDCG64-CP-Align070-ShortlistUniform-K0-T1-BinaryMRR-Seed2026-s2026,G1-R2-RL-GradedNDCG64-CP-Align070-ShortlistUniform-K0-T1-BinaryMRR,2026,original,BrightRetrieval,leetcode,0.0843
G1-R2-RL-GradedNDCG64-CP-Align070-ShortlistUniform-K0-T1-BinaryMRR-Seed2026-s2026,G1-R2-RL-GradedNDCG64-CP-Align070-ShortlistUniform-K0-T1-BinaryMRR,2026,original,BrightRetrieval,aops,0.0284
G1-R2-RL-GradedNDCG64-CP-Align070-ShortlistUniform-K0-T1-BinaryMRR-Seed2026-s2026,G1-R2-RL-GradedNDCG64-CP-Align070-ShortlistUniform-K0-T1-BinaryMRR,2026,original,BrightRetrieval,theoremqa_theorems,0.3479
G1-R2-RL-GradedNDCG64-CP-Align070-ShortlistUniform-K0-T1-BinaryMRR-Seed2026-s2026,G1-R2-RL-GradedNDCG64-CP-Align070-ShortlistUniform-K0-T1-BinaryMRR,2026,original,BrightRetrieval,theoremqa_questions,0.1664
G1-R2-RL-GradedNDCG64-CP-Align070-ShortlistUniform-K0-T1-BinaryMRR-Seed3407-s3407,G1-R2-RL-GradedNDCG64-CP-Align070-ShortlistUniform-K0-T1-BinaryMRR,3407,original,BrightRetrieval,biology,0.3322
G1-R2-RL-GradedNDCG64-CP-Align070-ShortlistUniform-K0-T1-BinaryMRR-Seed3407-s3407,G1-R2-RL-GradedNDCG64-CP-Align070-ShortlistUniform-K0-T1-BinaryMRR,3407,original,BrightRetrieval,earth_science,0.2726
G1-R2-RL-GradedNDCG64-CP-Align070-ShortlistUniform-K0-T1-BinaryMRR-Seed3407-s3407,G1-R2-RL-GradedNDCG64-CP-Align070-ShortlistUniform-K0-T1-BinaryMRR,3407,original,BrightRetrieval,economics,0.2351
G1-R2-RL-GradedNDCG64-CP-Align070-ShortlistUniform-K0-T1-BinaryMRR-Seed3407-s3407,G1-R2-RL-GradedNDCG64-CP-Align070-ShortlistUniform-K0-T1-BinaryMRR,3407,original,BrightRetrieval,psychology,0.2076
G1-R2-RL-GradedNDCG64-CP-Align070-ShortlistUniform-K0-T1-BinaryMRR-Seed3407-s3407,G1-R2-RL-GradedNDCG64-CP-Align070-ShortlistUniform-K0-T1-BinaryMRR,3407,original,BrightRetrieval,robotics,0.1237
G1-R2-RL-GradedNDCG64-CP-Align070-ShortlistUniform-K0-T1-BinaryMRR-Seed3407-s3407,G1-R2-RL-GradedNDCG64-CP-Align070-ShortlistUniform-K0-T1-BinaryMRR,3407,original,BrightRetrieval,stackoverflow,0.2772
G1-R2-RL-GradedNDCG64-CP-Align070-ShortlistUniform-K0-T1-BinaryMRR-Seed3407-s3407,G1-R2-RL-GradedNDCG64-CP-Align070-ShortlistUniform-K0-T1-BinaryMRR,3407,original,BrightRetrieval,sustainable_living,0.1639
G1-R2-RL-GradedNDCG64-CP-Align070-ShortlistUniform-K0-T1-BinaryMRR-Seed3407-s3407,G1-R2-RL-GradedNDCG64-CP-Align070-ShortlistUniform-K0-T1-BinaryMRR,3407,original,BrightRetrieval,pony,0.0094
G1-R2-RL-GradedNDCG64-CP-Align070-ShortlistUniform-K0-T1-BinaryMRR-Seed3407-s3407,G1-R2-RL-GradedNDCG64-CP-Align070-ShortlistUniform-K0-T1-BinaryMRR,3407,original,BrightRetrieval,leetcode,0.0753
G1-R2-RL-GradedNDCG64-CP-Align070-ShortlistUniform-K0-T1-BinaryMRR-Seed3407-s3407,G1-R2-RL-GradedNDCG64-CP-Align070-ShortlistUniform-K0-T1-BinaryMRR,3407,original,BrightRetrieval,aops,0.0268
G1-R2-RL-GradedNDCG64-CP-Align070-ShortlistUniform-K0-T1-BinaryMRR-Seed3407-s3407,G1-R2-RL-GradedNDCG64-CP-Align070-ShortlistUniform-K0-T1-BinaryMRR,3407,original,BrightRetrieval,theoremqa_theorems,0.3277
G1-R2-RL-GradedNDCG64-CP-Align070-ShortlistUniform-K0-T1-BinaryMRR-Seed3407-s3407,G1-R2-RL-GradedNDCG64-CP-Align070-ShortlistUniform-K0-T1-BinaryMRR,3407,original,BrightRetrieval,theoremqa_questions,0.1631
G1-R2-RL-GradedNDCG64-CP-Align070-ShortlistUniform-K0-T1-BinaryMRR-s42,G1-R2-RL-GradedNDCG64-CP-Align070-ShortlistUniform-K0-T1-BinaryMRR,42,original,BrightRetrieval,biology,0.3301
G1-R2-RL-GradedNDCG64-CP-Align070-ShortlistUniform-K0-T1-BinaryMRR-s42,G1-R2-RL-GradedNDCG64-CP-Align070-ShortlistUniform-K0-T1-BinaryMRR,42,original,BrightRetrieval,earth_science,0.2858
G1-R2-RL-GradedNDCG64-CP-Align070-ShortlistUniform-K0-T1-BinaryMRR-s42,G1-R2-RL-GradedNDCG64-CP-Align070-ShortlistUniform-K0-T1-BinaryMRR,42,original,BrightRetrieval,economics,0.2289
G1-R2-RL-GradedNDCG64-CP-Align070-ShortlistUniform-K0-T1-BinaryMRR-s42,G1-R2-RL-GradedNDCG64-CP-Align070-ShortlistUniform-K0-T1-BinaryMRR,42,original,BrightRetrieval,psychology,0.2250
G1-R2-RL-GradedNDCG64-CP-Align070-ShortlistUniform-K0-T1-BinaryMRR-s42,G1-R2-RL-GradedNDCG64-CP-Align070-ShortlistUniform-K0-T1-BinaryMRR,42,original,BrightRetrieval,robotics,0.1525
G1-R2-RL-GradedNDCG64-CP-Align070-ShortlistUniform-K0-T1-BinaryMRR-s42,G1-R2-RL-GradedNDCG64-CP-Align070-ShortlistUniform-K0-T1-BinaryMRR,42,original,BrightRetrieval,stackoverflow,0.2856
G1-R2-RL-GradedNDCG64-CP-Align070-ShortlistUniform-K0-T1-BinaryMRR-s42,G1-R2-RL-GradedNDCG64-CP-Align070-ShortlistUniform-K0-T1-BinaryMRR,42,original,BrightRetrieval,sustainable_living,0.1630
G1-R2-RL-GradedNDCG64-CP-Align070-ShortlistUniform-K0-T1-BinaryMRR-s42,G1-R2-RL-GradedNDCG64-CP-Align070-ShortlistUniform-K0-T1-BinaryMRR,42,original,BrightRetrieval,pony,0.0146
G1-R2-RL-GradedNDCG64-CP-Align070-ShortlistUniform-K0-T1-BinaryMRR-s42,G1-R2-RL-GradedNDCG64-CP-Align070-ShortlistUniform-K0-T1-BinaryMRR,42,original,BrightRetrieval,leetcode,0.0862
G1-R2-RL-GradedNDCG64-CP-Align070-ShortlistUniform-K0-T1-BinaryMRR-s42,G1-R2-RL-GradedNDCG64-CP-Align070-ShortlistUniform-K0-T1-BinaryMRR,42,original,BrightRetrieval,aops,0.0283
G1-R2-RL-GradedNDCG64-CP-Align070-ShortlistUniform-K0-T1-BinaryMRR-s42,G1-R2-RL-GradedNDCG64-CP-Align070-ShortlistUniform-K0-T1-BinaryMRR,42,original,BrightRetrieval,theoremqa_theorems,0.3458
G1-R2-RL-GradedNDCG64-CP-Align070-ShortlistUniform-K0-T1-BinaryMRR-s42,G1-R2-RL-GradedNDCG64-CP-Align070-ShortlistUniform-K0-T1-BinaryMRR,42,original,BrightRetrieval,theoremqa_questions,0.1705
G1-R2-RL-GradedNDCG64-CP-Align070-ShortlistUniform-K0-T1-BinaryNDCG-Seed2026-s2026,G1-R2-RL-GradedNDCG64-CP-Align070-ShortlistUniform-K0-T1-BinaryNDCG,2026,original,BrightRetrieval,biology,0.2560
G1-R2-RL-GradedNDCG64-CP-Align070-ShortlistUniform-K0-T1-BinaryNDCG-Seed2026-s2026,G1-R2-RL-GradedNDCG64-CP-Align070-ShortlistUniform-K0-T1-BinaryNDCG,2026,original,BrightRetrieval,earth_science,0.2363
G1-R2-RL-GradedNDCG64-CP-Align070-ShortlistUniform-K0-T1-BinaryNDCG-Seed2026-s2026,G1-R2-RL-GradedNDCG64-CP-Align070-ShortlistUniform-K0-T1-BinaryNDCG,2026,original,BrightRetrieval,economics,0.1954
G1-R2-RL-GradedNDCG64-CP-Align070-ShortlistUniform-K0-T1-BinaryNDCG-Seed2026-s2026,G1-R2-RL-GradedNDCG64-CP-Align070-ShortlistUniform-K0-T1-BinaryNDCG,2026,original,BrightRetrieval,psychology,0.1910
G1-R2-RL-GradedNDCG64-CP-Align070-ShortlistUniform-K0-T1-BinaryNDCG-Seed2026-s2026,G1-R2-RL-GradedNDCG64-CP-Align070-ShortlistUniform-K0-T1-BinaryNDCG,2026,original,BrightRetrieval,robotics,0.1106
G1-R2-RL-GradedNDCG64-CP-Align070-ShortlistUniform-K0-T1-BinaryNDCG-Seed2026-s2026,G1-R2-RL-GradedNDCG64-CP-Align070-ShortlistUniform-K0-T1-BinaryNDCG,2026,original,BrightRetrieval,stackoverflow,0.2782
G1-R2-RL-GradedNDCG64-CP-Align070-ShortlistUniform-K0-T1-BinaryNDCG-Seed2026-s2026,G1-R2-RL-GradedNDCG64-CP-Align070-ShortlistUniform-K0-T1-BinaryNDCG,2026,original,BrightRetrieval,sustainable_living,0.1638
G1-R2-RL-GradedNDCG64-CP-Align070-ShortlistUniform-K0-T1-BinaryNDCG-Seed2026-s2026,G1-R2-RL-GradedNDCG64-CP-Align070-ShortlistUniform-K0-T1-BinaryNDCG,2026,original,BrightRetrieval,pony,0.0136
G1-R2-RL-GradedNDCG64-CP-Align070-ShortlistUniform-K0-T1-BinaryNDCG-Seed2026-s2026,G1-R2-RL-GradedNDCG64-CP-Align070-ShortlistUniform-K0-T1-BinaryNDCG,2026,original,BrightRetrieval,leetcode,0.0738
G1-R2-RL-GradedNDCG64-CP-Align070-ShortlistUniform-K0-T1-BinaryNDCG-Seed2026-s2026,G1-R2-RL-GradedNDCG64-CP-Align070-ShortlistUniform-K0-T1-BinaryNDCG,2026,original,BrightRetrieval,aops,0.0207
G1-R2-RL-GradedNDCG64-CP-Align070-ShortlistUniform-K0-T1-BinaryNDCG-Seed2026-s2026,G1-R2-RL-GradedNDCG64-CP-Align070-ShortlistUniform-K0-T1-BinaryNDCG,2026,original,BrightRetrieval,theoremqa_theorems,0.3071
G1-R2-RL-GradedNDCG64-CP-Align070-ShortlistUniform-K0-T1-BinaryNDCG-Seed2026-s2026,G1-R2-RL-GradedNDCG64-CP-Align070-ShortlistUniform-K0-T1-BinaryNDCG,2026,original,BrightRetrieval,theoremqa_questions,0.1646
G1-R2-RL-GradedNDCG64-CP-Align070-ShortlistUniform-K0-T1-BinaryNDCG-Seed3407-s3407,G1-R2-RL-GradedNDCG64-CP-Align070-ShortlistUniform-K0-T1-BinaryNDCG,3407,original,BrightRetrieval,biology,0.2976
G1-R2-RL-GradedNDCG64-CP-Align070-ShortlistUniform-K0-T1-BinaryNDCG-Seed3407-s3407,G1-R2-RL-GradedNDCG64-CP-Align070-ShortlistUniform-K0-T1-BinaryNDCG,3407,original,BrightRetrieval,earth_science,0.2559
G1-R2-RL-GradedNDCG64-CP-Align070-ShortlistUniform-K0-T1-BinaryNDCG-Seed3407-s3407,G1-R2-RL-GradedNDCG64-CP-Align070-ShortlistUniform-K0-T1-BinaryNDCG,3407,original,BrightRetrieval,economics,0.2259
G1-R2-RL-GradedNDCG64-CP-Align070-ShortlistUniform-K0-T1-BinaryNDCG-Seed3407-s3407,G1-R2-RL-GradedNDCG64-CP-Align070-ShortlistUniform-K0-T1-BinaryNDCG,3407,original,BrightRetrieval,psychology,0.2294
G1-R2-RL-GradedNDCG64-CP-Align070-ShortlistUniform-K0-T1-BinaryNDCG-Seed3407-s3407,G1-R2-RL-GradedNDCG64-CP-Align070-ShortlistUniform-K0-T1-BinaryNDCG,3407,original,BrightRetrieval,robotics,0.1281
G1-R2-RL-GradedNDCG64-CP-Align070-ShortlistUniform-K0-T1-BinaryNDCG-Seed3407-s3407,G1-R2-RL-GradedNDCG64-CP-Align070-ShortlistUniform-K0-T1-BinaryNDCG,3407,original,BrightRetrieval,stackoverflow,0.2748
G1-R2-RL-GradedNDCG64-CP-Align070-ShortlistUniform-K0-T1-BinaryNDCG-Seed3407-s3407,G1-R2-RL-GradedNDCG64-CP-Align070-ShortlistUniform-K0-T1-BinaryNDCG,3407,original,BrightRetrieval,sustainable_living,0.1721
G1-R2-RL-GradedNDCG64-CP-Align070-ShortlistUniform-K0-T1-BinaryNDCG-Seed3407-s3407,G1-R2-RL-GradedNDCG64-CP-Align070-ShortlistUniform-K0-T1-BinaryNDCG,3407,original,BrightRetrieval,pony,0.0143
G1-R2-RL-GradedNDCG64-CP-Align070-ShortlistUniform-K0-T1-BinaryNDCG-Seed3407-s3407,G1-R2-RL-GradedNDCG64-CP-Align070-ShortlistUniform-K0-T1-BinaryNDCG,3407,original,BrightRetrieval,leetcode,0.0762
G1-R2-RL-GradedNDCG64-CP-Align070-ShortlistUniform-K0-T1-BinaryNDCG-Seed3407-s3407,G1-R2-RL-GradedNDCG64-CP-Align070-ShortlistUniform-K0-T1-BinaryNDCG,3407,original,BrightRetrieval,aops,0.0236
G1-R2-RL-GradedNDCG64-CP-Align070-ShortlistUniform-K0-T1-BinaryNDCG-Seed3407-s3407,G1-R2-RL-GradedNDCG64-CP-Align070-ShortlistUniform-K0-T1-BinaryNDCG,3407,original,BrightRetrieval,theoremqa_theorems,0.3016
G1-R2-RL-GradedNDCG64-CP-Align070-ShortlistUniform-K0-T1-BinaryNDCG-Seed3407-s3407,G1-R2-RL-GradedNDCG64-CP-Align070-ShortlistUniform-K0-T1-BinaryNDCG,3407,original,BrightRetrieval,theoremqa_questions,0.1656
G1-R2-RL-GradedNDCG64-CP-Align070-ShortlistUniform-K0-T1-BinaryNDCG-s42,G1-R2-RL-GradedNDCG64-CP-Align070-ShortlistUniform-K0-T1-BinaryNDCG,42,original,BrightRetrieval,biology,0.2552
G1-R2-RL-GradedNDCG64-CP-Align070-ShortlistUniform-K0-T1-BinaryNDCG-s42,G1-R2-RL-GradedNDCG64-CP-Align070-ShortlistUniform-K0-T1-BinaryNDCG,42,original,BrightRetrieval,earth_science,0.2320
G1-R2-RL-GradedNDCG64-CP-Align070-ShortlistUniform-K0-T1-BinaryNDCG-s42,G1-R2-RL-GradedNDCG64-CP-Align070-ShortlistUniform-K0-T1-BinaryNDCG,42,original,BrightRetrieval,economics,0.2189
G1-R2-RL-GradedNDCG64-CP-Align070-ShortlistUniform-K0-T1-BinaryNDCG-s42,G1-R2-RL-GradedNDCG64-CP-Align070-ShortlistUniform-K0-T1-BinaryNDCG,42,original,BrightRetrieval,psychology,0.2164
G1-R2-RL-GradedNDCG64-CP-Align070-ShortlistUniform-K0-T1-BinaryNDCG-s42,G1-R2-RL-GradedNDCG64-CP-Align070-ShortlistUniform-K0-T1-BinaryNDCG,42,original,BrightRetrieval,robotics,0.1270
G1-R2-RL-GradedNDCG64-CP-Align070-ShortlistUniform-K0-T1-BinaryNDCG-s42,G1-R2-RL-GradedNDCG64-CP-Align070-ShortlistUniform-K0-T1-BinaryNDCG,42,original,BrightRetrieval,stackoverflow,0.3217
G1-R2-RL-GradedNDCG64-CP-Align070-ShortlistUniform-K0-T1-BinaryNDCG-s42,G1-R2-RL-GradedNDCG64-CP-Align070-ShortlistUniform-K0-T1-BinaryNDCG,42,original,BrightRetrieval,sustainable_living,0.1783
G1-R2-RL-GradedNDCG64-CP-Align070-ShortlistUniform-K0-T1-BinaryNDCG-s42,G1-R2-RL-GradedNDCG64-CP-Align070-ShortlistUniform-K0-T1-BinaryNDCG,42,original,BrightRetrieval,pony,0.0151
G1-R2-RL-GradedNDCG64-CP-Align070-ShortlistUniform-K0-T1-BinaryNDCG-s42,G1-R2-RL-GradedNDCG64-CP-Align070-ShortlistUniform-K0-T1-BinaryNDCG,42,original,BrightRetrieval,leetcode,0.0765
G1-R2-RL-GradedNDCG64-CP-Align070-ShortlistUniform-K0-T1-BinaryNDCG-s42,G1-R2-RL-GradedNDCG64-CP-Align070-ShortlistUniform-K0-T1-BinaryNDCG,42,original,BrightRetrieval,aops,0.0160
G1-R2-RL-GradedNDCG64-CP-Align070-ShortlistUniform-K0-T1-BinaryNDCG-s42,G1-R2-RL-GradedNDCG64-CP-Align070-ShortlistUniform-K0-T1-BinaryNDCG,42,original,BrightRetrieval,theoremqa_theorems,0.2934
G1-R2-RL-GradedNDCG64-CP-Align070-ShortlistUniform-K0-T1-BinaryNDCG-s42,G1-R2-RL-GradedNDCG64-CP-Align070-ShortlistUniform-K0-T1-BinaryNDCG,42,original,BrightRetrieval,theoremqa_questions,0.1541
G1-R2-RL-GradedNDCG64-CP-Align070-ShortlistUniform-K0-T1-Pairwise050-Seed2026-s2026,G1-R2-RL-GradedNDCG64-CP-Align070-ShortlistUniform-K0-T1-Pairwise050,2026,original,BrightRetrieval,biology,0.4608
G1-R2-RL-GradedNDCG64-CP-Align070-ShortlistUniform-K0-T1-Pairwise050-Seed2026-s2026,G1-R2-RL-GradedNDCG64-CP-Align070-ShortlistUniform-K0-T1-Pairwise050,2026,original,BrightRetrieval,earth_science,0.3721
G1-R2-RL-GradedNDCG64-CP-Align070-ShortlistUniform-K0-T1-Pairwise050-Seed2026-s2026,G1-R2-RL-GradedNDCG64-CP-Align070-ShortlistUniform-K0-T1-Pairwise050,2026,original,BrightRetrieval,economics,0.2900
G1-R2-RL-GradedNDCG64-CP-Align070-ShortlistUniform-K0-T1-Pairwise050-Seed2026-s2026,G1-R2-RL-GradedNDCG64-CP-Align070-ShortlistUniform-K0-T1-Pairwise050,2026,original,BrightRetrieval,psychology,0.3284
G1-R2-RL-GradedNDCG64-CP-Align070-ShortlistUniform-K0-T1-Pairwise050-Seed2026-s2026,G1-R2-RL-GradedNDCG64-CP-Align070-ShortlistUniform-K0-T1-Pairwise050,2026,original,BrightRetrieval,robotics,0.1866
G1-R2-RL-GradedNDCG64-CP-Align070-ShortlistUniform-K0-T1-Pairwise050-Seed2026-s2026,G1-R2-RL-GradedNDCG64-CP-Align070-ShortlistUniform-K0-T1-Pairwise050,2026,original,BrightRetrieval,stackoverflow,0.2863
G1-R2-RL-GradedNDCG64-CP-Align070-ShortlistUniform-K0-T1-Pairwise050-Seed2026-s2026,G1-R2-RL-GradedNDCG64-CP-Align070-ShortlistUniform-K0-T1-Pairwise050,2026,original,BrightRetrieval,sustainable_living,0.2475
G1-R2-RL-GradedNDCG64-CP-Align070-ShortlistUniform-K0-T1-Pairwise050-Seed2026-s2026,G1-R2-RL-GradedNDCG64-CP-Align070-ShortlistUniform-K0-T1-Pairwise050,2026,original,BrightRetrieval,pony,0.0208
G1-R2-RL-GradedNDCG64-CP-Align070-ShortlistUniform-K0-T1-Pairwise050-Seed2026-s2026,G1-R2-RL-GradedNDCG64-CP-Align070-ShortlistUniform-K0-T1-Pairwise050,2026,original,BrightRetrieval,leetcode,0.0954
G1-R2-RL-GradedNDCG64-CP-Align070-ShortlistUniform-K0-T1-Pairwise050-Seed2026-s2026,G1-R2-RL-GradedNDCG64-CP-Align070-ShortlistUniform-K0-T1-Pairwise050,2026,original,BrightRetrieval,aops,0.0252
G1-R2-RL-GradedNDCG64-CP-Align070-ShortlistUniform-K0-T1-Pairwise050-Seed2026-s2026,G1-R2-RL-GradedNDCG64-CP-Align070-ShortlistUniform-K0-T1-Pairwise050,2026,original,BrightRetrieval,theoremqa_theorems,0.2959
G1-R2-RL-GradedNDCG64-CP-Align070-ShortlistUniform-K0-T1-Pairwise050-Seed2026-s2026,G1-R2-RL-GradedNDCG64-CP-Align070-ShortlistUniform-K0-T1-Pairwise050,2026,original,BrightRetrieval,theoremqa_questions,0.1857
G1-R2-RL-GradedNDCG64-CP-Align070-ShortlistUniform-K0-T1-Pairwise050-Seed2026-s2026,G1-R2-RL-GradedNDCG64-CP-Align070-ShortlistUniform-K0-T1-Pairwise050,2026,gpt_reasoning,BrightRetrieval,biology,0.6400
G1-R2-RL-GradedNDCG64-CP-Align070-ShortlistUniform-K0-T1-Pairwise050-Seed2026-s2026,G1-R2-RL-GradedNDCG64-CP-Align070-ShortlistUniform-K0-T1-Pairwise050,2026,gpt_reasoning,BrightRetrieval,earth_science,0.5341
G1-R2-RL-GradedNDCG64-CP-Align070-ShortlistUniform-K0-T1-Pairwise050-Seed2026-s2026,G1-R2-RL-GradedNDCG64-CP-Align070-ShortlistUniform-K0-T1-Pairwise050,2026,gpt_reasoning,BrightRetrieval,economics,0.4543
G1-R2-RL-GradedNDCG64-CP-Align070-ShortlistUniform-K0-T1-Pairwise050-Seed2026-s2026,G1-R2-RL-GradedNDCG64-CP-Align070-ShortlistUniform-K0-T1-Pairwise050,2026,gpt_reasoning,BrightRetrieval,psychology,0.5336
G1-R2-RL-GradedNDCG64-CP-Align070-ShortlistUniform-K0-T1-Pairwise050-Seed2026-s2026,G1-R2-RL-GradedNDCG64-CP-Align070-ShortlistUniform-K0-T1-Pairwise050,2026,gpt_reasoning,BrightRetrieval,robotics,0.3308
G1-R2-RL-GradedNDCG64-CP-Align070-ShortlistUniform-K0-T1-Pairwise050-Seed2026-s2026,G1-R2-RL-GradedNDCG64-CP-Align070-ShortlistUniform-K0-T1-Pairwise050,2026,gpt_reasoning,BrightRetrieval,stackoverflow,0.3355
G1-R2-RL-GradedNDCG64-CP-Align070-ShortlistUniform-K0-T1-Pairwise050-Seed2026-s2026,G1-R2-RL-GradedNDCG64-CP-Align070-ShortlistUniform-K0-T1-Pairwise050,2026,gpt_reasoning,BrightRetrieval,sustainable_living,0.4556
G1-R2-RL-GradedNDCG64-CP-Align070-ShortlistUniform-K0-T1-Pairwise050-Seed2026-s2026,G1-R2-RL-GradedNDCG64-CP-Align070-ShortlistUniform-K0-T1-Pairwise050,2026,gpt_reasoning,BrightRetrieval,pony,0.0208
G1-R2-RL-GradedNDCG64-CP-Align070-ShortlistUniform-K0-T1-Pairwise050-Seed2026-s2026,G1-R2-RL-GradedNDCG64-CP-Align070-ShortlistUniform-K0-T1-Pairwise050,2026,gpt_reasoning,BrightRetrieval,leetcode,0.0954
G1-R2-RL-GradedNDCG64-CP-Align070-ShortlistUniform-K0-T1-Pairwise050-Seed2026-s2026,G1-R2-RL-GradedNDCG64-CP-Align070-ShortlistUniform-K0-T1-Pairwise050,2026,gpt_reasoning,BrightRetrieval,aops,0.0702
G1-R2-RL-GradedNDCG64-CP-Align070-ShortlistUniform-K0-T1-Pairwise050-Seed2026-s2026,G1-R2-RL-GradedNDCG64-CP-Align070-ShortlistUniform-K0-T1-Pairwise050,2026,gpt_reasoning,BrightRetrieval,theoremqa_theorems,0.6933
G1-R2-RL-GradedNDCG64-CP-Align070-ShortlistUniform-K0-T1-Pairwise050-Seed2026-s2026,G1-R2-RL-GradedNDCG64-CP-Align070-ShortlistUniform-K0-T1-Pairwise050,2026,gpt_reasoning,BrightRetrieval,theoremqa_questions,0.2581
G1-R2-RL-GradedNDCG64-CP-Align070-ShortlistUniform-K0-T1-Pairwise050-Seed3407-s3407,G1-R2-RL-GradedNDCG64-CP-Align070-ShortlistUniform-K0-T1-Pairwise050,3407,original,BrightRetrieval,biology,0.4674
G1-R2-RL-GradedNDCG64-CP-Align070-ShortlistUniform-K0-T1-Pairwise050-Seed3407-s3407,G1-R2-RL-GradedNDCG64-CP-Align070-ShortlistUniform-K0-T1-Pairwise050,3407,original,BrightRetrieval,earth_science,0.3800
G1-R2-RL-GradedNDCG64-CP-Align070-ShortlistUniform-K0-T1-Pairwise050-Seed3407-s3407,G1-R2-RL-GradedNDCG64-CP-Align070-ShortlistUniform-K0-T1-Pairwise050,3407,original,BrightRetrieval,economics,0.2848
G1-R2-RL-GradedNDCG64-CP-Align070-ShortlistUniform-K0-T1-Pairwise050-Seed3407-s3407,G1-R2-RL-GradedNDCG64-CP-Align070-ShortlistUniform-K0-T1-Pairwise050,3407,original,BrightRetrieval,psychology,0.3515
G1-R2-RL-GradedNDCG64-CP-Align070-ShortlistUniform-K0-T1-Pairwise050-Seed3407-s3407,G1-R2-RL-GradedNDCG64-CP-Align070-ShortlistUniform-K0-T1-Pairwise050,3407,original,BrightRetrieval,robotics,0.1804
G1-R2-RL-GradedNDCG64-CP-Align070-ShortlistUniform-K0-T1-Pairwise050-Seed3407-s3407,G1-R2-RL-GradedNDCG64-CP-Align070-ShortlistUniform-K0-T1-Pairwise050,3407,original,BrightRetrieval,stackoverflow,0.2906
G1-R2-RL-GradedNDCG64-CP-Align070-ShortlistUniform-K0-T1-Pairwise050-Seed3407-s3407,G1-R2-RL-GradedNDCG64-CP-Align070-ShortlistUniform-K0-T1-Pairwise050,3407,original,BrightRetrieval,sustainable_living,0.2547
G1-R2-RL-GradedNDCG64-CP-Align070-ShortlistUniform-K0-T1-Pairwise050-Seed3407-s3407,G1-R2-RL-GradedNDCG64-CP-Align070-ShortlistUniform-K0-T1-Pairwise050,3407,original,BrightRetrieval,pony,0.0216
G1-R2-RL-GradedNDCG64-CP-Align070-ShortlistUniform-K0-T1-Pairwise050-Seed3407-s3407,G1-R2-RL-GradedNDCG64-CP-Align070-ShortlistUniform-K0-T1-Pairwise050,3407,original,BrightRetrieval,leetcode,0.0942
G1-R2-RL-GradedNDCG64-CP-Align070-ShortlistUniform-K0-T1-Pairwise050-Seed3407-s3407,G1-R2-RL-GradedNDCG64-CP-Align070-ShortlistUniform-K0-T1-Pairwise050,3407,original,BrightRetrieval,aops,0.0209
G1-R2-RL-GradedNDCG64-CP-Align070-ShortlistUniform-K0-T1-Pairwise050-Seed3407-s3407,G1-R2-RL-GradedNDCG64-CP-Align070-ShortlistUniform-K0-T1-Pairwise050,3407,original,BrightRetrieval,theoremqa_theorems,0.2898
G1-R2-RL-GradedNDCG64-CP-Align070-ShortlistUniform-K0-T1-Pairwise050-Seed3407-s3407,G1-R2-RL-GradedNDCG64-CP-Align070-ShortlistUniform-K0-T1-Pairwise050,3407,original,BrightRetrieval,theoremqa_questions,0.1923
G1-R2-RL-GradedNDCG64-CP-Align070-ShortlistUniform-K0-T1-Pairwise050-Seed3407-s3407,G1-R2-RL-GradedNDCG64-CP-Align070-ShortlistUniform-K0-T1-Pairwise050,3407,gpt_reasoning,BrightRetrieval,biology,0.6490
G1-R2-RL-GradedNDCG64-CP-Align070-ShortlistUniform-K0-T1-Pairwise050-Seed3407-s3407,G1-R2-RL-GradedNDCG64-CP-Align070-ShortlistUniform-K0-T1-Pairwise050,3407,gpt_reasoning,BrightRetrieval,earth_science,0.5429
G1-R2-RL-GradedNDCG64-CP-Align070-ShortlistUniform-K0-T1-Pairwise050-Seed3407-s3407,G1-R2-RL-GradedNDCG64-CP-Align070-ShortlistUniform-K0-T1-Pairwise050,3407,gpt_reasoning,BrightRetrieval,economics,0.4844
G1-R2-RL-GradedNDCG64-CP-Align070-ShortlistUniform-K0-T1-Pairwise050-Seed3407-s3407,G1-R2-RL-GradedNDCG64-CP-Align070-ShortlistUniform-K0-T1-Pairwise050,3407,gpt_reasoning,BrightRetrieval,psychology,0.5549
G1-R2-RL-GradedNDCG64-CP-Align070-ShortlistUniform-K0-T1-Pairwise050-Seed3407-s3407,G1-R2-RL-GradedNDCG64-CP-Align070-ShortlistUniform-K0-T1-Pairwise050,3407,gpt_reasoning,BrightRetrieval,robotics,0.3414
G1-R2-RL-GradedNDCG64-CP-Align070-ShortlistUniform-K0-T1-Pairwise050-Seed3407-s3407,G1-R2-RL-GradedNDCG64-CP-Align070-ShortlistUniform-K0-T1-Pairwise050,3407,gpt_reasoning,BrightRetrieval,stackoverflow,0.3354
G1-R2-RL-GradedNDCG64-CP-Align070-ShortlistUniform-K0-T1-Pairwise050-Seed3407-s3407,G1-R2-RL-GradedNDCG64-CP-Align070-ShortlistUniform-K0-T1-Pairwise050,3407,gpt_reasoning,BrightRetrieval,sustainable_living,0.4587
G1-R2-RL-GradedNDCG64-CP-Align070-ShortlistUniform-K0-T1-Pairwise050-Seed3407-s3407,G1-R2-RL-GradedNDCG64-CP-Align070-ShortlistUniform-K0-T1-Pairwise050,3407,gpt_reasoning,BrightRetrieval,pony,0.0216
G1-R2-RL-GradedNDCG64-CP-Align070-ShortlistUniform-K0-T1-Pairwise050-Seed3407-s3407,G1-R2-RL-GradedNDCG64-CP-Align070-ShortlistUniform-K0-T1-Pairwise050,3407,gpt_reasoning,BrightRetrieval,leetcode,0.0942
G1-R2-RL-GradedNDCG64-CP-Align070-ShortlistUniform-K0-T1-Pairwise050-Seed3407-s3407,G1-R2-RL-GradedNDCG64-CP-Align070-ShortlistUniform-K0-T1-Pairwise050,3407,gpt_reasoning,BrightRetrieval,aops,0.0671
G1-R2-RL-GradedNDCG64-CP-Align070-ShortlistUniform-K0-T1-Pairwise050-Seed3407-s3407,G1-R2-RL-GradedNDCG64-CP-Align070-ShortlistUniform-K0-T1-Pairwise050,3407,gpt_reasoning,BrightRetrieval,theoremqa_theorems,0.7017
G1-R2-RL-GradedNDCG64-CP-Align070-ShortlistUniform-K0-T1-Pairwise050-Seed3407-s3407,G1-R2-RL-GradedNDCG64-CP-Align070-ShortlistUniform-K0-T1-Pairwise050,3407,gpt_reasoning,BrightRetrieval,theoremqa_questions,0.2611
G1-R2-RL-GradedNDCG64-CP-Align070-ShortlistUniform-K0-T1-Pairwise050-s42,G1-R2-RL-GradedNDCG64-CP-Align070-ShortlistUniform-K0-T1-Pairwise050,42,original,BrightRetrieval,biology,0.4501
G1-R2-RL-GradedNDCG64-CP-Align070-ShortlistUniform-K0-T1-Pairwise050-s42,G1-R2-RL-GradedNDCG64-CP-Align070-ShortlistUniform-K0-T1-Pairwise050,42,original,BrightRetrieval,earth_science,0.3667
G1-R2-RL-GradedNDCG64-CP-Align070-ShortlistUniform-K0-T1-Pairwise050-s42,G1-R2-RL-GradedNDCG64-CP-Align070-ShortlistUniform-K0-T1-Pairwise050,42,original,BrightRetrieval,economics,0.2828
G1-R2-RL-GradedNDCG64-CP-Align070-ShortlistUniform-K0-T1-Pairwise050-s42,G1-R2-RL-GradedNDCG64-CP-Align070-ShortlistUniform-K0-T1-Pairwise050,42,original,BrightRetrieval,psychology,0.3413
G1-R2-RL-GradedNDCG64-CP-Align070-ShortlistUniform-K0-T1-Pairwise050-s42,G1-R2-RL-GradedNDCG64-CP-Align070-ShortlistUniform-K0-T1-Pairwise050,42,original,BrightRetrieval,robotics,0.1835
G1-R2-RL-GradedNDCG64-CP-Align070-ShortlistUniform-K0-T1-Pairwise050-s42,G1-R2-RL-GradedNDCG64-CP-Align070-ShortlistUniform-K0-T1-Pairwise050,42,original,BrightRetrieval,stackoverflow,0.3019
G1-R2-RL-GradedNDCG64-CP-Align070-ShortlistUniform-K0-T1-Pairwise050-s42,G1-R2-RL-GradedNDCG64-CP-Align070-ShortlistUniform-K0-T1-Pairwise050,42,original,BrightRetrieval,sustainable_living,0.2545
G1-R2-RL-GradedNDCG64-CP-Align070-ShortlistUniform-K0-T1-Pairwise050-s42,G1-R2-RL-GradedNDCG64-CP-Align070-ShortlistUniform-K0-T1-Pairwise050,42,original,BrightRetrieval,pony,0.0222
G1-R2-RL-GradedNDCG64-CP-Align070-ShortlistUniform-K0-T1-Pairwise050-s42,G1-R2-RL-GradedNDCG64-CP-Align070-ShortlistUniform-K0-T1-Pairwise050,42,original,BrightRetrieval,leetcode,0.0930
G1-R2-RL-GradedNDCG64-CP-Align070-ShortlistUniform-K0-T1-Pairwise050-s42,G1-R2-RL-GradedNDCG64-CP-Align070-ShortlistUniform-K0-T1-Pairwise050,42,original,BrightRetrieval,aops,0.0226
G1-R2-RL-GradedNDCG64-CP-Align070-ShortlistUniform-K0-T1-Pairwise050-s42,G1-R2-RL-GradedNDCG64-CP-Align070-ShortlistUniform-K0-T1-Pairwise050,42,original,BrightRetrieval,theoremqa_theorems,0.2814
G1-R2-RL-GradedNDCG64-CP-Align070-ShortlistUniform-K0-T1-Pairwise050-s42,G1-R2-RL-GradedNDCG64-CP-Align070-ShortlistUniform-K0-T1-Pairwise050,42,original,BrightRetrieval,theoremqa_questions,0.1921
G1-R2-RL-GradedNDCG64-CP-Align070-ShortlistUniform-K0-T1-Pairwise050-s42,G1-R2-RL-GradedNDCG64-CP-Align070-ShortlistUniform-K0-T1-Pairwise050,42,gpt_reasoning,BrightRetrieval,biology,0.6380
G1-R2-RL-GradedNDCG64-CP-Align070-ShortlistUniform-K0-T1-Pairwise050-s42,G1-R2-RL-GradedNDCG64-CP-Align070-ShortlistUniform-K0-T1-Pairwise050,42,gpt_reasoning,BrightRetrieval,earth_science,0.5310
G1-R2-RL-GradedNDCG64-CP-Align070-ShortlistUniform-K0-T1-Pairwise050-s42,G1-R2-RL-GradedNDCG64-CP-Align070-ShortlistUniform-K0-T1-Pairwise050,42,gpt_reasoning,BrightRetrieval,economics,0.4711
G1-R2-RL-GradedNDCG64-CP-Align070-ShortlistUniform-K0-T1-Pairwise050-s42,G1-R2-RL-GradedNDCG64-CP-Align070-ShortlistUniform-K0-T1-Pairwise050,42,gpt_reasoning,BrightRetrieval,psychology,0.5584
G1-R2-RL-GradedNDCG64-CP-Align070-ShortlistUniform-K0-T1-Pairwise050-s42,G1-R2-RL-GradedNDCG64-CP-Align070-ShortlistUniform-K0-T1-Pairwise050,42,gpt_reasoning,BrightRetrieval,robotics,0.3360
G1-R2-RL-GradedNDCG64-CP-Align070-ShortlistUniform-K0-T1-Pairwise050-s42,G1-R2-RL-GradedNDCG64-CP-Align070-ShortlistUniform-K0-T1-Pairwise050,42,gpt_reasoning,BrightRetrieval,stackoverflow,0.3442
G1-R2-RL-GradedNDCG64-CP-Align070-ShortlistUniform-K0-T1-Pairwise050-s42,G1-R2-RL-GradedNDCG64-CP-Align070-ShortlistUniform-K0-T1-Pairwise050,42,gpt_reasoning,BrightRetrieval,sustainable_living,0.4672
G1-R2-RL-GradedNDCG64-CP-Align070-ShortlistUniform-K0-T1-Pairwise050-s42,G1-R2-RL-GradedNDCG64-CP-Align070-ShortlistUniform-K0-T1-Pairwise050,42,gpt_reasoning,BrightRetrieval,pony,0.0222
G1-R2-RL-GradedNDCG64-CP-Align070-ShortlistUniform-K0-T1-Pairwise050-s42,G1-R2-RL-GradedNDCG64-CP-Align070-ShortlistUniform-K0-T1-Pairwise050,42,gpt_reasoning,BrightRetrieval,leetcode,0.0930
G1-R2-RL-GradedNDCG64-CP-Align070-ShortlistUniform-K0-T1-Pairwise050-s42,G1-R2-RL-GradedNDCG64-CP-Align070-ShortlistUniform-K0-T1-Pairwise050,42,gpt_reasoning,BrightRetrieval,aops,0.0625
G1-R2-RL-GradedNDCG64-CP-Align070-ShortlistUniform-K0-T1-Pairwise050-s42,G1-R2-RL-GradedNDCG64-CP-Align070-ShortlistUniform-K0-T1-Pairwise050,42,gpt_reasoning,BrightRetrieval,theoremqa_theorems,0.6843
G1-R2-RL-GradedNDCG64-CP-Align070-ShortlistUniform-K0-T1-Pairwise050-s42,G1-R2-RL-GradedNDCG64-CP-Align070-ShortlistUniform-K0-T1-Pairwise050,42,gpt_reasoning,BrightRetrieval,theoremqa_questions,0.2598
G1-R2-RL-GradedNDCG64-CP-Align070-ShortlistUniform-K0-T1-Pairwise100-Seed2026-s2026,G1-R2-RL-GradedNDCG64-CP-Align070-ShortlistUniform-K0-T1-Pairwise100,2026,original,BrightRetrieval,biology,0.4469
G1-R2-RL-GradedNDCG64-CP-Align070-ShortlistUniform-K0-T1-Pairwise100-Seed2026-s2026,G1-R2-RL-GradedNDCG64-CP-Align070-ShortlistUniform-K0-T1-Pairwise100,2026,original,BrightRetrieval,earth_science,0.3538
G1-R2-RL-GradedNDCG64-CP-Align070-ShortlistUniform-K0-T1-Pairwise100-Seed2026-s2026,G1-R2-RL-GradedNDCG64-CP-Align070-ShortlistUniform-K0-T1-Pairwise100,2026,original,BrightRetrieval,economics,0.2673
G1-R2-RL-GradedNDCG64-CP-Align070-ShortlistUniform-K0-T1-Pairwise100-Seed2026-s2026,G1-R2-RL-GradedNDCG64-CP-Align070-ShortlistUniform-K0-T1-Pairwise100,2026,original,BrightRetrieval,psychology,0.3220
G1-R2-RL-GradedNDCG64-CP-Align070-ShortlistUniform-K0-T1-Pairwise100-Seed2026-s2026,G1-R2-RL-GradedNDCG64-CP-Align070-ShortlistUniform-K0-T1-Pairwise100,2026,original,BrightRetrieval,robotics,0.1825
G1-R2-RL-GradedNDCG64-CP-Align070-ShortlistUniform-K0-T1-Pairwise100-Seed2026-s2026,G1-R2-RL-GradedNDCG64-CP-Align070-ShortlistUniform-K0-T1-Pairwise100,2026,original,BrightRetrieval,stackoverflow,0.2912
G1-R2-RL-GradedNDCG64-CP-Align070-ShortlistUniform-K0-T1-Pairwise100-Seed2026-s2026,G1-R2-RL-GradedNDCG64-CP-Align070-ShortlistUniform-K0-T1-Pairwise100,2026,original,BrightRetrieval,sustainable_living,0.2419
G1-R2-RL-GradedNDCG64-CP-Align070-ShortlistUniform-K0-T1-Pairwise100-Seed2026-s2026,G1-R2-RL-GradedNDCG64-CP-Align070-ShortlistUniform-K0-T1-Pairwise100,2026,original,BrightRetrieval,pony,0.0199
G1-R2-RL-GradedNDCG64-CP-Align070-ShortlistUniform-K0-T1-Pairwise100-Seed2026-s2026,G1-R2-RL-GradedNDCG64-CP-Align070-ShortlistUniform-K0-T1-Pairwise100,2026,original,BrightRetrieval,leetcode,0.0850
G1-R2-RL-GradedNDCG64-CP-Align070-ShortlistUniform-K0-T1-Pairwise100-Seed2026-s2026,G1-R2-RL-GradedNDCG64-CP-Align070-ShortlistUniform-K0-T1-Pairwise100,2026,original,BrightRetrieval,aops,0.0189
G1-R2-RL-GradedNDCG64-CP-Align070-ShortlistUniform-K0-T1-Pairwise100-Seed2026-s2026,G1-R2-RL-GradedNDCG64-CP-Align070-ShortlistUniform-K0-T1-Pairwise100,2026,original,BrightRetrieval,theoremqa_theorems,0.2955
G1-R2-RL-GradedNDCG64-CP-Align070-ShortlistUniform-K0-T1-Pairwise100-Seed2026-s2026,G1-R2-RL-GradedNDCG64-CP-Align070-ShortlistUniform-K0-T1-Pairwise100,2026,original,BrightRetrieval,theoremqa_questions,0.1923
G1-R2-RL-GradedNDCG64-CP-Align070-ShortlistUniform-K0-T1-Pairwise100-Seed3407-s3407,G1-R2-RL-GradedNDCG64-CP-Align070-ShortlistUniform-K0-T1-Pairwise100,3407,original,BrightRetrieval,biology,0.4342
G1-R2-RL-GradedNDCG64-CP-Align070-ShortlistUniform-K0-T1-Pairwise100-Seed3407-s3407,G1-R2-RL-GradedNDCG64-CP-Align070-ShortlistUniform-K0-T1-Pairwise100,3407,original,BrightRetrieval,earth_science,0.3503
G1-R2-RL-GradedNDCG64-CP-Align070-ShortlistUniform-K0-T1-Pairwise100-Seed3407-s3407,G1-R2-RL-GradedNDCG64-CP-Align070-ShortlistUniform-K0-T1-Pairwise100,3407,original,BrightRetrieval,economics,0.2748
G1-R2-RL-GradedNDCG64-CP-Align070-ShortlistUniform-K0-T1-Pairwise100-Seed3407-s3407,G1-R2-RL-GradedNDCG64-CP-Align070-ShortlistUniform-K0-T1-Pairwise100,3407,original,BrightRetrieval,psychology,0.3232
G1-R2-RL-GradedNDCG64-CP-Align070-ShortlistUniform-K0-T1-Pairwise100-Seed3407-s3407,G1-R2-RL-GradedNDCG64-CP-Align070-ShortlistUniform-K0-T1-Pairwise100,3407,original,BrightRetrieval,robotics,0.1723
G1-R2-RL-GradedNDCG64-CP-Align070-ShortlistUniform-K0-T1-Pairwise100-Seed3407-s3407,G1-R2-RL-GradedNDCG64-CP-Align070-ShortlistUniform-K0-T1-Pairwise100,3407,original,BrightRetrieval,stackoverflow,0.2867
G1-R2-RL-GradedNDCG64-CP-Align070-ShortlistUniform-K0-T1-Pairwise100-Seed3407-s3407,G1-R2-RL-GradedNDCG64-CP-Align070-ShortlistUniform-K0-T1-Pairwise100,3407,original,BrightRetrieval,sustainable_living,0.2314
G1-R2-RL-GradedNDCG64-CP-Align070-ShortlistUniform-K0-T1-Pairwise100-Seed3407-s3407,G1-R2-RL-GradedNDCG64-CP-Align070-ShortlistUniform-K0-T1-Pairwise100,3407,original,BrightRetrieval,pony,0.0204
G1-R2-RL-GradedNDCG64-CP-Align070-ShortlistUniform-K0-T1-Pairwise100-Seed3407-s3407,G1-R2-RL-GradedNDCG64-CP-Align070-ShortlistUniform-K0-T1-Pairwise100,3407,original,BrightRetrieval,leetcode,0.0934
G1-R2-RL-GradedNDCG64-CP-Align070-ShortlistUniform-K0-T1-Pairwise100-Seed3407-s3407,G1-R2-RL-GradedNDCG64-CP-Align070-ShortlistUniform-K0-T1-Pairwise100,3407,original,BrightRetrieval,aops,0.0182
G1-R2-RL-GradedNDCG64-CP-Align070-ShortlistUniform-K0-T1-Pairwise100-Seed3407-s3407,G1-R2-RL-GradedNDCG64-CP-Align070-ShortlistUniform-K0-T1-Pairwise100,3407,original,BrightRetrieval,theoremqa_theorems,0.2893
G1-R2-RL-GradedNDCG64-CP-Align070-ShortlistUniform-K0-T1-Pairwise100-Seed3407-s3407,G1-R2-RL-GradedNDCG64-CP-Align070-ShortlistUniform-K0-T1-Pairwise100,3407,original,BrightRetrieval,theoremqa_questions,0.1898
G1-R2-RL-GradedNDCG64-CP-Align070-ShortlistUniform-K0-T1-Pairwise100-s42,G1-R2-RL-GradedNDCG64-CP-Align070-ShortlistUniform-K0-T1-Pairwise100,42,original,BrightRetrieval,biology,0.4280
G1-R2-RL-GradedNDCG64-CP-Align070-ShortlistUniform-K0-T1-Pairwise100-s42,G1-R2-RL-GradedNDCG64-CP-Align070-ShortlistUniform-K0-T1-Pairwise100,42,original,BrightRetrieval,earth_science,0.3415
G1-R2-RL-GradedNDCG64-CP-Align070-ShortlistUniform-K0-T1-Pairwise100-s42,G1-R2-RL-GradedNDCG64-CP-Align070-ShortlistUniform-K0-T1-Pairwise100,42,original,BrightRetrieval,economics,0.2736
G1-R2-RL-GradedNDCG64-CP-Align070-ShortlistUniform-K0-T1-Pairwise100-s42,G1-R2-RL-GradedNDCG64-CP-Align070-ShortlistUniform-K0-T1-Pairwise100,42,original,BrightRetrieval,psychology,0.3386
G1-R2-RL-GradedNDCG64-CP-Align070-ShortlistUniform-K0-T1-Pairwise100-s42,G1-R2-RL-GradedNDCG64-CP-Align070-ShortlistUniform-K0-T1-Pairwise100,42,original,BrightRetrieval,robotics,0.1894
G1-R2-RL-GradedNDCG64-CP-Align070-ShortlistUniform-K0-T1-Pairwise100-s42,G1-R2-RL-GradedNDCG64-CP-Align070-ShortlistUniform-K0-T1-Pairwise100,42,original,BrightRetrieval,stackoverflow,0.3119
G1-R2-RL-GradedNDCG64-CP-Align070-ShortlistUniform-K0-T1-Pairwise100-s42,G1-R2-RL-GradedNDCG64-CP-Align070-ShortlistUniform-K0-T1-Pairwise100,42,original,BrightRetrieval,sustainable_living,0.2437
G1-R2-RL-GradedNDCG64-CP-Align070-ShortlistUniform-K0-T1-Pairwise100-s42,G1-R2-RL-GradedNDCG64-CP-Align070-ShortlistUniform-K0-T1-Pairwise100,42,original,BrightRetrieval,pony,0.0194
G1-R2-RL-GradedNDCG64-CP-Align070-ShortlistUniform-K0-T1-Pairwise100-s42,G1-R2-RL-GradedNDCG64-CP-Align070-ShortlistUniform-K0-T1-Pairwise100,42,original,BrightRetrieval,leetcode,0.0909
G1-R2-RL-GradedNDCG64-CP-Align070-ShortlistUniform-K0-T1-Pairwise100-s42,G1-R2-RL-GradedNDCG64-CP-Align070-ShortlistUniform-K0-T1-Pairwise100,42,original,BrightRetrieval,aops,0.0196
G1-R2-RL-GradedNDCG64-CP-Align070-ShortlistUniform-K0-T1-Pairwise100-s42,G1-R2-RL-GradedNDCG64-CP-Align070-ShortlistUniform-K0-T1-Pairwise100,42,original,BrightRetrieval,theoremqa_theorems,0.2813
G1-R2-RL-GradedNDCG64-CP-Align070-ShortlistUniform-K0-T1-Pairwise100-s42,G1-R2-RL-GradedNDCG64-CP-Align070-ShortlistUniform-K0-T1-Pairwise100,42,original,BrightRetrieval,theoremqa_questions,0.1863
G1-R2-RL-GradedNDCG64-CP-Align070-ShortlistUniform-K0-T1-Seed2026-s2026,G1-R2-RL-GradedNDCG64-CP-Align070-ShortlistUniform-K0-T1,2026,original,BrightRetrieval,biology,0.4074
G1-R2-RL-GradedNDCG64-CP-Align070-ShortlistUniform-K0-T1-Seed2026-s2026,G1-R2-RL-GradedNDCG64-CP-Align070-ShortlistUniform-K0-T1,2026,original,BrightRetrieval,earth_science,0.3782
G1-R2-RL-GradedNDCG64-CP-Align070-ShortlistUniform-K0-T1-Seed2026-s2026,G1-R2-RL-GradedNDCG64-CP-Align070-ShortlistUniform-K0-T1,2026,original,BrightRetrieval,economics,0.2797
G1-R2-RL-GradedNDCG64-CP-Align070-ShortlistUniform-K0-T1-Seed2026-s2026,G1-R2-RL-GradedNDCG64-CP-Align070-ShortlistUniform-K0-T1,2026,original,BrightRetrieval,psychology,0.3446
G1-R2-RL-GradedNDCG64-CP-Align070-ShortlistUniform-K0-T1-Seed2026-s2026,G1-R2-RL-GradedNDCG64-CP-Align070-ShortlistUniform-K0-T1,2026,original,BrightRetrieval,robotics,0.1769
G1-R2-RL-GradedNDCG64-CP-Align070-ShortlistUniform-K0-T1-Seed2026-s2026,G1-R2-RL-GradedNDCG64-CP-Align070-ShortlistUniform-K0-T1,2026,original,BrightRetrieval,stackoverflow,0.2535
G1-R2-RL-GradedNDCG64-CP-Align070-ShortlistUniform-K0-T1-Seed2026-s2026,G1-R2-RL-GradedNDCG64-CP-Align070-ShortlistUniform-K0-T1,2026,original,BrightRetrieval,sustainable_living,0.2344
G1-R2-RL-GradedNDCG64-CP-Align070-ShortlistUniform-K0-T1-Seed2026-s2026,G1-R2-RL-GradedNDCG64-CP-Align070-ShortlistUniform-K0-T1,2026,original,BrightRetrieval,pony,0.0236
G1-R2-RL-GradedNDCG64-CP-Align070-ShortlistUniform-K0-T1-Seed2026-s2026,G1-R2-RL-GradedNDCG64-CP-Align070-ShortlistUniform-K0-T1,2026,original,BrightRetrieval,leetcode,0.1035
G1-R2-RL-GradedNDCG64-CP-Align070-ShortlistUniform-K0-T1-Seed2026-s2026,G1-R2-RL-GradedNDCG64-CP-Align070-ShortlistUniform-K0-T1,2026,original,BrightRetrieval,aops,0.0284
G1-R2-RL-GradedNDCG64-CP-Align070-ShortlistUniform-K0-T1-Seed2026-s2026,G1-R2-RL-GradedNDCG64-CP-Align070-ShortlistUniform-K0-T1,2026,original,BrightRetrieval,theoremqa_theorems,0.3101
G1-R2-RL-GradedNDCG64-CP-Align070-ShortlistUniform-K0-T1-Seed2026-s2026,G1-R2-RL-GradedNDCG64-CP-Align070-ShortlistUniform-K0-T1,2026,original,BrightRetrieval,theoremqa_questions,0.1922
G1-R2-RL-GradedNDCG64-CP-Align070-ShortlistUniform-K0-T1-Seed3407-s3407,G1-R2-RL-GradedNDCG64-CP-Align070-ShortlistUniform-K0-T1,3407,original,BrightRetrieval,biology,0.3985
G1-R2-RL-GradedNDCG64-CP-Align070-ShortlistUniform-K0-T1-Seed3407-s3407,G1-R2-RL-GradedNDCG64-CP-Align070-ShortlistUniform-K0-T1,3407,original,BrightRetrieval,earth_science,0.3799
G1-R2-RL-GradedNDCG64-CP-Align070-ShortlistUniform-K0-T1-Seed3407-s3407,G1-R2-RL-GradedNDCG64-CP-Align070-ShortlistUniform-K0-T1,3407,original,BrightRetrieval,economics,0.2831
G1-R2-RL-GradedNDCG64-CP-Align070-ShortlistUniform-K0-T1-Seed3407-s3407,G1-R2-RL-GradedNDCG64-CP-Align070-ShortlistUniform-K0-T1,3407,original,BrightRetrieval,psychology,0.3448
G1-R2-RL-GradedNDCG64-CP-Align070-ShortlistUniform-K0-T1-Seed3407-s3407,G1-R2-RL-GradedNDCG64-CP-Align070-ShortlistUniform-K0-T1,3407,original,BrightRetrieval,robotics,0.1791
G1-R2-RL-GradedNDCG64-CP-Align070-ShortlistUniform-K0-T1-Seed3407-s3407,G1-R2-RL-GradedNDCG64-CP-Align070-ShortlistUniform-K0-T1,3407,original,BrightRetrieval,stackoverflow,0.2491
G1-R2-RL-GradedNDCG64-CP-Align070-ShortlistUniform-K0-T1-Seed3407-s3407,G1-R2-RL-GradedNDCG64-CP-Align070-ShortlistUniform-K0-T1,3407,original,BrightRetrieval,sustainable_living,0.2360
G1-R2-RL-GradedNDCG64-CP-Align070-ShortlistUniform-K0-T1-Seed3407-s3407,G1-R2-RL-GradedNDCG64-CP-Align070-ShortlistUniform-K0-T1,3407,original,BrightRetrieval,pony,0.0221
G1-R2-RL-GradedNDCG64-CP-Align070-ShortlistUniform-K0-T1-Seed3407-s3407,G1-R2-RL-GradedNDCG64-CP-Align070-ShortlistUniform-K0-T1,3407,original,BrightRetrieval,leetcode,0.0976
G1-R2-RL-GradedNDCG64-CP-Align070-ShortlistUniform-K0-T1-Seed3407-s3407,G1-R2-RL-GradedNDCG64-CP-Align070-ShortlistUniform-K0-T1,3407,original,BrightRetrieval,aops,0.0276
G1-R2-RL-GradedNDCG64-CP-Align070-ShortlistUniform-K0-T1-Seed3407-s3407,G1-R2-RL-GradedNDCG64-CP-Align070-ShortlistUniform-K0-T1,3407,original,BrightRetrieval,theoremqa_theorems,0.2898
G1-R2-RL-GradedNDCG64-CP-Align070-ShortlistUniform-K0-T1-Seed3407-s3407,G1-R2-RL-GradedNDCG64-CP-Align070-ShortlistUniform-K0-T1,3407,original,BrightRetrieval,theoremqa_questions,0.1961
G1-R2-RL-GradedNDCG64-CP-Align070-ShortlistUniform-K0-T1-s42,G1-R2-RL-GradedNDCG64-CP-Align070-ShortlistUniform-K0-T1,42,original,BrightRetrieval,biology,0.4105
G1-R2-RL-GradedNDCG64-CP-Align070-ShortlistUniform-K0-T1-s42,G1-R2-RL-GradedNDCG64-CP-Align070-ShortlistUniform-K0-T1,42,original,BrightRetrieval,earth_science,0.3826
G1-R2-RL-GradedNDCG64-CP-Align070-ShortlistUniform-K0-T1-s42,G1-R2-RL-GradedNDCG64-CP-Align070-ShortlistUniform-K0-T1,42,original,BrightRetrieval,economics,0.2779
G1-R2-RL-GradedNDCG64-CP-Align070-ShortlistUniform-K0-T1-s42,G1-R2-RL-GradedNDCG64-CP-Align070-ShortlistUniform-K0-T1,42,original,BrightRetrieval,psychology,0.3525
G1-R2-RL-GradedNDCG64-CP-Align070-ShortlistUniform-K0-T1-s42,G1-R2-RL-GradedNDCG64-CP-Align070-ShortlistUniform-K0-T1,42,original,BrightRetrieval,robotics,0.1906
G1-R2-RL-GradedNDCG64-CP-Align070-ShortlistUniform-K0-T1-s42,G1-R2-RL-GradedNDCG64-CP-Align070-ShortlistUniform-K0-T1,42,original,BrightRetrieval,stackoverflow,0.2582
G1-R2-RL-GradedNDCG64-CP-Align070-ShortlistUniform-K0-T1-s42,G1-R2-RL-GradedNDCG64-CP-Align070-ShortlistUniform-K0-T1,42,original,BrightRetrieval,sustainable_living,0.2396
G1-R2-RL-GradedNDCG64-CP-Align070-ShortlistUniform-K0-T1-s42,G1-R2-RL-GradedNDCG64-CP-Align070-ShortlistUniform-K0-T1,42,original,BrightRetrieval,pony,0.0229
G1-R2-RL-GradedNDCG64-CP-Align070-ShortlistUniform-K0-T1-s42,G1-R2-RL-GradedNDCG64-CP-Align070-ShortlistUniform-K0-T1,42,original,BrightRetrieval,leetcode,0.1026
G1-R2-RL-GradedNDCG64-CP-Align070-ShortlistUniform-K0-T1-s42,G1-R2-RL-GradedNDCG64-CP-Align070-ShortlistUniform-K0-T1,42,original,BrightRetrieval,aops,0.0249
G1-R2-RL-GradedNDCG64-CP-Align070-ShortlistUniform-K0-T1-s42,G1-R2-RL-GradedNDCG64-CP-Align070-ShortlistUniform-K0-T1,42,original,BrightRetrieval,theoremqa_theorems,0.2885
G1-R2-RL-GradedNDCG64-CP-Align070-ShortlistUniform-K0-T1-s42,G1-R2-RL-GradedNDCG64-CP-Align070-ShortlistUniform-K0-T1,42,original,BrightRetrieval,theoremqa_questions,0.1937
G1-R2-RL-GradedNDCG64-CP-Align070-ShortlistUniform-K1-T1-Pairwise050-Seed2026-s2026,G1-R2-RL-GradedNDCG64-CP-Align070-ShortlistUniform-K1-T1-Pairwise050,2026,original,BrightRetrieval,biology,0.4587
G1-R2-RL-GradedNDCG64-CP-Align070-ShortlistUniform-K1-T1-Pairwise050-Seed2026-s2026,G1-R2-RL-GradedNDCG64-CP-Align070-ShortlistUniform-K1-T1-Pairwise050,2026,original,BrightRetrieval,earth_science,0.3680
G1-R2-RL-GradedNDCG64-CP-Align070-ShortlistUniform-K1-T1-Pairwise050-Seed2026-s2026,G1-R2-RL-GradedNDCG64-CP-Align070-ShortlistUniform-K1-T1-Pairwise050,2026,original,BrightRetrieval,economics,0.2859
G1-R2-RL-GradedNDCG64-CP-Align070-ShortlistUniform-K1-T1-Pairwise050-Seed2026-s2026,G1-R2-RL-GradedNDCG64-CP-Align070-ShortlistUniform-K1-T1-Pairwise050,2026,original,BrightRetrieval,psychology,0.3292
G1-R2-RL-GradedNDCG64-CP-Align070-ShortlistUniform-K1-T1-Pairwise050-Seed2026-s2026,G1-R2-RL-GradedNDCG64-CP-Align070-ShortlistUniform-K1-T1-Pairwise050,2026,original,BrightRetrieval,robotics,0.1827
G1-R2-RL-GradedNDCG64-CP-Align070-ShortlistUniform-K1-T1-Pairwise050-Seed2026-s2026,G1-R2-RL-GradedNDCG64-CP-Align070-ShortlistUniform-K1-T1-Pairwise050,2026,original,BrightRetrieval,stackoverflow,0.2866
G1-R2-RL-GradedNDCG64-CP-Align070-ShortlistUniform-K1-T1-Pairwise050-Seed2026-s2026,G1-R2-RL-GradedNDCG64-CP-Align070-ShortlistUniform-K1-T1-Pairwise050,2026,original,BrightRetrieval,sustainable_living,0.2475
G1-R2-RL-GradedNDCG64-CP-Align070-ShortlistUniform-K1-T1-Pairwise050-Seed2026-s2026,G1-R2-RL-GradedNDCG64-CP-Align070-ShortlistUniform-K1-T1-Pairwise050,2026,original,BrightRetrieval,pony,0.0210
G1-R2-RL-GradedNDCG64-CP-Align070-ShortlistUniform-K1-T1-Pairwise050-Seed2026-s2026,G1-R2-RL-GradedNDCG64-CP-Align070-ShortlistUniform-K1-T1-Pairwise050,2026,original,BrightRetrieval,leetcode,0.0943
G1-R2-RL-GradedNDCG64-CP-Align070-ShortlistUniform-K1-T1-Pairwise050-Seed2026-s2026,G1-R2-RL-GradedNDCG64-CP-Align070-ShortlistUniform-K1-T1-Pairwise050,2026,original,BrightRetrieval,aops,0.0245
G1-R2-RL-GradedNDCG64-CP-Align070-ShortlistUniform-K1-T1-Pairwise050-Seed2026-s2026,G1-R2-RL-GradedNDCG64-CP-Align070-ShortlistUniform-K1-T1-Pairwise050,2026,original,BrightRetrieval,theoremqa_theorems,0.2950
G1-R2-RL-GradedNDCG64-CP-Align070-ShortlistUniform-K1-T1-Pairwise050-Seed2026-s2026,G1-R2-RL-GradedNDCG64-CP-Align070-ShortlistUniform-K1-T1-Pairwise050,2026,original,BrightRetrieval,theoremqa_questions,0.1919
G1-R2-RL-GradedNDCG64-CP-Align070-ShortlistUniform-K1-T1-Pairwise050-Seed3407-s3407,G1-R2-RL-GradedNDCG64-CP-Align070-ShortlistUniform-K1-T1-Pairwise050,3407,original,BrightRetrieval,biology,0.4535
G1-R2-RL-GradedNDCG64-CP-Align070-ShortlistUniform-K1-T1-Pairwise050-Seed3407-s3407,G1-R2-RL-GradedNDCG64-CP-Align070-ShortlistUniform-K1-T1-Pairwise050,3407,original,BrightRetrieval,earth_science,0.3752
G1-R2-RL-GradedNDCG64-CP-Align070-ShortlistUniform-K1-T1-Pairwise050-Seed3407-s3407,G1-R2-RL-GradedNDCG64-CP-Align070-ShortlistUniform-K1-T1-Pairwise050,3407,original,BrightRetrieval,economics,0.2784
G1-R2-RL-GradedNDCG64-CP-Align070-ShortlistUniform-K1-T1-Pairwise050-Seed3407-s3407,G1-R2-RL-GradedNDCG64-CP-Align070-ShortlistUniform-K1-T1-Pairwise050,3407,original,BrightRetrieval,psychology,0.3502
G1-R2-RL-GradedNDCG64-CP-Align070-ShortlistUniform-K1-T1-Pairwise050-Seed3407-s3407,G1-R2-RL-GradedNDCG64-CP-Align070-ShortlistUniform-K1-T1-Pairwise050,3407,original,BrightRetrieval,robotics,0.1793
G1-R2-RL-GradedNDCG64-CP-Align070-ShortlistUniform-K1-T1-Pairwise050-Seed3407-s3407,G1-R2-RL-GradedNDCG64-CP-Align070-ShortlistUniform-K1-T1-Pairwise050,3407,original,BrightRetrieval,stackoverflow,0.2848
G1-R2-RL-GradedNDCG64-CP-Align070-ShortlistUniform-K1-T1-Pairwise050-Seed3407-s3407,G1-R2-RL-GradedNDCG64-CP-Align070-ShortlistUniform-K1-T1-Pairwise050,3407,original,BrightRetrieval,sustainable_living,0.2540
G1-R2-RL-GradedNDCG64-CP-Align070-ShortlistUniform-K1-T1-Pairwise050-Seed3407-s3407,G1-R2-RL-GradedNDCG64-CP-Align070-ShortlistUniform-K1-T1-Pairwise050,3407,original,BrightRetrieval,pony,0.0221
G1-R2-RL-GradedNDCG64-CP-Align070-ShortlistUniform-K1-T1-Pairwise050-Seed3407-s3407,G1-R2-RL-GradedNDCG64-CP-Align070-ShortlistUniform-K1-T1-Pairwise050,3407,original,BrightRetrieval,leetcode,0.0950
G1-R2-RL-GradedNDCG64-CP-Align070-ShortlistUniform-K1-T1-Pairwise050-Seed3407-s3407,G1-R2-RL-GradedNDCG64-CP-Align070-ShortlistUniform-K1-T1-Pairwise050,3407,original,BrightRetrieval,aops,0.0228
G1-R2-RL-GradedNDCG64-CP-Align070-ShortlistUniform-K1-T1-Pairwise050-Seed3407-s3407,G1-R2-RL-GradedNDCG64-CP-Align070-ShortlistUniform-K1-T1-Pairwise050,3407,original,BrightRetrieval,theoremqa_theorems,0.2871
G1-R2-RL-GradedNDCG64-CP-Align070-ShortlistUniform-K1-T1-Pairwise050-Seed3407-s3407,G1-R2-RL-GradedNDCG64-CP-Align070-ShortlistUniform-K1-T1-Pairwise050,3407,original,BrightRetrieval,theoremqa_questions,0.1938
G1-R2-RL-GradedNDCG64-CP-Align070-ShortlistUniform-K1-T1-Pairwise050-s42,G1-R2-RL-GradedNDCG64-CP-Align070-ShortlistUniform-K1-T1-Pairwise050,42,original,BrightRetrieval,biology,0.4424
G1-R2-RL-GradedNDCG64-CP-Align070-ShortlistUniform-K1-T1-Pairwise050-s42,G1-R2-RL-GradedNDCG64-CP-Align070-ShortlistUniform-K1-T1-Pairwise050,42,original,BrightRetrieval,earth_science,0.3698
G1-R2-RL-GradedNDCG64-CP-Align070-ShortlistUniform-K1-T1-Pairwise050-s42,G1-R2-RL-GradedNDCG64-CP-Align070-ShortlistUniform-K1-T1-Pairwise050,42,original,BrightRetrieval,economics,0.2804
G1-R2-RL-GradedNDCG64-CP-Align070-ShortlistUniform-K1-T1-Pairwise050-s42,G1-R2-RL-GradedNDCG64-CP-Align070-ShortlistUniform-K1-T1-Pairwise050,42,original,BrightRetrieval,psychology,0.3436
G1-R2-RL-GradedNDCG64-CP-Align070-ShortlistUniform-K1-T1-Pairwise050-s42,G1-R2-RL-GradedNDCG64-CP-Align070-ShortlistUniform-K1-T1-Pairwise050,42,original,BrightRetrieval,robotics,0.1769
G1-R2-RL-GradedNDCG64-CP-Align070-ShortlistUniform-K1-T1-Pairwise050-s42,G1-R2-RL-GradedNDCG64-CP-Align070-ShortlistUniform-K1-T1-Pairwise050,42,original,BrightRetrieval,stackoverflow,0.3038
G1-R2-RL-GradedNDCG64-CP-Align070-ShortlistUniform-K1-T1-Pairwise050-s42,G1-R2-RL-GradedNDCG64-CP-Align070-ShortlistUniform-K1-T1-Pairwise050,42,original,BrightRetrieval,sustainable_living,0.2483
G1-R2-RL-GradedNDCG64-CP-Align070-ShortlistUniform-K1-T1-Pairwise050-s42,G1-R2-RL-GradedNDCG64-CP-Align070-ShortlistUniform-K1-T1-Pairwise050,42,original,BrightRetrieval,pony,0.0229
G1-R2-RL-GradedNDCG64-CP-Align070-ShortlistUniform-K1-T1-Pairwise050-s42,G1-R2-RL-GradedNDCG64-CP-Align070-ShortlistUniform-K1-T1-Pairwise050,42,original,BrightRetrieval,leetcode,0.0940
G1-R2-RL-GradedNDCG64-CP-Align070-ShortlistUniform-K1-T1-Pairwise050-s42,G1-R2-RL-GradedNDCG64-CP-Align070-ShortlistUniform-K1-T1-Pairwise050,42,original,BrightRetrieval,aops,0.0230
G1-R2-RL-GradedNDCG64-CP-Align070-ShortlistUniform-K1-T1-Pairwise050-s42,G1-R2-RL-GradedNDCG64-CP-Align070-ShortlistUniform-K1-T1-Pairwise050,42,original,BrightRetrieval,theoremqa_theorems,0.2921
G1-R2-RL-GradedNDCG64-CP-Align070-ShortlistUniform-K1-T1-Pairwise050-s42,G1-R2-RL-GradedNDCG64-CP-Align070-ShortlistUniform-K1-T1-Pairwise050,42,original,BrightRetrieval,theoremqa_questions,0.1912
G1-R2-RL-GradedNDCG64-CP-Align070-ShortlistUniform-K1-T1-Seed2026-s2026,G1-R2-RL-GradedNDCG64-CP-Align070-ShortlistUniform-K1-T1,2026,original,BrightRetrieval,biology,0.4070
G1-R2-RL-GradedNDCG64-CP-Align070-ShortlistUniform-K1-T1-Seed2026-s2026,G1-R2-RL-GradedNDCG64-CP-Align070-ShortlistUniform-K1-T1,2026,original,BrightRetrieval,earth_science,0.3809
G1-R2-RL-GradedNDCG64-CP-Align070-ShortlistUniform-K1-T1-Seed2026-s2026,G1-R2-RL-GradedNDCG64-CP-Align070-ShortlistUniform-K1-T1,2026,original,BrightRetrieval,economics,0.2828
G1-R2-RL-GradedNDCG64-CP-Align070-ShortlistUniform-K1-T1-Seed2026-s2026,G1-R2-RL-GradedNDCG64-CP-Align070-ShortlistUniform-K1-T1,2026,original,BrightRetrieval,psychology,0.3422
G1-R2-RL-GradedNDCG64-CP-Align070-ShortlistUniform-K1-T1-Seed2026-s2026,G1-R2-RL-GradedNDCG64-CP-Align070-ShortlistUniform-K1-T1,2026,original,BrightRetrieval,robotics,0.1762
G1-R2-RL-GradedNDCG64-CP-Align070-ShortlistUniform-K1-T1-Seed2026-s2026,G1-R2-RL-GradedNDCG64-CP-Align070-ShortlistUniform-K1-T1,2026,original,BrightRetrieval,stackoverflow,0.2574
G1-R2-RL-GradedNDCG64-CP-Align070-ShortlistUniform-K1-T1-Seed2026-s2026,G1-R2-RL-GradedNDCG64-CP-Align070-ShortlistUniform-K1-T1,2026,original,BrightRetrieval,sustainable_living,0.2313
G1-R2-RL-GradedNDCG64-CP-Align070-ShortlistUniform-K1-T1-Seed2026-s2026,G1-R2-RL-GradedNDCG64-CP-Align070-ShortlistUniform-K1-T1,2026,original,BrightRetrieval,pony,0.0244
G1-R2-RL-GradedNDCG64-CP-Align070-ShortlistUniform-K1-T1-Seed2026-s2026,G1-R2-RL-GradedNDCG64-CP-Align070-ShortlistUniform-K1-T1,2026,original,BrightRetrieval,leetcode,0.0968
G1-R2-RL-GradedNDCG64-CP-Align070-ShortlistUniform-K1-T1-Seed2026-s2026,G1-R2-RL-GradedNDCG64-CP-Align070-ShortlistUniform-K1-T1,2026,original,BrightRetrieval,aops,0.0271
G1-R2-RL-GradedNDCG64-CP-Align070-ShortlistUniform-K1-T1-Seed2026-s2026,G1-R2-RL-GradedNDCG64-CP-Align070-ShortlistUniform-K1-T1,2026,original,BrightRetrieval,theoremqa_theorems,0.3135
G1-R2-RL-GradedNDCG64-CP-Align070-ShortlistUniform-K1-T1-Seed2026-s2026,G1-R2-RL-GradedNDCG64-CP-Align070-ShortlistUniform-K1-T1,2026,original,BrightRetrieval,theoremqa_questions,0.1935
G1-R2-RL-GradedNDCG64-CP-Align070-ShortlistUniform-K1-T1-Seed3407-s3407,G1-R2-RL-GradedNDCG64-CP-Align070-ShortlistUniform-K1-T1,3407,original,BrightRetrieval,biology,0.3911
G1-R2-RL-GradedNDCG64-CP-Align070-ShortlistUniform-K1-T1-Seed3407-s3407,G1-R2-RL-GradedNDCG64-CP-Align070-ShortlistUniform-K1-T1,3407,original,BrightRetrieval,earth_science,0.3704
G1-R2-RL-GradedNDCG64-CP-Align070-ShortlistUniform-K1-T1-Seed3407-s3407,G1-R2-RL-GradedNDCG64-CP-Align070-ShortlistUniform-K1-T1,3407,original,BrightRetrieval,economics,0.2832
G1-R2-RL-GradedNDCG64-CP-Align070-ShortlistUniform-K1-T1-Seed3407-s3407,G1-R2-RL-GradedNDCG64-CP-Align070-ShortlistUniform-K1-T1,3407,original,BrightRetrieval,psychology,0.3494
G1-R2-RL-GradedNDCG64-CP-Align070-ShortlistUniform-K1-T1-Seed3407-s3407,G1-R2-RL-GradedNDCG64-CP-Align070-ShortlistUniform-K1-T1,3407,original,BrightRetrieval,robotics,0.1762
G1-R2-RL-GradedNDCG64-CP-Align070-ShortlistUniform-K1-T1-Seed3407-s3407,G1-R2-RL-GradedNDCG64-CP-Align070-ShortlistUniform-K1-T1,3407,original,BrightRetrieval,stackoverflow,0.2604
G1-R2-RL-GradedNDCG64-CP-Align070-ShortlistUniform-K1-T1-Seed3407-s3407,G1-R2-RL-GradedNDCG64-CP-Align070-ShortlistUniform-K1-T1,3407,original,BrightRetrieval,sustainable_living,0.2440
G1-R2-RL-GradedNDCG64-CP-Align070-ShortlistUniform-K1-T1-Seed3407-s3407,G1-R2-RL-GradedNDCG64-CP-Align070-ShortlistUniform-K1-T1,3407,original,BrightRetrieval,pony,0.0228
G1-R2-RL-GradedNDCG64-CP-Align070-ShortlistUniform-K1-T1-Seed3407-s3407,G1-R2-RL-GradedNDCG64-CP-Align070-ShortlistUniform-K1-T1,3407,original,BrightRetrieval,leetcode,0.0965
G1-R2-RL-GradedNDCG64-CP-Align070-ShortlistUniform-K1-T1-Seed3407-s3407,G1-R2-RL-GradedNDCG64-CP-Align070-ShortlistUniform-K1-T1,3407,original,BrightRetrieval,aops,0.0268
G1-R2-RL-GradedNDCG64-CP-Align070-ShortlistUniform-K1-T1-Seed3407-s3407,G1-R2-RL-GradedNDCG64-CP-Align070-ShortlistUniform-K1-T1,3407,original,BrightRetrieval,theoremqa_theorems,0.2897
G1-R2-RL-GradedNDCG64-CP-Align070-ShortlistUniform-K1-T1-Seed3407-s3407,G1-R2-RL-GradedNDCG64-CP-Align070-ShortlistUniform-K1-T1,3407,original,BrightRetrieval,theoremqa_questions,0.1963
G1-R2-RL-GradedNDCG64-CP-Align070-ShortlistUniform-K1-T1-s42,G1-R2-RL-GradedNDCG64-CP-Align070-ShortlistUniform-K1-T1,42,original,BrightRetrieval,biology,0.4095
G1-R2-RL-GradedNDCG64-CP-Align070-ShortlistUniform-K1-T1-s42,G1-R2-RL-GradedNDCG64-CP-Align070-ShortlistUniform-K1-T1,42,original,BrightRetrieval,earth_science,0.3770
G1-R2-RL-GradedNDCG64-CP-Align070-ShortlistUniform-K1-T1-s42,G1-R2-RL-GradedNDCG64-CP-Align070-ShortlistUniform-K1-T1,42,original,BrightRetrieval,economics,0.2784
G1-R2-RL-GradedNDCG64-CP-Align070-ShortlistUniform-K1-T1-s42,G1-R2-RL-GradedNDCG64-CP-Align070-ShortlistUniform-K1-T1,42,original,BrightRetrieval,psychology,0.3500
G1-R2-RL-GradedNDCG64-CP-Align070-ShortlistUniform-K1-T1-s42,G1-R2-RL-GradedNDCG64-CP-Align070-ShortlistUniform-K1-T1,42,original,BrightRetrieval,robotics,0.1810
G1-R2-RL-GradedNDCG64-CP-Align070-ShortlistUniform-K1-T1-s42,G1-R2-RL-GradedNDCG64-CP-Align070-ShortlistUniform-K1-T1,42,original,BrightRetrieval,stackoverflow,0.2602
G1-R2-RL-GradedNDCG64-CP-Align070-ShortlistUniform-K1-T1-s42,G1-R2-RL-GradedNDCG64-CP-Align070-ShortlistUniform-K1-T1,42,original,BrightRetrieval,sustainable_living,0.2373
G1-R2-RL-GradedNDCG64-CP-Align070-ShortlistUniform-K1-T1-s42,G1-R2-RL-GradedNDCG64-CP-Align070-ShortlistUniform-K1-T1,42,original,BrightRetrieval,pony,0.0228
G1-R2-RL-GradedNDCG64-CP-Align070-ShortlistUniform-K1-T1-s42,G1-R2-RL-GradedNDCG64-CP-Align070-ShortlistUniform-K1-T1,42,original,BrightRetrieval,leetcode,0.0975
G1-R2-RL-GradedNDCG64-CP-Align070-ShortlistUniform-K1-T1-s42,G1-R2-RL-GradedNDCG64-CP-Align070-ShortlistUniform-K1-T1,42,original,BrightRetrieval,aops,0.0245
G1-R2-RL-GradedNDCG64-CP-Align070-ShortlistUniform-K1-T1-s42,G1-R2-RL-GradedNDCG64-CP-Align070-ShortlistUniform-K1-T1,42,original,BrightRetrieval,theoremqa_theorems,0.2944
G1-R2-RL-GradedNDCG64-CP-Align070-ShortlistUniform-K1-T1-s42,G1-R2-RL-GradedNDCG64-CP-Align070-ShortlistUniform-K1-T1,42,original,BrightRetrieval,theoremqa_questions,0.1945
G1-R2-RL-GradedNDCG64-CP-Align070-ShortlistUniform-K15-T1-Pairwise050-Seed2026-s2026,G1-R2-RL-GradedNDCG64-CP-Align070-ShortlistUniform-K15-T1-Pairwise050,2026,original,BrightRetrieval,biology,0.3973
G1-R2-RL-GradedNDCG64-CP-Align070-ShortlistUniform-K15-T1-Pairwise050-Seed2026-s2026,G1-R2-RL-GradedNDCG64-CP-Align070-ShortlistUniform-K15-T1-Pairwise050,2026,original,BrightRetrieval,earth_science,0.3498
G1-R2-RL-GradedNDCG64-CP-Align070-ShortlistUniform-K15-T1-Pairwise050-Seed2026-s2026,G1-R2-RL-GradedNDCG64-CP-Align070-ShortlistUniform-K15-T1-Pairwise050,2026,original,BrightRetrieval,economics,0.2792
G1-R2-RL-GradedNDCG64-CP-Align070-ShortlistUniform-K15-T1-Pairwise050-Seed2026-s2026,G1-R2-RL-GradedNDCG64-CP-Align070-ShortlistUniform-K15-T1-Pairwise050,2026,original,BrightRetrieval,psychology,0.3435
G1-R2-RL-GradedNDCG64-CP-Align070-ShortlistUniform-K15-T1-Pairwise050-Seed2026-s2026,G1-R2-RL-GradedNDCG64-CP-Align070-ShortlistUniform-K15-T1-Pairwise050,2026,original,BrightRetrieval,robotics,0.1885
G1-R2-RL-GradedNDCG64-CP-Align070-ShortlistUniform-K15-T1-Pairwise050-Seed2026-s2026,G1-R2-RL-GradedNDCG64-CP-Align070-ShortlistUniform-K15-T1-Pairwise050,2026,original,BrightRetrieval,stackoverflow,0.2808
G1-R2-RL-GradedNDCG64-CP-Align070-ShortlistUniform-K15-T1-Pairwise050-Seed2026-s2026,G1-R2-RL-GradedNDCG64-CP-Align070-ShortlistUniform-K15-T1-Pairwise050,2026,original,BrightRetrieval,sustainable_living,0.2444
G1-R2-RL-GradedNDCG64-CP-Align070-ShortlistUniform-K15-T1-Pairwise050-Seed2026-s2026,G1-R2-RL-GradedNDCG64-CP-Align070-ShortlistUniform-K15-T1-Pairwise050,2026,original,BrightRetrieval,pony,0.0226
G1-R2-RL-GradedNDCG64-CP-Align070-ShortlistUniform-K15-T1-Pairwise050-Seed2026-s2026,G1-R2-RL-GradedNDCG64-CP-Align070-ShortlistUniform-K15-T1-Pairwise050,2026,original,BrightRetrieval,leetcode,0.1038
G1-R2-RL-GradedNDCG64-CP-Align070-ShortlistUniform-K15-T1-Pairwise050-Seed2026-s2026,G1-R2-RL-GradedNDCG64-CP-Align070-ShortlistUniform-K15-T1-Pairwise050,2026,original,BrightRetrieval,aops,0.0274
G1-R2-RL-GradedNDCG64-CP-Align070-ShortlistUniform-K15-T1-Pairwise050-Seed2026-s2026,G1-R2-RL-GradedNDCG64-CP-Align070-ShortlistUniform-K15-T1-Pairwise050,2026,original,BrightRetrieval,theoremqa_theorems,0.3042
G1-R2-RL-GradedNDCG64-CP-Align070-ShortlistUniform-K15-T1-Pairwise050-Seed2026-s2026,G1-R2-RL-GradedNDCG64-CP-Align070-ShortlistUniform-K15-T1-Pairwise050,2026,original,BrightRetrieval,theoremqa_questions,0.1962
G1-R2-RL-GradedNDCG64-CP-Align070-ShortlistUniform-K15-T1-Pairwise050-Seed3407-s3407,G1-R2-RL-GradedNDCG64-CP-Align070-ShortlistUniform-K15-T1-Pairwise050,3407,original,BrightRetrieval,biology,0.3867
G1-R2-RL-GradedNDCG64-CP-Align070-ShortlistUniform-K15-T1-Pairwise050-Seed3407-s3407,G1-R2-RL-GradedNDCG64-CP-Align070-ShortlistUniform-K15-T1-Pairwise050,3407,original,BrightRetrieval,earth_science,0.3553
G1-R2-RL-GradedNDCG64-CP-Align070-ShortlistUniform-K15-T1-Pairwise050-Seed3407-s3407,G1-R2-RL-GradedNDCG64-CP-Align070-ShortlistUniform-K15-T1-Pairwise050,3407,original,BrightRetrieval,economics,0.2692
G1-R2-RL-GradedNDCG64-CP-Align070-ShortlistUniform-K15-T1-Pairwise050-Seed3407-s3407,G1-R2-RL-GradedNDCG64-CP-Align070-ShortlistUniform-K15-T1-Pairwise050,3407,original,BrightRetrieval,psychology,0.3435
G1-R2-RL-GradedNDCG64-CP-Align070-ShortlistUniform-K15-T1-Pairwise050-Seed3407-s3407,G1-R2-RL-GradedNDCG64-CP-Align070-ShortlistUniform-K15-T1-Pairwise050,3407,original,BrightRetrieval,robotics,0.1844
G1-R2-RL-GradedNDCG64-CP-Align070-ShortlistUniform-K15-T1-Pairwise050-Seed3407-s3407,G1-R2-RL-GradedNDCG64-CP-Align070-ShortlistUniform-K15-T1-Pairwise050,3407,original,BrightRetrieval,stackoverflow,0.2710
G1-R2-RL-GradedNDCG64-CP-Align070-ShortlistUniform-K15-T1-Pairwise050-Seed3407-s3407,G1-R2-RL-GradedNDCG64-CP-Align070-ShortlistUniform-K15-T1-Pairwise050,3407,original,BrightRetrieval,sustainable_living,0.2428
G1-R2-RL-GradedNDCG64-CP-Align070-ShortlistUniform-K15-T1-Pairwise050-Seed3407-s3407,G1-R2-RL-GradedNDCG64-CP-Align070-ShortlistUniform-K15-T1-Pairwise050,3407,original,BrightRetrieval,pony,0.0226
G1-R2-RL-GradedNDCG64-CP-Align070-ShortlistUniform-K15-T1-Pairwise050-Seed3407-s3407,G1-R2-RL-GradedNDCG64-CP-Align070-ShortlistUniform-K15-T1-Pairwise050,3407,original,BrightRetrieval,leetcode,0.0984
G1-R2-RL-GradedNDCG64-CP-Align070-ShortlistUniform-K15-T1-Pairwise050-Seed3407-s3407,G1-R2-RL-GradedNDCG64-CP-Align070-ShortlistUniform-K15-T1-Pairwise050,3407,original,BrightRetrieval,aops,0.0285
G1-R2-RL-GradedNDCG64-CP-Align070-ShortlistUniform-K15-T1-Pairwise050-Seed3407-s3407,G1-R2-RL-GradedNDCG64-CP-Align070-ShortlistUniform-K15-T1-Pairwise050,3407,original,BrightRetrieval,theoremqa_theorems,0.2985
G1-R2-RL-GradedNDCG64-CP-Align070-ShortlistUniform-K15-T1-Pairwise050-Seed3407-s3407,G1-R2-RL-GradedNDCG64-CP-Align070-ShortlistUniform-K15-T1-Pairwise050,3407,original,BrightRetrieval,theoremqa_questions,0.2039
G1-R2-RL-GradedNDCG64-CP-Align070-ShortlistUniform-K15-T1-Pairwise050-s42,G1-R2-RL-GradedNDCG64-CP-Align070-ShortlistUniform-K15-T1-Pairwise050,42,original,BrightRetrieval,biology,0.4186
G1-R2-RL-GradedNDCG64-CP-Align070-ShortlistUniform-K15-T1-Pairwise050-s42,G1-R2-RL-GradedNDCG64-CP-Align070-ShortlistUniform-K15-T1-Pairwise050,42,original,BrightRetrieval,earth_science,0.3593
G1-R2-RL-GradedNDCG64-CP-Align070-ShortlistUniform-K15-T1-Pairwise050-s42,G1-R2-RL-GradedNDCG64-CP-Align070-ShortlistUniform-K15-T1-Pairwise050,42,original,BrightRetrieval,economics,0.2720
G1-R2-RL-GradedNDCG64-CP-Align070-ShortlistUniform-K15-T1-Pairwise050-s42,G1-R2-RL-GradedNDCG64-CP-Align070-ShortlistUniform-K15-T1-Pairwise050,42,original,BrightRetrieval,psychology,0.3461
G1-R2-RL-GradedNDCG64-CP-Align070-ShortlistUniform-K15-T1-Pairwise050-s42,G1-R2-RL-GradedNDCG64-CP-Align070-ShortlistUniform-K15-T1-Pairwise050,42,original,BrightRetrieval,robotics,0.1809
G1-R2-RL-GradedNDCG64-CP-Align070-ShortlistUniform-K15-T1-Pairwise050-s42,G1-R2-RL-GradedNDCG64-CP-Align070-ShortlistUniform-K15-T1-Pairwise050,42,original,BrightRetrieval,stackoverflow,0.2886
G1-R2-RL-GradedNDCG64-CP-Align070-ShortlistUniform-K15-T1-Pairwise050-s42,G1-R2-RL-GradedNDCG64-CP-Align070-ShortlistUniform-K15-T1-Pairwise050,42,original,BrightRetrieval,sustainable_living,0.2518
G1-R2-RL-GradedNDCG64-CP-Align070-ShortlistUniform-K15-T1-Pairwise050-s42,G1-R2-RL-GradedNDCG64-CP-Align070-ShortlistUniform-K15-T1-Pairwise050,42,original,BrightRetrieval,pony,0.0232
G1-R2-RL-GradedNDCG64-CP-Align070-ShortlistUniform-K15-T1-Pairwise050-s42,G1-R2-RL-GradedNDCG64-CP-Align070-ShortlistUniform-K15-T1-Pairwise050,42,original,BrightRetrieval,leetcode,0.0968
G1-R2-RL-GradedNDCG64-CP-Align070-ShortlistUniform-K15-T1-Pairwise050-s42,G1-R2-RL-GradedNDCG64-CP-Align070-ShortlistUniform-K15-T1-Pairwise050,42,original,BrightRetrieval,aops,0.0262
G1-R2-RL-GradedNDCG64-CP-Align070-ShortlistUniform-K15-T1-Pairwise050-s42,G1-R2-RL-GradedNDCG64-CP-Align070-ShortlistUniform-K15-T1-Pairwise050,42,original,BrightRetrieval,theoremqa_theorems,0.3130
G1-R2-RL-GradedNDCG64-CP-Align070-ShortlistUniform-K15-T1-Pairwise050-s42,G1-R2-RL-GradedNDCG64-CP-Align070-ShortlistUniform-K15-T1-Pairwise050,42,original,BrightRetrieval,theoremqa_questions,0.1998
G1-R2-RL-GradedNDCG64-CP-Align070-ShortlistUniform-K15-T1-Seed2026-s2026,G1-R2-RL-GradedNDCG64-CP-Align070-ShortlistUniform-K15-T1,2026,original,BrightRetrieval,biology,0.3776
G1-R2-RL-GradedNDCG64-CP-Align070-ShortlistUniform-K15-T1-Seed2026-s2026,G1-R2-RL-GradedNDCG64-CP-Align070-ShortlistUniform-K15-T1,2026,original,BrightRetrieval,earth_science,0.3563
G1-R2-RL-GradedNDCG64-CP-Align070-ShortlistUniform-K15-T1-Seed2026-s2026,G1-R2-RL-GradedNDCG64-CP-Align070-ShortlistUniform-K15-T1,2026,original,BrightRetrieval,economics,0.2672
G1-R2-RL-GradedNDCG64-CP-Align070-ShortlistUniform-K15-T1-Seed2026-s2026,G1-R2-RL-GradedNDCG64-CP-Align070-ShortlistUniform-K15-T1,2026,original,BrightRetrieval,psychology,0.3338
G1-R2-RL-GradedNDCG64-CP-Align070-ShortlistUniform-K15-T1-Seed2026-s2026,G1-R2-RL-GradedNDCG64-CP-Align070-ShortlistUniform-K15-T1,2026,original,BrightRetrieval,robotics,0.1718
G1-R2-RL-GradedNDCG64-CP-Align070-ShortlistUniform-K15-T1-Seed2026-s2026,G1-R2-RL-GradedNDCG64-CP-Align070-ShortlistUniform-K15-T1,2026,original,BrightRetrieval,stackoverflow,0.2718
G1-R2-RL-GradedNDCG64-CP-Align070-ShortlistUniform-K15-T1-Seed2026-s2026,G1-R2-RL-GradedNDCG64-CP-Align070-ShortlistUniform-K15-T1,2026,original,BrightRetrieval,sustainable_living,0.2352
G1-R2-RL-GradedNDCG64-CP-Align070-ShortlistUniform-K15-T1-Seed2026-s2026,G1-R2-RL-GradedNDCG64-CP-Align070-ShortlistUniform-K15-T1,2026,original,BrightRetrieval,pony,0.0232
G1-R2-RL-GradedNDCG64-CP-Align070-ShortlistUniform-K15-T1-Seed2026-s2026,G1-R2-RL-GradedNDCG64-CP-Align070-ShortlistUniform-K15-T1,2026,original,BrightRetrieval,leetcode,0.1071
G1-R2-RL-GradedNDCG64-CP-Align070-ShortlistUniform-K15-T1-Seed2026-s2026,G1-R2-RL-GradedNDCG64-CP-Align070-ShortlistUniform-K15-T1,2026,original,BrightRetrieval,aops,0.0292
G1-R2-RL-GradedNDCG64-CP-Align070-ShortlistUniform-K15-T1-Seed2026-s2026,G1-R2-RL-GradedNDCG64-CP-Align070-ShortlistUniform-K15-T1,2026,original,BrightRetrieval,theoremqa_theorems,0.3128
G1-R2-RL-GradedNDCG64-CP-Align070-ShortlistUniform-K15-T1-Seed2026-s2026,G1-R2-RL-GradedNDCG64-CP-Align070-ShortlistUniform-K15-T1,2026,original,BrightRetrieval,theoremqa_questions,0.2007
G1-R2-RL-GradedNDCG64-CP-Align070-ShortlistUniform-K15-T1-Seed3407-s3407,G1-R2-RL-GradedNDCG64-CP-Align070-ShortlistUniform-K15-T1,3407,original,BrightRetrieval,biology,0.3566
G1-R2-RL-GradedNDCG64-CP-Align070-ShortlistUniform-K15-T1-Seed3407-s3407,G1-R2-RL-GradedNDCG64-CP-Align070-ShortlistUniform-K15-T1,3407,original,BrightRetrieval,earth_science,0.3434
G1-R2-RL-GradedNDCG64-CP-Align070-ShortlistUniform-K15-T1-Seed3407-s3407,G1-R2-RL-GradedNDCG64-CP-Align070-ShortlistUniform-K15-T1,3407,original,BrightRetrieval,economics,0.2642
G1-R2-RL-GradedNDCG64-CP-Align070-ShortlistUniform-K15-T1-Seed3407-s3407,G1-R2-RL-GradedNDCG64-CP-Align070-ShortlistUniform-K15-T1,3407,original,BrightRetrieval,psychology,0.3262
G1-R2-RL-GradedNDCG64-CP-Align070-ShortlistUniform-K15-T1-Seed3407-s3407,G1-R2-RL-GradedNDCG64-CP-Align070-ShortlistUniform-K15-T1,3407,original,BrightRetrieval,robotics,0.1844
G1-R2-RL-GradedNDCG64-CP-Align070-ShortlistUniform-K15-T1-Seed3407-s3407,G1-R2-RL-GradedNDCG64-CP-Align070-ShortlistUniform-K15-T1,3407,original,BrightRetrieval,stackoverflow,0.2672
G1-R2-RL-GradedNDCG64-CP-Align070-ShortlistUniform-K15-T1-Seed3407-s3407,G1-R2-RL-GradedNDCG64-CP-Align070-ShortlistUniform-K15-T1,3407,original,BrightRetrieval,sustainable_living,0.2437
G1-R2-RL-GradedNDCG64-CP-Align070-ShortlistUniform-K15-T1-Seed3407-s3407,G1-R2-RL-GradedNDCG64-CP-Align070-ShortlistUniform-K15-T1,3407,original,BrightRetrieval,pony,0.0226
G1-R2-RL-GradedNDCG64-CP-Align070-ShortlistUniform-K15-T1-Seed3407-s3407,G1-R2-RL-GradedNDCG64-CP-Align070-ShortlistUniform-K15-T1,3407,original,BrightRetrieval,leetcode,0.1025
G1-R2-RL-GradedNDCG64-CP-Align070-ShortlistUniform-K15-T1-Seed3407-s3407,G1-R2-RL-GradedNDCG64-CP-Align070-ShortlistUniform-K15-T1,3407,original,BrightRetrieval,aops,0.0260
G1-R2-RL-GradedNDCG64-CP-Align070-ShortlistUniform-K15-T1-Seed3407-s3407,G1-R2-RL-GradedNDCG64-CP-Align070-ShortlistUniform-K15-T1,3407,original,BrightRetrieval,theoremqa_theorems,0.2977
G1-R2-RL-GradedNDCG64-CP-Align070-ShortlistUniform-K15-T1-Seed3407-s3407,G1-R2-RL-GradedNDCG64-CP-Align070-ShortlistUniform-K15-T1,3407,original,BrightRetrieval,theoremqa_questions,0.1980
G1-R2-RL-GradedNDCG64-CP-Align070-ShortlistUniform-K15-T1-s42,G1-R2-RL-GradedNDCG64-CP-Align070-ShortlistUniform-K15-T1,42,original,BrightRetrieval,biology,0.3927
G1-R2-RL-GradedNDCG64-CP-Align070-ShortlistUniform-K15-T1-s42,G1-R2-RL-GradedNDCG64-CP-Align070-ShortlistUniform-K15-T1,42,original,BrightRetrieval,earth_science,0.3467
G1-R2-RL-GradedNDCG64-CP-Align070-ShortlistUniform-K15-T1-s42,G1-R2-RL-GradedNDCG64-CP-Align070-ShortlistUniform-K15-T1,42,original,BrightRetrieval,economics,0.2639
G1-R2-RL-GradedNDCG64-CP-Align070-ShortlistUniform-K15-T1-s42,G1-R2-RL-GradedNDCG64-CP-Align070-ShortlistUniform-K15-T1,42,original,BrightRetrieval,psychology,0.3333
G1-R2-RL-GradedNDCG64-CP-Align070-ShortlistUniform-K15-T1-s42,G1-R2-RL-GradedNDCG64-CP-Align070-ShortlistUniform-K15-T1,42,original,BrightRetrieval,robotics,0.1752
G1-R2-RL-GradedNDCG64-CP-Align070-ShortlistUniform-K15-T1-s42,G1-R2-RL-GradedNDCG64-CP-Align070-ShortlistUniform-K15-T1,42,original,BrightRetrieval,stackoverflow,0.2767
G1-R2-RL-GradedNDCG64-CP-Align070-ShortlistUniform-K15-T1-s42,G1-R2-RL-GradedNDCG64-CP-Align070-ShortlistUniform-K15-T1,42,original,BrightRetrieval,sustainable_living,0.2441
G1-R2-RL-GradedNDCG64-CP-Align070-ShortlistUniform-K15-T1-s42,G1-R2-RL-GradedNDCG64-CP-Align070-ShortlistUniform-K15-T1,42,original,BrightRetrieval,pony,0.0235
G1-R2-RL-GradedNDCG64-CP-Align070-ShortlistUniform-K15-T1-s42,G1-R2-RL-GradedNDCG64-CP-Align070-ShortlistUniform-K15-T1,42,original,BrightRetrieval,leetcode,0.1023
G1-R2-RL-GradedNDCG64-CP-Align070-ShortlistUniform-K15-T1-s42,G1-R2-RL-GradedNDCG64-CP-Align070-ShortlistUniform-K15-T1,42,original,BrightRetrieval,aops,0.0334
G1-R2-RL-GradedNDCG64-CP-Align070-ShortlistUniform-K15-T1-s42,G1-R2-RL-GradedNDCG64-CP-Align070-ShortlistUniform-K15-T1,42,original,BrightRetrieval,theoremqa_theorems,0.2978
G1-R2-RL-GradedNDCG64-CP-Align070-ShortlistUniform-K15-T1-s42,G1-R2-RL-GradedNDCG64-CP-Align070-ShortlistUniform-K15-T1,42,original,BrightRetrieval,theoremqa_questions,0.1990
G1-R2-RL-GradedNDCG64-CP-Align070-ShortlistUniform-K3-T1-Seed2026-s2026,G1-R2-RL-GradedNDCG64-CP-Align070-ShortlistUniform-K3-T1,2026,original,BrightRetrieval,biology,0.4047
G1-R2-RL-GradedNDCG64-CP-Align070-ShortlistUniform-K3-T1-Seed2026-s2026,G1-R2-RL-GradedNDCG64-CP-Align070-ShortlistUniform-K3-T1,2026,original,BrightRetrieval,earth_science,0.3675
G1-R2-RL-GradedNDCG64-CP-Align070-ShortlistUniform-K3-T1-Seed2026-s2026,G1-R2-RL-GradedNDCG64-CP-Align070-ShortlistUniform-K3-T1,2026,original,BrightRetrieval,economics,0.2729
G1-R2-RL-GradedNDCG64-CP-Align070-ShortlistUniform-K3-T1-Seed2026-s2026,G1-R2-RL-GradedNDCG64-CP-Align070-ShortlistUniform-K3-T1,2026,original,BrightRetrieval,psychology,0.3501
G1-R2-RL-GradedNDCG64-CP-Align070-ShortlistUniform-K3-T1-Seed2026-s2026,G1-R2-RL-GradedNDCG64-CP-Align070-ShortlistUniform-K3-T1,2026,original,BrightRetrieval,robotics,0.1758
G1-R2-RL-GradedNDCG64-CP-Align070-ShortlistUniform-K3-T1-Seed2026-s2026,G1-R2-RL-GradedNDCG64-CP-Align070-ShortlistUniform-K3-T1,2026,original,BrightRetrieval,stackoverflow,0.2569
G1-R2-RL-GradedNDCG64-CP-Align070-ShortlistUniform-K3-T1-Seed2026-s2026,G1-R2-RL-GradedNDCG64-CP-Align070-ShortlistUniform-K3-T1,2026,original,BrightRetrieval,sustainable_living,0.2325
G1-R2-RL-GradedNDCG64-CP-Align070-ShortlistUniform-K3-T1-Seed2026-s2026,G1-R2-RL-GradedNDCG64-CP-Align070-ShortlistUniform-K3-T1,2026,original,BrightRetrieval,pony,0.0239
G1-R2-RL-GradedNDCG64-CP-Align070-ShortlistUniform-K3-T1-Seed2026-s2026,G1-R2-RL-GradedNDCG64-CP-Align070-ShortlistUniform-K3-T1,2026,original,BrightRetrieval,leetcode,0.1032
G1-R2-RL-GradedNDCG64-CP-Align070-ShortlistUniform-K3-T1-Seed2026-s2026,G1-R2-RL-GradedNDCG64-CP-Align070-ShortlistUniform-K3-T1,2026,original,BrightRetrieval,aops,0.0280
G1-R2-RL-GradedNDCG64-CP-Align070-ShortlistUniform-K3-T1-Seed2026-s2026,G1-R2-RL-GradedNDCG64-CP-Align070-ShortlistUniform-K3-T1,2026,original,BrightRetrieval,theoremqa_theorems,0.3142
G1-R2-RL-GradedNDCG64-CP-Align070-ShortlistUniform-K3-T1-Seed2026-s2026,G1-R2-RL-GradedNDCG64-CP-Align070-ShortlistUniform-K3-T1,2026,original,BrightRetrieval,theoremqa_questions,0.1923
G1-R2-RL-GradedNDCG64-CP-Align070-ShortlistUniform-K3-T1-Seed3407-s3407,G1-R2-RL-GradedNDCG64-CP-Align070-ShortlistUniform-K3-T1,3407,original,BrightRetrieval,biology,0.3948
G1-R2-RL-GradedNDCG64-CP-Align070-ShortlistUniform-K3-T1-Seed3407-s3407,G1-R2-RL-GradedNDCG64-CP-Align070-ShortlistUniform-K3-T1,3407,original,BrightRetrieval,earth_science,0.3675
G1-R2-RL-GradedNDCG64-CP-Align070-ShortlistUniform-K3-T1-Seed3407-s3407,G1-R2-RL-GradedNDCG64-CP-Align070-ShortlistUniform-K3-T1,3407,original,BrightRetrieval,economics,0.2768
G1-R2-RL-GradedNDCG64-CP-Align070-ShortlistUniform-K3-T1-Seed3407-s3407,G1-R2-RL-GradedNDCG64-CP-Align070-ShortlistUniform-K3-T1,3407,original,BrightRetrieval,psychology,0.3396
G1-R2-RL-GradedNDCG64-CP-Align070-ShortlistUniform-K3-T1-Seed3407-s3407,G1-R2-RL-GradedNDCG64-CP-Align070-ShortlistUniform-K3-T1,3407,original,BrightRetrieval,robotics,0.1784
G1-R2-RL-GradedNDCG64-CP-Align070-ShortlistUniform-K3-T1-Seed3407-s3407,G1-R2-RL-GradedNDCG64-CP-Align070-ShortlistUniform-K3-T1,3407,original,BrightRetrieval,stackoverflow,0.2668
G1-R2-RL-GradedNDCG64-CP-Align070-ShortlistUniform-K3-T1-Seed3407-s3407,G1-R2-RL-GradedNDCG64-CP-Align070-ShortlistUniform-K3-T1,3407,original,BrightRetrieval,sustainable_living,0.2450
G1-R2-RL-GradedNDCG64-CP-Align070-ShortlistUniform-K3-T1-Seed3407-s3407,G1-R2-RL-GradedNDCG64-CP-Align070-ShortlistUniform-K3-T1,3407,original,BrightRetrieval,pony,0.0227
G1-R2-RL-GradedNDCG64-CP-Align070-ShortlistUniform-K3-T1-Seed3407-s3407,G1-R2-RL-GradedNDCG64-CP-Align070-ShortlistUniform-K3-T1,3407,original,BrightRetrieval,leetcode,0.0993
G1-R2-RL-GradedNDCG64-CP-Align070-ShortlistUniform-K3-T1-Seed3407-s3407,G1-R2-RL-GradedNDCG64-CP-Align070-ShortlistUniform-K3-T1,3407,original,BrightRetrieval,aops,0.0288
G1-R2-RL-GradedNDCG64-CP-Align070-ShortlistUniform-K3-T1-Seed3407-s3407,G1-R2-RL-GradedNDCG64-CP-Align070-ShortlistUniform-K3-T1,3407,original,BrightRetrieval,theoremqa_theorems,0.2945
G1-R2-RL-GradedNDCG64-CP-Align070-ShortlistUniform-K3-T1-Seed3407-s3407,G1-R2-RL-GradedNDCG64-CP-Align070-ShortlistUniform-K3-T1,3407,original,BrightRetrieval,theoremqa_questions,0.1968
G1-R2-RL-GradedNDCG64-CP-Align070-ShortlistUniform-K3-T1-s42,G1-R2-RL-GradedNDCG64-CP-Align070-ShortlistUniform-K3-T1,42,original,BrightRetrieval,biology,0.3998
G1-R2-RL-GradedNDCG64-CP-Align070-ShortlistUniform-K3-T1-s42,G1-R2-RL-GradedNDCG64-CP-Align070-ShortlistUniform-K3-T1,42,original,BrightRetrieval,earth_science,0.3676
G1-R2-RL-GradedNDCG64-CP-Align070-ShortlistUniform-K3-T1-s42,G1-R2-RL-GradedNDCG64-CP-Align070-ShortlistUniform-K3-T1,42,original,BrightRetrieval,economics,0.2717
G1-R2-RL-GradedNDCG64-CP-Align070-ShortlistUniform-K3-T1-s42,G1-R2-RL-GradedNDCG64-CP-Align070-ShortlistUniform-K3-T1,42,original,BrightRetrieval,psychology,0.3499
G1-R2-RL-GradedNDCG64-CP-Align070-ShortlistUniform-K3-T1-s42,G1-R2-RL-GradedNDCG64-CP-Align070-ShortlistUniform-K3-T1,42,original,BrightRetrieval,robotics,0.1802
G1-R2-RL-GradedNDCG64-CP-Align070-ShortlistUniform-K3-T1-s42,G1-R2-RL-GradedNDCG64-CP-Align070-ShortlistUniform-K3-T1,42,original,BrightRetrieval,stackoverflow,0.2653
G1-R2-RL-GradedNDCG64-CP-Align070-ShortlistUniform-K3-T1-s42,G1-R2-RL-GradedNDCG64-CP-Align070-ShortlistUniform-K3-T1,42,original,BrightRetrieval,sustainable_living,0.2320
G1-R2-RL-GradedNDCG64-CP-Align070-ShortlistUniform-K3-T1-s42,G1-R2-RL-GradedNDCG64-CP-Align070-ShortlistUniform-K3-T1,42,original,BrightRetrieval,pony,0.0223
G1-R2-RL-GradedNDCG64-CP-Align070-ShortlistUniform-K3-T1-s42,G1-R2-RL-GradedNDCG64-CP-Align070-ShortlistUniform-K3-T1,42,original,BrightRetrieval,leetcode,0.0987
G1-R2-RL-GradedNDCG64-CP-Align070-ShortlistUniform-K3-T1-s42,G1-R2-RL-GradedNDCG64-CP-Align070-ShortlistUniform-K3-T1,42,original,BrightRetrieval,aops,0.0249
G1-R2-RL-GradedNDCG64-CP-Align070-ShortlistUniform-K3-T1-s42,G1-R2-RL-GradedNDCG64-CP-Align070-ShortlistUniform-K3-T1,42,original,BrightRetrieval,theoremqa_theorems,0.2991
G1-R2-RL-GradedNDCG64-CP-Align070-ShortlistUniform-K3-T1-s42,G1-R2-RL-GradedNDCG64-CP-Align070-ShortlistUniform-K3-T1,42,original,BrightRetrieval,theoremqa_questions,0.1948
G1-R2-RL-GradedNDCG64-CP-Align070-ShortlistUniform-K7-T1-Pairwise050-Seed2026-s2026,G1-R2-RL-GradedNDCG64-CP-Align070-ShortlistUniform-K7-T1-Pairwise050,2026,original,BrightRetrieval,biology,0.4146
G1-R2-RL-GradedNDCG64-CP-Align070-ShortlistUniform-K7-T1-Pairwise050-Seed2026-s2026,G1-R2-RL-GradedNDCG64-CP-Align070-ShortlistUniform-K7-T1-Pairwise050,2026,original,BrightRetrieval,earth_science,0.3622
G1-R2-RL-GradedNDCG64-CP-Align070-ShortlistUniform-K7-T1-Pairwise050-Seed2026-s2026,G1-R2-RL-GradedNDCG64-CP-Align070-ShortlistUniform-K7-T1-Pairwise050,2026,original,BrightRetrieval,economics,0.2697
G1-R2-RL-GradedNDCG64-CP-Align070-ShortlistUniform-K7-T1-Pairwise050-Seed2026-s2026,G1-R2-RL-GradedNDCG64-CP-Align070-ShortlistUniform-K7-T1-Pairwise050,2026,original,BrightRetrieval,psychology,0.3422
G1-R2-RL-GradedNDCG64-CP-Align070-ShortlistUniform-K7-T1-Pairwise050-Seed2026-s2026,G1-R2-RL-GradedNDCG64-CP-Align070-ShortlistUniform-K7-T1-Pairwise050,2026,original,BrightRetrieval,robotics,0.1786
G1-R2-RL-GradedNDCG64-CP-Align070-ShortlistUniform-K7-T1-Pairwise050-Seed2026-s2026,G1-R2-RL-GradedNDCG64-CP-Align070-ShortlistUniform-K7-T1-Pairwise050,2026,original,BrightRetrieval,stackoverflow,0.2804
G1-R2-RL-GradedNDCG64-CP-Align070-ShortlistUniform-K7-T1-Pairwise050-Seed2026-s2026,G1-R2-RL-GradedNDCG64-CP-Align070-ShortlistUniform-K7-T1-Pairwise050,2026,original,BrightRetrieval,sustainable_living,0.2441
G1-R2-RL-GradedNDCG64-CP-Align070-ShortlistUniform-K7-T1-Pairwise050-Seed2026-s2026,G1-R2-RL-GradedNDCG64-CP-Align070-ShortlistUniform-K7-T1-Pairwise050,2026,original,BrightRetrieval,pony,0.0229
G1-R2-RL-GradedNDCG64-CP-Align070-ShortlistUniform-K7-T1-Pairwise050-Seed2026-s2026,G1-R2-RL-GradedNDCG64-CP-Align070-ShortlistUniform-K7-T1-Pairwise050,2026,original,BrightRetrieval,leetcode,0.0997
G1-R2-RL-GradedNDCG64-CP-Align070-ShortlistUniform-K7-T1-Pairwise050-Seed2026-s2026,G1-R2-RL-GradedNDCG64-CP-Align070-ShortlistUniform-K7-T1-Pairwise050,2026,original,BrightRetrieval,aops,0.0253
G1-R2-RL-GradedNDCG64-CP-Align070-ShortlistUniform-K7-T1-Pairwise050-Seed2026-s2026,G1-R2-RL-GradedNDCG64-CP-Align070-ShortlistUniform-K7-T1-Pairwise050,2026,original,BrightRetrieval,theoremqa_theorems,0.3038
G1-R2-RL-GradedNDCG64-CP-Align070-ShortlistUniform-K7-T1-Pairwise050-Seed2026-s2026,G1-R2-RL-GradedNDCG64-CP-Align070-ShortlistUniform-K7-T1-Pairwise050,2026,original,BrightRetrieval,theoremqa_questions,0.1986
G1-R2-RL-GradedNDCG64-CP-Align070-ShortlistUniform-K7-T1-Pairwise050-Seed3407-s3407,G1-R2-RL-GradedNDCG64-CP-Align070-ShortlistUniform-K7-T1-Pairwise050,3407,original,BrightRetrieval,biology,0.4275
G1-R2-RL-GradedNDCG64-CP-Align070-ShortlistUniform-K7-T1-Pairwise050-Seed3407-s3407,G1-R2-RL-GradedNDCG64-CP-Align070-ShortlistUniform-K7-T1-Pairwise050,3407,original,BrightRetrieval,earth_science,0.3661
G1-R2-RL-GradedNDCG64-CP-Align070-ShortlistUniform-K7-T1-Pairwise050-Seed3407-s3407,G1-R2-RL-GradedNDCG64-CP-Align070-ShortlistUniform-K7-T1-Pairwise050,3407,original,BrightRetrieval,economics,0.2707
G1-R2-RL-GradedNDCG64-CP-Align070-ShortlistUniform-K7-T1-Pairwise050-Seed3407-s3407,G1-R2-RL-GradedNDCG64-CP-Align070-ShortlistUniform-K7-T1-Pairwise050,3407,original,BrightRetrieval,psychology,0.3507
G1-R2-RL-GradedNDCG64-CP-Align070-ShortlistUniform-K7-T1-Pairwise050-Seed3407-s3407,G1-R2-RL-GradedNDCG64-CP-Align070-ShortlistUniform-K7-T1-Pairwise050,3407,original,BrightRetrieval,robotics,0.1746
G1-R2-RL-GradedNDCG64-CP-Align070-ShortlistUniform-K7-T1-Pairwise050-Seed3407-s3407,G1-R2-RL-GradedNDCG64-CP-Align070-ShortlistUniform-K7-T1-Pairwise050,3407,original,BrightRetrieval,stackoverflow,0.2759
G1-R2-RL-GradedNDCG64-CP-Align070-ShortlistUniform-K7-T1-Pairwise050-Seed3407-s3407,G1-R2-RL-GradedNDCG64-CP-Align070-ShortlistUniform-K7-T1-Pairwise050,3407,original,BrightRetrieval,sustainable_living,0.2446
G1-R2-RL-GradedNDCG64-CP-Align070-ShortlistUniform-K7-T1-Pairwise050-Seed3407-s3407,G1-R2-RL-GradedNDCG64-CP-Align070-ShortlistUniform-K7-T1-Pairwise050,3407,original,BrightRetrieval,pony,0.0219
G1-R2-RL-GradedNDCG64-CP-Align070-ShortlistUniform-K7-T1-Pairwise050-Seed3407-s3407,G1-R2-RL-GradedNDCG64-CP-Align070-ShortlistUniform-K7-T1-Pairwise050,3407,original,BrightRetrieval,leetcode,0.1042
G1-R2-RL-GradedNDCG64-CP-Align070-ShortlistUniform-K7-T1-Pairwise050-Seed3407-s3407,G1-R2-RL-GradedNDCG64-CP-Align070-ShortlistUniform-K7-T1-Pairwise050,3407,original,BrightRetrieval,aops,0.0247
G1-R2-RL-GradedNDCG64-CP-Align070-ShortlistUniform-K7-T1-Pairwise050-Seed3407-s3407,G1-R2-RL-GradedNDCG64-CP-Align070-ShortlistUniform-K7-T1-Pairwise050,3407,original,BrightRetrieval,theoremqa_theorems,0.3055
G1-R2-RL-GradedNDCG64-CP-Align070-ShortlistUniform-K7-T1-Pairwise050-Seed3407-s3407,G1-R2-RL-GradedNDCG64-CP-Align070-ShortlistUniform-K7-T1-Pairwise050,3407,original,BrightRetrieval,theoremqa_questions,0.1956
G1-R2-RL-GradedNDCG64-CP-Align070-ShortlistUniform-K7-T1-Pairwise050-s42,G1-R2-RL-GradedNDCG64-CP-Align070-ShortlistUniform-K7-T1-Pairwise050,42,original,BrightRetrieval,biology,0.4363
G1-R2-RL-GradedNDCG64-CP-Align070-ShortlistUniform-K7-T1-Pairwise050-s42,G1-R2-RL-GradedNDCG64-CP-Align070-ShortlistUniform-K7-T1-Pairwise050,42,original,BrightRetrieval,earth_science,0.3711
G1-R2-RL-GradedNDCG64-CP-Align070-ShortlistUniform-K7-T1-Pairwise050-s42,G1-R2-RL-GradedNDCG64-CP-Align070-ShortlistUniform-K7-T1-Pairwise050,42,original,BrightRetrieval,economics,0.2725
G1-R2-RL-GradedNDCG64-CP-Align070-ShortlistUniform-K7-T1-Pairwise050-s42,G1-R2-RL-GradedNDCG64-CP-Align070-ShortlistUniform-K7-T1-Pairwise050,42,original,BrightRetrieval,psychology,0.3412
G1-R2-RL-GradedNDCG64-CP-Align070-ShortlistUniform-K7-T1-Pairwise050-s42,G1-R2-RL-GradedNDCG64-CP-Align070-ShortlistUniform-K7-T1-Pairwise050,42,original,BrightRetrieval,robotics,0.1859
G1-R2-RL-GradedNDCG64-CP-Align070-ShortlistUniform-K7-T1-Pairwise050-s42,G1-R2-RL-GradedNDCG64-CP-Align070-ShortlistUniform-K7-T1-Pairwise050,42,original,BrightRetrieval,stackoverflow,0.2893
G1-R2-RL-GradedNDCG64-CP-Align070-ShortlistUniform-K7-T1-Pairwise050-s42,G1-R2-RL-GradedNDCG64-CP-Align070-ShortlistUniform-K7-T1-Pairwise050,42,original,BrightRetrieval,sustainable_living,0.2438
G1-R2-RL-GradedNDCG64-CP-Align070-ShortlistUniform-K7-T1-Pairwise050-s42,G1-R2-RL-GradedNDCG64-CP-Align070-ShortlistUniform-K7-T1-Pairwise050,42,original,BrightRetrieval,pony,0.0226
G1-R2-RL-GradedNDCG64-CP-Align070-ShortlistUniform-K7-T1-Pairwise050-s42,G1-R2-RL-GradedNDCG64-CP-Align070-ShortlistUniform-K7-T1-Pairwise050,42,original,BrightRetrieval,leetcode,0.0997
G1-R2-RL-GradedNDCG64-CP-Align070-ShortlistUniform-K7-T1-Pairwise050-s42,G1-R2-RL-GradedNDCG64-CP-Align070-ShortlistUniform-K7-T1-Pairwise050,42,original,BrightRetrieval,aops,0.0274
G1-R2-RL-GradedNDCG64-CP-Align070-ShortlistUniform-K7-T1-Pairwise050-s42,G1-R2-RL-GradedNDCG64-CP-Align070-ShortlistUniform-K7-T1-Pairwise050,42,original,BrightRetrieval,theoremqa_theorems,0.3057
G1-R2-RL-GradedNDCG64-CP-Align070-ShortlistUniform-K7-T1-Pairwise050-s42,G1-R2-RL-GradedNDCG64-CP-Align070-ShortlistUniform-K7-T1-Pairwise050,42,original,BrightRetrieval,theoremqa_questions,0.1951
G1-R2-RL-GradedNDCG64-CP-Align070-ShortlistUniform-K7-T1-Seed2026-s2026,G1-R2-RL-GradedNDCG64-CP-Align070-ShortlistUniform-K7-T1,2026,original,BrightRetrieval,biology,0.3947
G1-R2-RL-GradedNDCG64-CP-Align070-ShortlistUniform-K7-T1-Seed2026-s2026,G1-R2-RL-GradedNDCG64-CP-Align070-ShortlistUniform-K7-T1,2026,original,BrightRetrieval,earth_science,0.3588
G1-R2-RL-GradedNDCG64-CP-Align070-ShortlistUniform-K7-T1-Seed2026-s2026,G1-R2-RL-GradedNDCG64-CP-Align070-ShortlistUniform-K7-T1,2026,original,BrightRetrieval,economics,0.2751
G1-R2-RL-GradedNDCG64-CP-Align070-ShortlistUniform-K7-T1-Seed2026-s2026,G1-R2-RL-GradedNDCG64-CP-Align070-ShortlistUniform-K7-T1,2026,original,BrightRetrieval,psychology,0.3396
G1-R2-RL-GradedNDCG64-CP-Align070-ShortlistUniform-K7-T1-Seed2026-s2026,G1-R2-RL-GradedNDCG64-CP-Align070-ShortlistUniform-K7-T1,2026,original,BrightRetrieval,robotics,0.1757
G1-R2-RL-GradedNDCG64-CP-Align070-ShortlistUniform-K7-T1-Seed2026-s2026,G1-R2-RL-GradedNDCG64-CP-Align070-ShortlistUniform-K7-T1,2026,original,BrightRetrieval,stackoverflow,0.2615
G1-R2-RL-GradedNDCG64-CP-Align070-ShortlistUniform-K7-T1-Seed2026-s2026,G1-R2-RL-GradedNDCG64-CP-Align070-ShortlistUniform-K7-T1,2026,original,BrightRetrieval,sustainable_living,0.2328
G1-R2-RL-GradedNDCG64-CP-Align070-ShortlistUniform-K7-T1-Seed2026-s2026,G1-R2-RL-GradedNDCG64-CP-Align070-ShortlistUniform-K7-T1,2026,original,BrightRetrieval,pony,0.0235
G1-R2-RL-GradedNDCG64-CP-Align070-ShortlistUniform-K7-T1-Seed2026-s2026,G1-R2-RL-GradedNDCG64-CP-Align070-ShortlistUniform-K7-T1,2026,original,BrightRetrieval,leetcode,0.1055
G1-R2-RL-GradedNDCG64-CP-Align070-ShortlistUniform-K7-T1-Seed2026-s2026,G1-R2-RL-GradedNDCG64-CP-Align070-ShortlistUniform-K7-T1,2026,original,BrightRetrieval,aops,0.0290
G1-R2-RL-GradedNDCG64-CP-Align070-ShortlistUniform-K7-T1-Seed2026-s2026,G1-R2-RL-GradedNDCG64-CP-Align070-ShortlistUniform-K7-T1,2026,original,BrightRetrieval,theoremqa_theorems,0.3105
G1-R2-RL-GradedNDCG64-CP-Align070-ShortlistUniform-K7-T1-Seed2026-s2026,G1-R2-RL-GradedNDCG64-CP-Align070-ShortlistUniform-K7-T1,2026,original,BrightRetrieval,theoremqa_questions,0.1964
G1-R2-RL-GradedNDCG64-CP-Align070-ShortlistUniform-K7-T1-Seed3407-s3407,G1-R2-RL-GradedNDCG64-CP-Align070-ShortlistUniform-K7-T1,3407,original,BrightRetrieval,biology,0.3777
G1-R2-RL-GradedNDCG64-CP-Align070-ShortlistUniform-K7-T1-Seed3407-s3407,G1-R2-RL-GradedNDCG64-CP-Align070-ShortlistUniform-K7-T1,3407,original,BrightRetrieval,earth_science,0.3612
G1-R2-RL-GradedNDCG64-CP-Align070-ShortlistUniform-K7-T1-Seed3407-s3407,G1-R2-RL-GradedNDCG64-CP-Align070-ShortlistUniform-K7-T1,3407,original,BrightRetrieval,economics,0.2694
G1-R2-RL-GradedNDCG64-CP-Align070-ShortlistUniform-K7-T1-Seed3407-s3407,G1-R2-RL-GradedNDCG64-CP-Align070-ShortlistUniform-K7-T1,3407,original,BrightRetrieval,psychology,0.3359
G1-R2-RL-GradedNDCG64-CP-Align070-ShortlistUniform-K7-T1-Seed3407-s3407,G1-R2-RL-GradedNDCG64-CP-Align070-ShortlistUniform-K7-T1,3407,original,BrightRetrieval,robotics,0.1794
G1-R2-RL-GradedNDCG64-CP-Align070-ShortlistUniform-K7-T1-Seed3407-s3407,G1-R2-RL-GradedNDCG64-CP-Align070-ShortlistUniform-K7-T1,3407,original,BrightRetrieval,stackoverflow,0.2616
G1-R2-RL-GradedNDCG64-CP-Align070-ShortlistUniform-K7-T1-Seed3407-s3407,G1-R2-RL-GradedNDCG64-CP-Align070-ShortlistUniform-K7-T1,3407,original,BrightRetrieval,sustainable_living,0.2423
G1-R2-RL-GradedNDCG64-CP-Align070-ShortlistUniform-K7-T1-Seed3407-s3407,G1-R2-RL-GradedNDCG64-CP-Align070-ShortlistUniform-K7-T1,3407,original,BrightRetrieval,pony,0.0226
G1-R2-RL-GradedNDCG64-CP-Align070-ShortlistUniform-K7-T1-Seed3407-s3407,G1-R2-RL-GradedNDCG64-CP-Align070-ShortlistUniform-K7-T1,3407,original,BrightRetrieval,leetcode,0.0993
G1-R2-RL-GradedNDCG64-CP-Align070-ShortlistUniform-K7-T1-Seed3407-s3407,G1-R2-RL-GradedNDCG64-CP-Align070-ShortlistUniform-K7-T1,3407,original,BrightRetrieval,aops,0.0266
G1-R2-RL-GradedNDCG64-CP-Align070-ShortlistUniform-K7-T1-Seed3407-s3407,G1-R2-RL-GradedNDCG64-CP-Align070-ShortlistUniform-K7-T1,3407,original,BrightRetrieval,theoremqa_theorems,0.3087
G1-R2-RL-GradedNDCG64-CP-Align070-ShortlistUniform-K7-T1-Seed3407-s3407,G1-R2-RL-GradedNDCG64-CP-Align070-ShortlistUniform-K7-T1,3407,original,BrightRetrieval,theoremqa_questions,0.1998
G1-R2-RL-GradedNDCG64-CP-Align070-ShortlistUniform-K7-T1-s42,G1-R2-RL-GradedNDCG64-CP-Align070-ShortlistUniform-K7-T1,42,original,BrightRetrieval,biology,0.3955
G1-R2-RL-GradedNDCG64-CP-Align070-ShortlistUniform-K7-T1-s42,G1-R2-RL-GradedNDCG64-CP-Align070-ShortlistUniform-K7-T1,42,original,BrightRetrieval,earth_science,0.3631
G1-R2-RL-GradedNDCG64-CP-Align070-ShortlistUniform-K7-T1-s42,G1-R2-RL-GradedNDCG64-CP-Align070-ShortlistUniform-K7-T1,42,original,BrightRetrieval,economics,0.2649
G1-R2-RL-GradedNDCG64-CP-Align070-ShortlistUniform-K7-T1-s42,G1-R2-RL-GradedNDCG64-CP-Align070-ShortlistUniform-K7-T1,42,original,BrightRetrieval,psychology,0.3402
G1-R2-RL-GradedNDCG64-CP-Align070-ShortlistUniform-K7-T1-s42,G1-R2-RL-GradedNDCG64-CP-Align070-ShortlistUniform-K7-T1,42,original,BrightRetrieval,robotics,0.1790
G1-R2-RL-GradedNDCG64-CP-Align070-ShortlistUniform-K7-T1-s42,G1-R2-RL-GradedNDCG64-CP-Align070-ShortlistUniform-K7-T1,42,original,BrightRetrieval,stackoverflow,0.2694
G1-R2-RL-GradedNDCG64-CP-Align070-ShortlistUniform-K7-T1-s42,G1-R2-RL-GradedNDCG64-CP-Align070-ShortlistUniform-K7-T1,42,original,BrightRetrieval,sustainable_living,0.2325
G1-R2-RL-GradedNDCG64-CP-Align070-ShortlistUniform-K7-T1-s42,G1-R2-RL-GradedNDCG64-CP-Align070-ShortlistUniform-K7-T1,42,original,BrightRetrieval,pony,0.0230
G1-R2-RL-GradedNDCG64-CP-Align070-ShortlistUniform-K7-T1-s42,G1-R2-RL-GradedNDCG64-CP-Align070-ShortlistUniform-K7-T1,42,original,BrightRetrieval,leetcode,0.1035
G1-R2-RL-GradedNDCG64-CP-Align070-ShortlistUniform-K7-T1-s42,G1-R2-RL-GradedNDCG64-CP-Align070-ShortlistUniform-K7-T1,42,original,BrightRetrieval,aops,0.0282
G1-R2-RL-GradedNDCG64-CP-Align070-ShortlistUniform-K7-T1-s42,G1-R2-RL-GradedNDCG64-CP-Align070-ShortlistUniform-K7-T1,42,original,BrightRetrieval,theoremqa_theorems,0.3065
G1-R2-RL-GradedNDCG64-CP-Align070-ShortlistUniform-K7-T1-s42,G1-R2-RL-GradedNDCG64-CP-Align070-ShortlistUniform-K7-T1,42,original,BrightRetrieval,theoremqa_questions,0.1985
G1-R2-RL-GradedNDCG64-CP-Align080-ShortlistUniform-K0-T1-Pairwise050-Seed2026-s2026,G1-R2-RL-GradedNDCG64-CP-Align080-ShortlistUniform-K0-T1-Pairwise050,2026,original,BrightRetrieval,biology,0.4504
G1-R2-RL-GradedNDCG64-CP-Align080-ShortlistUniform-K0-T1-Pairwise050-Seed2026-s2026,G1-R2-RL-GradedNDCG64-CP-Align080-ShortlistUniform-K0-T1-Pairwise050,2026,original,BrightRetrieval,earth_science,0.3723
G1-R2-RL-GradedNDCG64-CP-Align080-ShortlistUniform-K0-T1-Pairwise050-Seed2026-s2026,G1-R2-RL-GradedNDCG64-CP-Align080-ShortlistUniform-K0-T1-Pairwise050,2026,original,BrightRetrieval,economics,0.2793
G1-R2-RL-GradedNDCG64-CP-Align080-ShortlistUniform-K0-T1-Pairwise050-Seed2026-s2026,G1-R2-RL-GradedNDCG64-CP-Align080-ShortlistUniform-K0-T1-Pairwise050,2026,original,BrightRetrieval,psychology,0.3293
G1-R2-RL-GradedNDCG64-CP-Align080-ShortlistUniform-K0-T1-Pairwise050-Seed2026-s2026,G1-R2-RL-GradedNDCG64-CP-Align080-ShortlistUniform-K0-T1-Pairwise050,2026,original,BrightRetrieval,robotics,0.1943
G1-R2-RL-GradedNDCG64-CP-Align080-ShortlistUniform-K0-T1-Pairwise050-Seed2026-s2026,G1-R2-RL-GradedNDCG64-CP-Align080-ShortlistUniform-K0-T1-Pairwise050,2026,original,BrightRetrieval,stackoverflow,0.2778
G1-R2-RL-GradedNDCG64-CP-Align080-ShortlistUniform-K0-T1-Pairwise050-Seed2026-s2026,G1-R2-RL-GradedNDCG64-CP-Align080-ShortlistUniform-K0-T1-Pairwise050,2026,original,BrightRetrieval,sustainable_living,0.2395
G1-R2-RL-GradedNDCG64-CP-Align080-ShortlistUniform-K0-T1-Pairwise050-Seed2026-s2026,G1-R2-RL-GradedNDCG64-CP-Align080-ShortlistUniform-K0-T1-Pairwise050,2026,original,BrightRetrieval,pony,0.0195
G1-R2-RL-GradedNDCG64-CP-Align080-ShortlistUniform-K0-T1-Pairwise050-Seed2026-s2026,G1-R2-RL-GradedNDCG64-CP-Align080-ShortlistUniform-K0-T1-Pairwise050,2026,original,BrightRetrieval,leetcode,0.1024
G1-R2-RL-GradedNDCG64-CP-Align080-ShortlistUniform-K0-T1-Pairwise050-Seed2026-s2026,G1-R2-RL-GradedNDCG64-CP-Align080-ShortlistUniform-K0-T1-Pairwise050,2026,original,BrightRetrieval,aops,0.0199
G1-R2-RL-GradedNDCG64-CP-Align080-ShortlistUniform-K0-T1-Pairwise050-Seed2026-s2026,G1-R2-RL-GradedNDCG64-CP-Align080-ShortlistUniform-K0-T1-Pairwise050,2026,original,BrightRetrieval,theoremqa_theorems,0.3044
G1-R2-RL-GradedNDCG64-CP-Align080-ShortlistUniform-K0-T1-Pairwise050-Seed2026-s2026,G1-R2-RL-GradedNDCG64-CP-Align080-ShortlistUniform-K0-T1-Pairwise050,2026,original,BrightRetrieval,theoremqa_questions,0.1920
G1-R2-RL-GradedNDCG64-CP-Align080-ShortlistUniform-K0-T1-Pairwise050-Seed3407-s3407,G1-R2-RL-GradedNDCG64-CP-Align080-ShortlistUniform-K0-T1-Pairwise050,3407,original,BrightRetrieval,biology,0.4559
G1-R2-RL-GradedNDCG64-CP-Align080-ShortlistUniform-K0-T1-Pairwise050-Seed3407-s3407,G1-R2-RL-GradedNDCG64-CP-Align080-ShortlistUniform-K0-T1-Pairwise050,3407,original,BrightRetrieval,earth_science,0.3835
G1-R2-RL-GradedNDCG64-CP-Align080-ShortlistUniform-K0-T1-Pairwise050-Seed3407-s3407,G1-R2-RL-GradedNDCG64-CP-Align080-ShortlistUniform-K0-T1-Pairwise050,3407,original,BrightRetrieval,economics,0.2879
G1-R2-RL-GradedNDCG64-CP-Align080-ShortlistUniform-K0-T1-Pairwise050-Seed3407-s3407,G1-R2-RL-GradedNDCG64-CP-Align080-ShortlistUniform-K0-T1-Pairwise050,3407,original,BrightRetrieval,psychology,0.3464
G1-R2-RL-GradedNDCG64-CP-Align080-ShortlistUniform-K0-T1-Pairwise050-Seed3407-s3407,G1-R2-RL-GradedNDCG64-CP-Align080-ShortlistUniform-K0-T1-Pairwise050,3407,original,BrightRetrieval,robotics,0.1950
G1-R2-RL-GradedNDCG64-CP-Align080-ShortlistUniform-K0-T1-Pairwise050-Seed3407-s3407,G1-R2-RL-GradedNDCG64-CP-Align080-ShortlistUniform-K0-T1-Pairwise050,3407,original,BrightRetrieval,stackoverflow,0.2862
G1-R2-RL-GradedNDCG64-CP-Align080-ShortlistUniform-K0-T1-Pairwise050-Seed3407-s3407,G1-R2-RL-GradedNDCG64-CP-Align080-ShortlistUniform-K0-T1-Pairwise050,3407,original,BrightRetrieval,sustainable_living,0.2605
G1-R2-RL-GradedNDCG64-CP-Align080-ShortlistUniform-K0-T1-Pairwise050-Seed3407-s3407,G1-R2-RL-GradedNDCG64-CP-Align080-ShortlistUniform-K0-T1-Pairwise050,3407,original,BrightRetrieval,pony,0.0210
G1-R2-RL-GradedNDCG64-CP-Align080-ShortlistUniform-K0-T1-Pairwise050-Seed3407-s3407,G1-R2-RL-GradedNDCG64-CP-Align080-ShortlistUniform-K0-T1-Pairwise050,3407,original,BrightRetrieval,leetcode,0.0970
G1-R2-RL-GradedNDCG64-CP-Align080-ShortlistUniform-K0-T1-Pairwise050-Seed3407-s3407,G1-R2-RL-GradedNDCG64-CP-Align080-ShortlistUniform-K0-T1-Pairwise050,3407,original,BrightRetrieval,aops,0.0242
G1-R2-RL-GradedNDCG64-CP-Align080-ShortlistUniform-K0-T1-Pairwise050-Seed3407-s3407,G1-R2-RL-GradedNDCG64-CP-Align080-ShortlistUniform-K0-T1-Pairwise050,3407,original,BrightRetrieval,theoremqa_theorems,0.2910
G1-R2-RL-GradedNDCG64-CP-Align080-ShortlistUniform-K0-T1-Pairwise050-Seed3407-s3407,G1-R2-RL-GradedNDCG64-CP-Align080-ShortlistUniform-K0-T1-Pairwise050,3407,original,BrightRetrieval,theoremqa_questions,0.1878
G1-R2-RL-GradedNDCG64-CP-Align080-ShortlistUniform-K0-T1-Pairwise050-s42,G1-R2-RL-GradedNDCG64-CP-Align080-ShortlistUniform-K0-T1-Pairwise050,42,original,BrightRetrieval,biology,0.4472
G1-R2-RL-GradedNDCG64-CP-Align080-ShortlistUniform-K0-T1-Pairwise050-s42,G1-R2-RL-GradedNDCG64-CP-Align080-ShortlistUniform-K0-T1-Pairwise050,42,original,BrightRetrieval,earth_science,0.3683
G1-R2-RL-GradedNDCG64-CP-Align080-ShortlistUniform-K0-T1-Pairwise050-s42,G1-R2-RL-GradedNDCG64-CP-Align080-ShortlistUniform-K0-T1-Pairwise050,42,original,BrightRetrieval,economics,0.2918
G1-R2-RL-GradedNDCG64-CP-Align080-ShortlistUniform-K0-T1-Pairwise050-s42,G1-R2-RL-GradedNDCG64-CP-Align080-ShortlistUniform-K0-T1-Pairwise050,42,original,BrightRetrieval,psychology,0.3543
G1-R2-RL-GradedNDCG64-CP-Align080-ShortlistUniform-K0-T1-Pairwise050-s42,G1-R2-RL-GradedNDCG64-CP-Align080-ShortlistUniform-K0-T1-Pairwise050,42,original,BrightRetrieval,robotics,0.1982
G1-R2-RL-GradedNDCG64-CP-Align080-ShortlistUniform-K0-T1-Pairwise050-s42,G1-R2-RL-GradedNDCG64-CP-Align080-ShortlistUniform-K0-T1-Pairwise050,42,original,BrightRetrieval,stackoverflow,0.2958
G1-R2-RL-GradedNDCG64-CP-Align080-ShortlistUniform-K0-T1-Pairwise050-s42,G1-R2-RL-GradedNDCG64-CP-Align080-ShortlistUniform-K0-T1-Pairwise050,42,original,BrightRetrieval,sustainable_living,0.2481
G1-R2-RL-GradedNDCG64-CP-Align080-ShortlistUniform-K0-T1-Pairwise050-s42,G1-R2-RL-GradedNDCG64-CP-Align080-ShortlistUniform-K0-T1-Pairwise050,42,original,BrightRetrieval,pony,0.0206
G1-R2-RL-GradedNDCG64-CP-Align080-ShortlistUniform-K0-T1-Pairwise050-s42,G1-R2-RL-GradedNDCG64-CP-Align080-ShortlistUniform-K0-T1-Pairwise050,42,original,BrightRetrieval,leetcode,0.1011
G1-R2-RL-GradedNDCG64-CP-Align080-ShortlistUniform-K0-T1-Pairwise050-s42,G1-R2-RL-GradedNDCG64-CP-Align080-ShortlistUniform-K0-T1-Pairwise050,42,original,BrightRetrieval,aops,0.0210
G1-R2-RL-GradedNDCG64-CP-Align080-ShortlistUniform-K0-T1-Pairwise050-s42,G1-R2-RL-GradedNDCG64-CP-Align080-ShortlistUniform-K0-T1-Pairwise050,42,original,BrightRetrieval,theoremqa_theorems,0.2914
G1-R2-RL-GradedNDCG64-CP-Align080-ShortlistUniform-K0-T1-Pairwise050-s42,G1-R2-RL-GradedNDCG64-CP-Align080-ShortlistUniform-K0-T1-Pairwise050,42,original,BrightRetrieval,theoremqa_questions,0.1914
G1-R2-RL-GradedNDCG64-CP-Align090-ShortlistUniform-K0-T1-Pairwise050-Seed2026-s2026,G1-R2-RL-GradedNDCG64-CP-Align090-ShortlistUniform-K0-T1-Pairwise050,2026,original,BrightRetrieval,biology,0.4286
G1-R2-RL-GradedNDCG64-CP-Align090-ShortlistUniform-K0-T1-Pairwise050-Seed2026-s2026,G1-R2-RL-GradedNDCG64-CP-Align090-ShortlistUniform-K0-T1-Pairwise050,2026,original,BrightRetrieval,earth_science,0.3629
G1-R2-RL-GradedNDCG64-CP-Align090-ShortlistUniform-K0-T1-Pairwise050-Seed2026-s2026,G1-R2-RL-GradedNDCG64-CP-Align090-ShortlistUniform-K0-T1-Pairwise050,2026,original,BrightRetrieval,economics,0.2725
G1-R2-RL-GradedNDCG64-CP-Align090-ShortlistUniform-K0-T1-Pairwise050-Seed2026-s2026,G1-R2-RL-GradedNDCG64-CP-Align090-ShortlistUniform-K0-T1-Pairwise050,2026,original,BrightRetrieval,psychology,0.3338
G1-R2-RL-GradedNDCG64-CP-Align090-ShortlistUniform-K0-T1-Pairwise050-Seed2026-s2026,G1-R2-RL-GradedNDCG64-CP-Align090-ShortlistUniform-K0-T1-Pairwise050,2026,original,BrightRetrieval,robotics,0.1821
G1-R2-RL-GradedNDCG64-CP-Align090-ShortlistUniform-K0-T1-Pairwise050-Seed2026-s2026,G1-R2-RL-GradedNDCG64-CP-Align090-ShortlistUniform-K0-T1-Pairwise050,2026,original,BrightRetrieval,stackoverflow,0.2813
G1-R2-RL-GradedNDCG64-CP-Align090-ShortlistUniform-K0-T1-Pairwise050-Seed2026-s2026,G1-R2-RL-GradedNDCG64-CP-Align090-ShortlistUniform-K0-T1-Pairwise050,2026,original,BrightRetrieval,sustainable_living,0.2377
G1-R2-RL-GradedNDCG64-CP-Align090-ShortlistUniform-K0-T1-Pairwise050-Seed2026-s2026,G1-R2-RL-GradedNDCG64-CP-Align090-ShortlistUniform-K0-T1-Pairwise050,2026,original,BrightRetrieval,pony,0.0188
G1-R2-RL-GradedNDCG64-CP-Align090-ShortlistUniform-K0-T1-Pairwise050-Seed2026-s2026,G1-R2-RL-GradedNDCG64-CP-Align090-ShortlistUniform-K0-T1-Pairwise050,2026,original,BrightRetrieval,leetcode,0.1084
G1-R2-RL-GradedNDCG64-CP-Align090-ShortlistUniform-K0-T1-Pairwise050-Seed2026-s2026,G1-R2-RL-GradedNDCG64-CP-Align090-ShortlistUniform-K0-T1-Pairwise050,2026,original,BrightRetrieval,aops,0.0219
G1-R2-RL-GradedNDCG64-CP-Align090-ShortlistUniform-K0-T1-Pairwise050-Seed2026-s2026,G1-R2-RL-GradedNDCG64-CP-Align090-ShortlistUniform-K0-T1-Pairwise050,2026,original,BrightRetrieval,theoremqa_theorems,0.3098
G1-R2-RL-GradedNDCG64-CP-Align090-ShortlistUniform-K0-T1-Pairwise050-Seed2026-s2026,G1-R2-RL-GradedNDCG64-CP-Align090-ShortlistUniform-K0-T1-Pairwise050,2026,original,BrightRetrieval,theoremqa_questions,0.1973
G1-R2-RL-GradedNDCG64-CP-Align090-ShortlistUniform-K0-T1-Pairwise050-Seed3407-s3407,G1-R2-RL-GradedNDCG64-CP-Align090-ShortlistUniform-K0-T1-Pairwise050,3407,original,BrightRetrieval,biology,0.4136
G1-R2-RL-GradedNDCG64-CP-Align090-ShortlistUniform-K0-T1-Pairwise050-Seed3407-s3407,G1-R2-RL-GradedNDCG64-CP-Align090-ShortlistUniform-K0-T1-Pairwise050,3407,original,BrightRetrieval,earth_science,0.3816
G1-R2-RL-GradedNDCG64-CP-Align090-ShortlistUniform-K0-T1-Pairwise050-Seed3407-s3407,G1-R2-RL-GradedNDCG64-CP-Align090-ShortlistUniform-K0-T1-Pairwise050,3407,original,BrightRetrieval,economics,0.2876
G1-R2-RL-GradedNDCG64-CP-Align090-ShortlistUniform-K0-T1-Pairwise050-Seed3407-s3407,G1-R2-RL-GradedNDCG64-CP-Align090-ShortlistUniform-K0-T1-Pairwise050,3407,original,BrightRetrieval,psychology,0.3438
G1-R2-RL-GradedNDCG64-CP-Align090-ShortlistUniform-K0-T1-Pairwise050-Seed3407-s3407,G1-R2-RL-GradedNDCG64-CP-Align090-ShortlistUniform-K0-T1-Pairwise050,3407,original,BrightRetrieval,robotics,0.2001
G1-R2-RL-GradedNDCG64-CP-Align090-ShortlistUniform-K0-T1-Pairwise050-Seed3407-s3407,G1-R2-RL-GradedNDCG64-CP-Align090-ShortlistUniform-K0-T1-Pairwise050,3407,original,BrightRetrieval,stackoverflow,0.2743
G1-R2-RL-GradedNDCG64-CP-Align090-ShortlistUniform-K0-T1-Pairwise050-Seed3407-s3407,G1-R2-RL-GradedNDCG64-CP-Align090-ShortlistUniform-K0-T1-Pairwise050,3407,original,BrightRetrieval,sustainable_living,0.2532
G1-R2-RL-GradedNDCG64-CP-Align090-ShortlistUniform-K0-T1-Pairwise050-Seed3407-s3407,G1-R2-RL-GradedNDCG64-CP-Align090-ShortlistUniform-K0-T1-Pairwise050,3407,original,BrightRetrieval,pony,0.0196
G1-R2-RL-GradedNDCG64-CP-Align090-ShortlistUniform-K0-T1-Pairwise050-Seed3407-s3407,G1-R2-RL-GradedNDCG64-CP-Align090-ShortlistUniform-K0-T1-Pairwise050,3407,original,BrightRetrieval,leetcode,0.0999
G1-R2-RL-GradedNDCG64-CP-Align090-ShortlistUniform-K0-T1-Pairwise050-Seed3407-s3407,G1-R2-RL-GradedNDCG64-CP-Align090-ShortlistUniform-K0-T1-Pairwise050,3407,original,BrightRetrieval,aops,0.0225
G1-R2-RL-GradedNDCG64-CP-Align090-ShortlistUniform-K0-T1-Pairwise050-Seed3407-s3407,G1-R2-RL-GradedNDCG64-CP-Align090-ShortlistUniform-K0-T1-Pairwise050,3407,original,BrightRetrieval,theoremqa_theorems,0.3061
G1-R2-RL-GradedNDCG64-CP-Align090-ShortlistUniform-K0-T1-Pairwise050-Seed3407-s3407,G1-R2-RL-GradedNDCG64-CP-Align090-ShortlistUniform-K0-T1-Pairwise050,3407,original,BrightRetrieval,theoremqa_questions,0.1939
G1-R2-RL-GradedNDCG64-CP-Align090-ShortlistUniform-K0-T1-Pairwise050-s42,G1-R2-RL-GradedNDCG64-CP-Align090-ShortlistUniform-K0-T1-Pairwise050,42,original,BrightRetrieval,biology,0.4287
G1-R2-RL-GradedNDCG64-CP-Align090-ShortlistUniform-K0-T1-Pairwise050-s42,G1-R2-RL-GradedNDCG64-CP-Align090-ShortlistUniform-K0-T1-Pairwise050,42,original,BrightRetrieval,earth_science,0.3697
G1-R2-RL-GradedNDCG64-CP-Align090-ShortlistUniform-K0-T1-Pairwise050-s42,G1-R2-RL-GradedNDCG64-CP-Align090-ShortlistUniform-K0-T1-Pairwise050,42,original,BrightRetrieval,economics,0.2848
G1-R2-RL-GradedNDCG64-CP-Align090-ShortlistUniform-K0-T1-Pairwise050-s42,G1-R2-RL-GradedNDCG64-CP-Align090-ShortlistUniform-K0-T1-Pairwise050,42,original,BrightRetrieval,psychology,0.3366
G1-R2-RL-GradedNDCG64-CP-Align090-ShortlistUniform-K0-T1-Pairwise050-s42,G1-R2-RL-GradedNDCG64-CP-Align090-ShortlistUniform-K0-T1-Pairwise050,42,original,BrightRetrieval,robotics,0.1914
G1-R2-RL-GradedNDCG64-CP-Align090-ShortlistUniform-K0-T1-Pairwise050-s42,G1-R2-RL-GradedNDCG64-CP-Align090-ShortlistUniform-K0-T1-Pairwise050,42,original,BrightRetrieval,stackoverflow,0.2908
G1-R2-RL-GradedNDCG64-CP-Align090-ShortlistUniform-K0-T1-Pairwise050-s42,G1-R2-RL-GradedNDCG64-CP-Align090-ShortlistUniform-K0-T1-Pairwise050,42,original,BrightRetrieval,sustainable_living,0.2467
G1-R2-RL-GradedNDCG64-CP-Align090-ShortlistUniform-K0-T1-Pairwise050-s42,G1-R2-RL-GradedNDCG64-CP-Align090-ShortlistUniform-K0-T1-Pairwise050,42,original,BrightRetrieval,pony,0.0208
G1-R2-RL-GradedNDCG64-CP-Align090-ShortlistUniform-K0-T1-Pairwise050-s42,G1-R2-RL-GradedNDCG64-CP-Align090-ShortlistUniform-K0-T1-Pairwise050,42,original,BrightRetrieval,leetcode,0.1021
G1-R2-RL-GradedNDCG64-CP-Align090-ShortlistUniform-K0-T1-Pairwise050-s42,G1-R2-RL-GradedNDCG64-CP-Align090-ShortlistUniform-K0-T1-Pairwise050,42,original,BrightRetrieval,aops,0.0221
G1-R2-RL-GradedNDCG64-CP-Align090-ShortlistUniform-K0-T1-Pairwise050-s42,G1-R2-RL-GradedNDCG64-CP-Align090-ShortlistUniform-K0-T1-Pairwise050,42,original,BrightRetrieval,theoremqa_theorems,0.3020
G1-R2-RL-GradedNDCG64-CP-Align090-ShortlistUniform-K0-T1-Pairwise050-s42,G1-R2-RL-GradedNDCG64-CP-Align090-ShortlistUniform-K0-T1-Pairwise050,42,original,BrightRetrieval,theoremqa_questions,0.1949
G1-R2-RL-GradedNDCG64-SF-Align070-OwnCandidates-DocOnly-Seed2026-s2026,G1-R2-RL-GradedNDCG64-SF-Align070-OwnCandidates-DocOnly,2026,original,BrightRetrieval,biology,0.1851
G1-R2-RL-GradedNDCG64-SF-Align070-OwnCandidates-DocOnly-Seed2026-s2026,G1-R2-RL-GradedNDCG64-SF-Align070-OwnCandidates-DocOnly,2026,original,BrightRetrieval,earth_science,0.3099
G1-R2-RL-GradedNDCG64-SF-Align070-OwnCandidates-DocOnly-Seed2026-s2026,G1-R2-RL-GradedNDCG64-SF-Align070-OwnCandidates-DocOnly,2026,original,BrightRetrieval,economics,0.2179
G1-R2-RL-GradedNDCG64-SF-Align070-OwnCandidates-DocOnly-Seed2026-s2026,G1-R2-RL-GradedNDCG64-SF-Align070-OwnCandidates-DocOnly,2026,original,BrightRetrieval,psychology,0.2163
G1-R2-RL-GradedNDCG64-SF-Align070-OwnCandidates-DocOnly-Seed2026-s2026,G1-R2-RL-GradedNDCG64-SF-Align070-OwnCandidates-DocOnly,2026,original,BrightRetrieval,robotics,0.1489
G1-R2-RL-GradedNDCG64-SF-Align070-OwnCandidates-DocOnly-Seed2026-s2026,G1-R2-RL-GradedNDCG64-SF-Align070-OwnCandidates-DocOnly,2026,original,BrightRetrieval,stackoverflow,0.1680
G1-R2-RL-GradedNDCG64-SF-Align070-OwnCandidates-DocOnly-Seed2026-s2026,G1-R2-RL-GradedNDCG64-SF-Align070-OwnCandidates-DocOnly,2026,original,BrightRetrieval,sustainable_living,0.1560
G1-R2-RL-GradedNDCG64-SF-Align070-OwnCandidates-DocOnly-Seed2026-s2026,G1-R2-RL-GradedNDCG64-SF-Align070-OwnCandidates-DocOnly,2026,original,BrightRetrieval,pony,0.0144
G1-R2-RL-GradedNDCG64-SF-Align070-OwnCandidates-DocOnly-Seed2026-s2026,G1-R2-RL-GradedNDCG64-SF-Align070-OwnCandidates-DocOnly,2026,original,BrightRetrieval,leetcode,0.1052
G1-R2-RL-GradedNDCG64-SF-Align070-OwnCandidates-DocOnly-Seed2026-s2026,G1-R2-RL-GradedNDCG64-SF-Align070-OwnCandidates-DocOnly,2026,original,BrightRetrieval,aops,0.0218
G1-R2-RL-GradedNDCG64-SF-Align070-OwnCandidates-DocOnly-Seed2026-s2026,G1-R2-RL-GradedNDCG64-SF-Align070-OwnCandidates-DocOnly,2026,original,BrightRetrieval,theoremqa_theorems,0.3349
G1-R2-RL-GradedNDCG64-SF-Align070-OwnCandidates-DocOnly-Seed2026-s2026,G1-R2-RL-GradedNDCG64-SF-Align070-OwnCandidates-DocOnly,2026,original,BrightRetrieval,theoremqa_questions,0.1641
G1-R2-RL-GradedNDCG64-SF-Align070-OwnCandidates-DocOnly-Seed3407-s3407,G1-R2-RL-GradedNDCG64-SF-Align070-OwnCandidates-DocOnly,3407,original,BrightRetrieval,biology,0.2632
G1-R2-RL-GradedNDCG64-SF-Align070-OwnCandidates-DocOnly-Seed3407-s3407,G1-R2-RL-GradedNDCG64-SF-Align070-OwnCandidates-DocOnly,3407,original,BrightRetrieval,earth_science,0.3368
G1-R2-RL-GradedNDCG64-SF-Align070-OwnCandidates-DocOnly-Seed3407-s3407,G1-R2-RL-GradedNDCG64-SF-Align070-OwnCandidates-DocOnly,3407,original,BrightRetrieval,economics,0.2699
G1-R2-RL-GradedNDCG64-SF-Align070-OwnCandidates-DocOnly-Seed3407-s3407,G1-R2-RL-GradedNDCG64-SF-Align070-OwnCandidates-DocOnly,3407,original,BrightRetrieval,psychology,0.2962
G1-R2-RL-GradedNDCG64-SF-Align070-OwnCandidates-DocOnly-Seed3407-s3407,G1-R2-RL-GradedNDCG64-SF-Align070-OwnCandidates-DocOnly,3407,original,BrightRetrieval,robotics,0.1337
G1-R2-RL-GradedNDCG64-SF-Align070-OwnCandidates-DocOnly-Seed3407-s3407,G1-R2-RL-GradedNDCG64-SF-Align070-OwnCandidates-DocOnly,3407,original,BrightRetrieval,stackoverflow,0.2039
G1-R2-RL-GradedNDCG64-SF-Align070-OwnCandidates-DocOnly-Seed3407-s3407,G1-R2-RL-GradedNDCG64-SF-Align070-OwnCandidates-DocOnly,3407,original,BrightRetrieval,sustainable_living,0.2119
G1-R2-RL-GradedNDCG64-SF-Align070-OwnCandidates-DocOnly-Seed3407-s3407,G1-R2-RL-GradedNDCG64-SF-Align070-OwnCandidates-DocOnly,3407,original,BrightRetrieval,pony,0.0081
G1-R2-RL-GradedNDCG64-SF-Align070-OwnCandidates-DocOnly-Seed3407-s3407,G1-R2-RL-GradedNDCG64-SF-Align070-OwnCandidates-DocOnly,3407,original,BrightRetrieval,leetcode,0.1078
G1-R2-RL-GradedNDCG64-SF-Align070-OwnCandidates-DocOnly-Seed3407-s3407,G1-R2-RL-GradedNDCG64-SF-Align070-OwnCandidates-DocOnly,3407,original,BrightRetrieval,aops,0.0236
G1-R2-RL-GradedNDCG64-SF-Align070-OwnCandidates-DocOnly-Seed3407-s3407,G1-R2-RL-GradedNDCG64-SF-Align070-OwnCandidates-DocOnly,3407,original,BrightRetrieval,theoremqa_theorems,0.3750
G1-R2-RL-GradedNDCG64-SF-Align070-OwnCandidates-DocOnly-Seed3407-s3407,G1-R2-RL-GradedNDCG64-SF-Align070-OwnCandidates-DocOnly,3407,original,BrightRetrieval,theoremqa_questions,0.1831
G1-R2-RL-GradedNDCG64-SF-Align070-OwnCandidates-DocOnly-s42,G1-R2-RL-GradedNDCG64-SF-Align070-OwnCandidates-DocOnly,42,original,BrightRetrieval,biology,0.1823
G1-R2-RL-GradedNDCG64-SF-Align070-OwnCandidates-DocOnly-s42,G1-R2-RL-GradedNDCG64-SF-Align070-OwnCandidates-DocOnly,42,original,BrightRetrieval,earth_science,0.3133
G1-R2-RL-GradedNDCG64-SF-Align070-OwnCandidates-DocOnly-s42,G1-R2-RL-GradedNDCG64-SF-Align070-OwnCandidates-DocOnly,42,original,BrightRetrieval,economics,0.2500
G1-R2-RL-GradedNDCG64-SF-Align070-OwnCandidates-DocOnly-s42,G1-R2-RL-GradedNDCG64-SF-Align070-OwnCandidates-DocOnly,42,original,BrightRetrieval,psychology,0.2597
G1-R2-RL-GradedNDCG64-SF-Align070-OwnCandidates-DocOnly-s42,G1-R2-RL-GradedNDCG64-SF-Align070-OwnCandidates-DocOnly,42,original,BrightRetrieval,robotics,0.1506
G1-R2-RL-GradedNDCG64-SF-Align070-OwnCandidates-DocOnly-s42,G1-R2-RL-GradedNDCG64-SF-Align070-OwnCandidates-DocOnly,42,original,BrightRetrieval,stackoverflow,0.1900
G1-R2-RL-GradedNDCG64-SF-Align070-OwnCandidates-DocOnly-s42,G1-R2-RL-GradedNDCG64-SF-Align070-OwnCandidates-DocOnly,42,original,BrightRetrieval,sustainable_living,0.1766
G1-R2-RL-GradedNDCG64-SF-Align070-OwnCandidates-DocOnly-s42,G1-R2-RL-GradedNDCG64-SF-Align070-OwnCandidates-DocOnly,42,original,BrightRetrieval,pony,0.0112
G1-R2-RL-GradedNDCG64-SF-Align070-OwnCandidates-DocOnly-s42,G1-R2-RL-GradedNDCG64-SF-Align070-OwnCandidates-DocOnly,42,original,BrightRetrieval,leetcode,0.1121
G1-R2-RL-GradedNDCG64-SF-Align070-OwnCandidates-DocOnly-s42,G1-R2-RL-GradedNDCG64-SF-Align070-OwnCandidates-DocOnly,42,original,BrightRetrieval,aops,0.0296
G1-R2-RL-GradedNDCG64-SF-Align070-OwnCandidates-DocOnly-s42,G1-R2-RL-GradedNDCG64-SF-Align070-OwnCandidates-DocOnly,42,original,BrightRetrieval,theoremqa_theorems,0.3341
G1-R2-RL-GradedNDCG64-SF-Align070-OwnCandidates-DocOnly-s42,G1-R2-RL-GradedNDCG64-SF-Align070-OwnCandidates-DocOnly,42,original,BrightRetrieval,theoremqa_questions,0.1767
G1-R2-RL-GradedNDCG64-SF-Align070-OwnCandidates-Paired-Seed2026-s2026,G1-R2-RL-GradedNDCG64-SF-Align070-OwnCandidates-Paired,2026,original,BrightRetrieval,biology,0.1866
G1-R2-RL-GradedNDCG64-SF-Align070-OwnCandidates-Paired-Seed2026-s2026,G1-R2-RL-GradedNDCG64-SF-Align070-OwnCandidates-Paired,2026,original,BrightRetrieval,earth_science,0.2756
G1-R2-RL-GradedNDCG64-SF-Align070-OwnCandidates-Paired-Seed2026-s2026,G1-R2-RL-GradedNDCG64-SF-Align070-OwnCandidates-Paired,2026,original,BrightRetrieval,economics,0.2472
G1-R2-RL-GradedNDCG64-SF-Align070-OwnCandidates-Paired-Seed2026-s2026,G1-R2-RL-GradedNDCG64-SF-Align070-OwnCandidates-Paired,2026,original,BrightRetrieval,psychology,0.2572
G1-R2-RL-GradedNDCG64-SF-Align070-OwnCandidates-Paired-Seed2026-s2026,G1-R2-RL-GradedNDCG64-SF-Align070-OwnCandidates-Paired,2026,original,BrightRetrieval,robotics,0.1404
G1-R2-RL-GradedNDCG64-SF-Align070-OwnCandidates-Paired-Seed2026-s2026,G1-R2-RL-GradedNDCG64-SF-Align070-OwnCandidates-Paired,2026,original,BrightRetrieval,stackoverflow,0.2073
G1-R2-RL-GradedNDCG64-SF-Align070-OwnCandidates-Paired-Seed2026-s2026,G1-R2-RL-GradedNDCG64-SF-Align070-OwnCandidates-Paired,2026,original,BrightRetrieval,sustainable_living,0.2147
G1-R2-RL-GradedNDCG64-SF-Align070-OwnCandidates-Paired-Seed2026-s2026,G1-R2-RL-GradedNDCG64-SF-Align070-OwnCandidates-Paired,2026,original,BrightRetrieval,pony,0.0139
G1-R2-RL-GradedNDCG64-SF-Align070-OwnCandidates-Paired-Seed2026-s2026,G1-R2-RL-GradedNDCG64-SF-Align070-OwnCandidates-Paired,2026,original,BrightRetrieval,leetcode,0.1265
G1-R2-RL-GradedNDCG64-SF-Align070-OwnCandidates-Paired-Seed2026-s2026,G1-R2-RL-GradedNDCG64-SF-Align070-OwnCandidates-Paired,2026,original,BrightRetrieval,aops,0.0338
G1-R2-RL-GradedNDCG64-SF-Align070-OwnCandidates-Paired-Seed2026-s2026,G1-R2-RL-GradedNDCG64-SF-Align070-OwnCandidates-Paired,2026,original,BrightRetrieval,theoremqa_theorems,0.3049
G1-R2-RL-GradedNDCG64-SF-Align070-OwnCandidates-Paired-Seed2026-s2026,G1-R2-RL-GradedNDCG64-SF-Align070-OwnCandidates-Paired,2026,original,BrightRetrieval,theoremqa_questions,0.1837
G1-R2-RL-GradedNDCG64-SF-Align070-OwnCandidates-Paired-Seed3407-s3407,G1-R2-RL-GradedNDCG64-SF-Align070-OwnCandidates-Paired,3407,original,BrightRetrieval,biology,0.2041
G1-R2-RL-GradedNDCG64-SF-Align070-OwnCandidates-Paired-Seed3407-s3407,G1-R2-RL-GradedNDCG64-SF-Align070-OwnCandidates-Paired,3407,original,BrightRetrieval,earth_science,0.2857
G1-R2-RL-GradedNDCG64-SF-Align070-OwnCandidates-Paired-Seed3407-s3407,G1-R2-RL-GradedNDCG64-SF-Align070-OwnCandidates-Paired,3407,original,BrightRetrieval,economics,0.2394
G1-R2-RL-GradedNDCG64-SF-Align070-OwnCandidates-Paired-Seed3407-s3407,G1-R2-RL-GradedNDCG64-SF-Align070-OwnCandidates-Paired,3407,original,BrightRetrieval,psychology,0.2827
G1-R2-RL-GradedNDCG64-SF-Align070-OwnCandidates-Paired-Seed3407-s3407,G1-R2-RL-GradedNDCG64-SF-Align070-OwnCandidates-Paired,3407,original,BrightRetrieval,robotics,0.1411
G1-R2-RL-GradedNDCG64-SF-Align070-OwnCandidates-Paired-Seed3407-s3407,G1-R2-RL-GradedNDCG64-SF-Align070-OwnCandidates-Paired,3407,original,BrightRetrieval,stackoverflow,0.2173
G1-R2-RL-GradedNDCG64-SF-Align070-OwnCandidates-Paired-Seed3407-s3407,G1-R2-RL-GradedNDCG64-SF-Align070-OwnCandidates-Paired,3407,original,BrightRetrieval,sustainable_living,0.1974
G1-R2-RL-GradedNDCG64-SF-Align070-OwnCandidates-Paired-Seed3407-s3407,G1-R2-RL-GradedNDCG64-SF-Align070-OwnCandidates-Paired,3407,original,BrightRetrieval,pony,0.0092
G1-R2-RL-GradedNDCG64-SF-Align070-OwnCandidates-Paired-Seed3407-s3407,G1-R2-RL-GradedNDCG64-SF-Align070-OwnCandidates-Paired,3407,original,BrightRetrieval,leetcode,0.1212
G1-R2-RL-GradedNDCG64-SF-Align070-OwnCandidates-Paired-Seed3407-s3407,G1-R2-RL-GradedNDCG64-SF-Align070-OwnCandidates-Paired,3407,original,BrightRetrieval,aops,0.0330
G1-R2-RL-GradedNDCG64-SF-Align070-OwnCandidates-Paired-Seed3407-s3407,G1-R2-RL-GradedNDCG64-SF-Align070-OwnCandidates-Paired,3407,original,BrightRetrieval,theoremqa_theorems,0.3162
G1-R2-RL-GradedNDCG64-SF-Align070-OwnCandidates-Paired-Seed3407-s3407,G1-R2-RL-GradedNDCG64-SF-Align070-OwnCandidates-Paired,3407,original,BrightRetrieval,theoremqa_questions,0.1812
G1-R2-RL-GradedNDCG64-SF-Align070-OwnCandidates-Paired-s42,G1-R2-RL-GradedNDCG64-SF-Align070-OwnCandidates-Paired,42,original,BrightRetrieval,biology,0.2286
G1-R2-RL-GradedNDCG64-SF-Align070-OwnCandidates-Paired-s42,G1-R2-RL-GradedNDCG64-SF-Align070-OwnCandidates-Paired,42,original,BrightRetrieval,earth_science,0.3215
G1-R2-RL-GradedNDCG64-SF-Align070-OwnCandidates-Paired-s42,G1-R2-RL-GradedNDCG64-SF-Align070-OwnCandidates-Paired,42,original,BrightRetrieval,economics,0.2521
G1-R2-RL-GradedNDCG64-SF-Align070-OwnCandidates-Paired-s42,G1-R2-RL-GradedNDCG64-SF-Align070-OwnCandidates-Paired,42,original,BrightRetrieval,psychology,0.2933
G1-R2-RL-GradedNDCG64-SF-Align070-OwnCandidates-Paired-s42,G1-R2-RL-GradedNDCG64-SF-Align070-OwnCandidates-Paired,42,original,BrightRetrieval,robotics,0.1433
G1-R2-RL-GradedNDCG64-SF-Align070-OwnCandidates-Paired-s42,G1-R2-RL-GradedNDCG64-SF-Align070-OwnCandidates-Paired,42,original,BrightRetrieval,stackoverflow,0.1921
G1-R2-RL-GradedNDCG64-SF-Align070-OwnCandidates-Paired-s42,G1-R2-RL-GradedNDCG64-SF-Align070-OwnCandidates-Paired,42,original,BrightRetrieval,sustainable_living,0.2085
G1-R2-RL-GradedNDCG64-SF-Align070-OwnCandidates-Paired-s42,G1-R2-RL-GradedNDCG64-SF-Align070-OwnCandidates-Paired,42,original,BrightRetrieval,pony,0.0129
G1-R2-RL-GradedNDCG64-SF-Align070-OwnCandidates-Paired-s42,G1-R2-RL-GradedNDCG64-SF-Align070-OwnCandidates-Paired,42,original,BrightRetrieval,leetcode,0.1169
G1-R2-RL-GradedNDCG64-SF-Align070-OwnCandidates-Paired-s42,G1-R2-RL-GradedNDCG64-SF-Align070-OwnCandidates-Paired,42,original,BrightRetrieval,aops,0.0357
G1-R2-RL-GradedNDCG64-SF-Align070-OwnCandidates-Paired-s42,G1-R2-RL-GradedNDCG64-SF-Align070-OwnCandidates-Paired,42,original,BrightRetrieval,theoremqa_theorems,0.3222
G1-R2-RL-GradedNDCG64-SF-Align070-OwnCandidates-Paired-s42,G1-R2-RL-GradedNDCG64-SF-Align070-OwnCandidates-Paired,42,original,BrightRetrieval,theoremqa_questions,0.1896
G1-R2-RL-GradedNDCG64-SF-Align070-OwnCandidates-QueryOnly-Seed2026-s2026,G1-R2-RL-GradedNDCG64-SF-Align070-OwnCandidates-QueryOnly,2026,original,BrightRetrieval,biology,0.1552
G1-R2-RL-GradedNDCG64-SF-Align070-OwnCandidates-QueryOnly-Seed2026-s2026,G1-R2-RL-GradedNDCG64-SF-Align070-OwnCandidates-QueryOnly,2026,original,BrightRetrieval,earth_science,0.2144
G1-R2-RL-GradedNDCG64-SF-Align070-OwnCandidates-QueryOnly-Seed2026-s2026,G1-R2-RL-GradedNDCG64-SF-Align070-OwnCandidates-QueryOnly,2026,original,BrightRetrieval,economics,0.1806
G1-R2-RL-GradedNDCG64-SF-Align070-OwnCandidates-QueryOnly-Seed2026-s2026,G1-R2-RL-GradedNDCG64-SF-Align070-OwnCandidates-QueryOnly,2026,original,BrightRetrieval,psychology,0.2039
G1-R2-RL-GradedNDCG64-SF-Align070-OwnCandidates-QueryOnly-Seed2026-s2026,G1-R2-RL-GradedNDCG64-SF-Align070-OwnCandidates-QueryOnly,2026,original,BrightRetrieval,robotics,0.1348
G1-R2-RL-GradedNDCG64-SF-Align070-OwnCandidates-QueryOnly-Seed2026-s2026,G1-R2-RL-GradedNDCG64-SF-Align070-OwnCandidates-QueryOnly,2026,original,BrightRetrieval,stackoverflow,0.1643
G1-R2-RL-GradedNDCG64-SF-Align070-OwnCandidates-QueryOnly-Seed2026-s2026,G1-R2-RL-GradedNDCG64-SF-Align070-OwnCandidates-QueryOnly,2026,original,BrightRetrieval,sustainable_living,0.1819
G1-R2-RL-GradedNDCG64-SF-Align070-OwnCandidates-QueryOnly-Seed2026-s2026,G1-R2-RL-GradedNDCG64-SF-Align070-OwnCandidates-QueryOnly,2026,original,BrightRetrieval,pony,0.0124
G1-R2-RL-GradedNDCG64-SF-Align070-OwnCandidates-QueryOnly-Seed2026-s2026,G1-R2-RL-GradedNDCG64-SF-Align070-OwnCandidates-QueryOnly,2026,original,BrightRetrieval,leetcode,0.1681
G1-R2-RL-GradedNDCG64-SF-Align070-OwnCandidates-QueryOnly-Seed2026-s2026,G1-R2-RL-GradedNDCG64-SF-Align070-OwnCandidates-QueryOnly,2026,original,BrightRetrieval,aops,0.0262
G1-R2-RL-GradedNDCG64-SF-Align070-OwnCandidates-QueryOnly-Seed2026-s2026,G1-R2-RL-GradedNDCG64-SF-Align070-OwnCandidates-QueryOnly,2026,original,BrightRetrieval,theoremqa_theorems,0.2569
G1-R2-RL-GradedNDCG64-SF-Align070-OwnCandidates-QueryOnly-Seed2026-s2026,G1-R2-RL-GradedNDCG64-SF-Align070-OwnCandidates-QueryOnly,2026,original,BrightRetrieval,theoremqa_questions,0.1684
G1-R2-RL-GradedNDCG64-SF-Align070-OwnCandidates-QueryOnly-Seed3407-s3407,G1-R2-RL-GradedNDCG64-SF-Align070-OwnCandidates-QueryOnly,3407,original,BrightRetrieval,biology,0.1640
G1-R2-RL-GradedNDCG64-SF-Align070-OwnCandidates-QueryOnly-Seed3407-s3407,G1-R2-RL-GradedNDCG64-SF-Align070-OwnCandidates-QueryOnly,3407,original,BrightRetrieval,earth_science,0.2207
G1-R2-RL-GradedNDCG64-SF-Align070-OwnCandidates-QueryOnly-Seed3407-s3407,G1-R2-RL-GradedNDCG64-SF-Align070-OwnCandidates-QueryOnly,3407,original,BrightRetrieval,economics,0.1946
G1-R2-RL-GradedNDCG64-SF-Align070-OwnCandidates-QueryOnly-Seed3407-s3407,G1-R2-RL-GradedNDCG64-SF-Align070-OwnCandidates-QueryOnly,3407,original,BrightRetrieval,psychology,0.1921
G1-R2-RL-GradedNDCG64-SF-Align070-OwnCandidates-QueryOnly-Seed3407-s3407,G1-R2-RL-GradedNDCG64-SF-Align070-OwnCandidates-QueryOnly,3407,original,BrightRetrieval,robotics,0.1390
G1-R2-RL-GradedNDCG64-SF-Align070-OwnCandidates-QueryOnly-Seed3407-s3407,G1-R2-RL-GradedNDCG64-SF-Align070-OwnCandidates-QueryOnly,3407,original,BrightRetrieval,stackoverflow,0.1680
G1-R2-RL-GradedNDCG64-SF-Align070-OwnCandidates-QueryOnly-Seed3407-s3407,G1-R2-RL-GradedNDCG64-SF-Align070-OwnCandidates-QueryOnly,3407,original,BrightRetrieval,sustainable_living,0.1906
G1-R2-RL-GradedNDCG64-SF-Align070-OwnCandidates-QueryOnly-Seed3407-s3407,G1-R2-RL-GradedNDCG64-SF-Align070-OwnCandidates-QueryOnly,3407,original,BrightRetrieval,pony,0.0095
G1-R2-RL-GradedNDCG64-SF-Align070-OwnCandidates-QueryOnly-Seed3407-s3407,G1-R2-RL-GradedNDCG64-SF-Align070-OwnCandidates-QueryOnly,3407,original,BrightRetrieval,leetcode,0.1568
G1-R2-RL-GradedNDCG64-SF-Align070-OwnCandidates-QueryOnly-Seed3407-s3407,G1-R2-RL-GradedNDCG64-SF-Align070-OwnCandidates-QueryOnly,3407,original,BrightRetrieval,aops,0.0292
G1-R2-RL-GradedNDCG64-SF-Align070-OwnCandidates-QueryOnly-Seed3407-s3407,G1-R2-RL-GradedNDCG64-SF-Align070-OwnCandidates-QueryOnly,3407,original,BrightRetrieval,theoremqa_theorems,0.2741
G1-R2-RL-GradedNDCG64-SF-Align070-OwnCandidates-QueryOnly-Seed3407-s3407,G1-R2-RL-GradedNDCG64-SF-Align070-OwnCandidates-QueryOnly,3407,original,BrightRetrieval,theoremqa_questions,0.1865
G1-R2-RL-GradedNDCG64-SF-Align070-OwnCandidates-QueryOnly-s42,G1-R2-RL-GradedNDCG64-SF-Align070-OwnCandidates-QueryOnly,42,original,BrightRetrieval,biology,0.1455
G1-R2-RL-GradedNDCG64-SF-Align070-OwnCandidates-QueryOnly-s42,G1-R2-RL-GradedNDCG64-SF-Align070-OwnCandidates-QueryOnly,42,original,BrightRetrieval,earth_science,0.2042
G1-R2-RL-GradedNDCG64-SF-Align070-OwnCandidates-QueryOnly-s42,G1-R2-RL-GradedNDCG64-SF-Align070-OwnCandidates-QueryOnly,42,original,BrightRetrieval,economics,0.2009
G1-R2-RL-GradedNDCG64-SF-Align070-OwnCandidates-QueryOnly-s42,G1-R2-RL-GradedNDCG64-SF-Align070-OwnCandidates-QueryOnly,42,original,BrightRetrieval,psychology,0.2042
G1-R2-RL-GradedNDCG64-SF-Align070-OwnCandidates-QueryOnly-s42,G1-R2-RL-GradedNDCG64-SF-Align070-OwnCandidates-QueryOnly,42,original,BrightRetrieval,robotics,0.1513
G1-R2-RL-GradedNDCG64-SF-Align070-OwnCandidates-QueryOnly-s42,G1-R2-RL-GradedNDCG64-SF-Align070-OwnCandidates-QueryOnly,42,original,BrightRetrieval,stackoverflow,0.1621
G1-R2-RL-GradedNDCG64-SF-Align070-OwnCandidates-QueryOnly-s42,G1-R2-RL-GradedNDCG64-SF-Align070-OwnCandidates-QueryOnly,42,original,BrightRetrieval,sustainable_living,0.1900
G1-R2-RL-GradedNDCG64-SF-Align070-OwnCandidates-QueryOnly-s42,G1-R2-RL-GradedNDCG64-SF-Align070-OwnCandidates-QueryOnly,42,original,BrightRetrieval,pony,0.0107
G1-R2-RL-GradedNDCG64-SF-Align070-OwnCandidates-QueryOnly-s42,G1-R2-RL-GradedNDCG64-SF-Align070-OwnCandidates-QueryOnly,42,original,BrightRetrieval,leetcode,0.1610
G1-R2-RL-GradedNDCG64-SF-Align070-OwnCandidates-QueryOnly-s42,G1-R2-RL-GradedNDCG64-SF-Align070-OwnCandidates-QueryOnly,42,original,BrightRetrieval,aops,0.0271
G1-R2-RL-GradedNDCG64-SF-Align070-OwnCandidates-QueryOnly-s42,G1-R2-RL-GradedNDCG64-SF-Align070-OwnCandidates-QueryOnly,42,original,BrightRetrieval,theoremqa_theorems,0.2714
G1-R2-RL-GradedNDCG64-SF-Align070-OwnCandidates-QueryOnly-s42,G1-R2-RL-GradedNDCG64-SF-Align070-OwnCandidates-QueryOnly,42,original,BrightRetrieval,theoremqa_questions,0.1865
G1-R2-RL-GradedNDCG64-SF-Align070-ShortlistUniform-K0-T1-Pairwise050-Seed2026-s2026,G1-R2-RL-GradedNDCG64-SF-Align070-ShortlistUniform-K0-T1-Pairwise050,2026,original,BrightRetrieval,biology,0.3180
G1-R2-RL-GradedNDCG64-SF-Align070-ShortlistUniform-K0-T1-Pairwise050-Seed2026-s2026,G1-R2-RL-GradedNDCG64-SF-Align070-ShortlistUniform-K0-T1-Pairwise050,2026,original,BrightRetrieval,earth_science,0.3499
G1-R2-RL-GradedNDCG64-SF-Align070-ShortlistUniform-K0-T1-Pairwise050-Seed2026-s2026,G1-R2-RL-GradedNDCG64-SF-Align070-ShortlistUniform-K0-T1-Pairwise050,2026,original,BrightRetrieval,economics,0.2612
G1-R2-RL-GradedNDCG64-SF-Align070-ShortlistUniform-K0-T1-Pairwise050-Seed2026-s2026,G1-R2-RL-GradedNDCG64-SF-Align070-ShortlistUniform-K0-T1-Pairwise050,2026,original,BrightRetrieval,psychology,0.3081
G1-R2-RL-GradedNDCG64-SF-Align070-ShortlistUniform-K0-T1-Pairwise050-Seed2026-s2026,G1-R2-RL-GradedNDCG64-SF-Align070-ShortlistUniform-K0-T1-Pairwise050,2026,original,BrightRetrieval,robotics,0.1858
G1-R2-RL-GradedNDCG64-SF-Align070-ShortlistUniform-K0-T1-Pairwise050-Seed2026-s2026,G1-R2-RL-GradedNDCG64-SF-Align070-ShortlistUniform-K0-T1-Pairwise050,2026,original,BrightRetrieval,stackoverflow,0.2651
G1-R2-RL-GradedNDCG64-SF-Align070-ShortlistUniform-K0-T1-Pairwise050-Seed2026-s2026,G1-R2-RL-GradedNDCG64-SF-Align070-ShortlistUniform-K0-T1-Pairwise050,2026,original,BrightRetrieval,sustainable_living,0.2340
G1-R2-RL-GradedNDCG64-SF-Align070-ShortlistUniform-K0-T1-Pairwise050-Seed2026-s2026,G1-R2-RL-GradedNDCG64-SF-Align070-ShortlistUniform-K0-T1-Pairwise050,2026,original,BrightRetrieval,pony,0.0120
G1-R2-RL-GradedNDCG64-SF-Align070-ShortlistUniform-K0-T1-Pairwise050-Seed2026-s2026,G1-R2-RL-GradedNDCG64-SF-Align070-ShortlistUniform-K0-T1-Pairwise050,2026,original,BrightRetrieval,leetcode,0.1015
G1-R2-RL-GradedNDCG64-SF-Align070-ShortlistUniform-K0-T1-Pairwise050-Seed2026-s2026,G1-R2-RL-GradedNDCG64-SF-Align070-ShortlistUniform-K0-T1-Pairwise050,2026,original,BrightRetrieval,aops,0.0291
G1-R2-RL-GradedNDCG64-SF-Align070-ShortlistUniform-K0-T1-Pairwise050-Seed2026-s2026,G1-R2-RL-GradedNDCG64-SF-Align070-ShortlistUniform-K0-T1-Pairwise050,2026,original,BrightRetrieval,theoremqa_theorems,0.3295
G1-R2-RL-GradedNDCG64-SF-Align070-ShortlistUniform-K0-T1-Pairwise050-Seed2026-s2026,G1-R2-RL-GradedNDCG64-SF-Align070-ShortlistUniform-K0-T1-Pairwise050,2026,original,BrightRetrieval,theoremqa_questions,0.1904
G1-R2-RL-GradedNDCG64-SF-Align070-ShortlistUniform-K0-T1-Pairwise050-Seed3407-s3407,G1-R2-RL-GradedNDCG64-SF-Align070-ShortlistUniform-K0-T1-Pairwise050,3407,original,BrightRetrieval,biology,0.3310
G1-R2-RL-GradedNDCG64-SF-Align070-ShortlistUniform-K0-T1-Pairwise050-Seed3407-s3407,G1-R2-RL-GradedNDCG64-SF-Align070-ShortlistUniform-K0-T1-Pairwise050,3407,original,BrightRetrieval,earth_science,0.3330
G1-R2-RL-GradedNDCG64-SF-Align070-ShortlistUniform-K0-T1-Pairwise050-Seed3407-s3407,G1-R2-RL-GradedNDCG64-SF-Align070-ShortlistUniform-K0-T1-Pairwise050,3407,original,BrightRetrieval,economics,0.2731
G1-R2-RL-GradedNDCG64-SF-Align070-ShortlistUniform-K0-T1-Pairwise050-Seed3407-s3407,G1-R2-RL-GradedNDCG64-SF-Align070-ShortlistUniform-K0-T1-Pairwise050,3407,original,BrightRetrieval,psychology,0.3252
G1-R2-RL-GradedNDCG64-SF-Align070-ShortlistUniform-K0-T1-Pairwise050-Seed3407-s3407,G1-R2-RL-GradedNDCG64-SF-Align070-ShortlistUniform-K0-T1-Pairwise050,3407,original,BrightRetrieval,robotics,0.1637
G1-R2-RL-GradedNDCG64-SF-Align070-ShortlistUniform-K0-T1-Pairwise050-Seed3407-s3407,G1-R2-RL-GradedNDCG64-SF-Align070-ShortlistUniform-K0-T1-Pairwise050,3407,original,BrightRetrieval,stackoverflow,0.2660
G1-R2-RL-GradedNDCG64-SF-Align070-ShortlistUniform-K0-T1-Pairwise050-Seed3407-s3407,G1-R2-RL-GradedNDCG64-SF-Align070-ShortlistUniform-K0-T1-Pairwise050,3407,original,BrightRetrieval,sustainable_living,0.2345
G1-R2-RL-GradedNDCG64-SF-Align070-ShortlistUniform-K0-T1-Pairwise050-Seed3407-s3407,G1-R2-RL-GradedNDCG64-SF-Align070-ShortlistUniform-K0-T1-Pairwise050,3407,original,BrightRetrieval,pony,0.0118
G1-R2-RL-GradedNDCG64-SF-Align070-ShortlistUniform-K0-T1-Pairwise050-Seed3407-s3407,G1-R2-RL-GradedNDCG64-SF-Align070-ShortlistUniform-K0-T1-Pairwise050,3407,original,BrightRetrieval,leetcode,0.1057
G1-R2-RL-GradedNDCG64-SF-Align070-ShortlistUniform-K0-T1-Pairwise050-Seed3407-s3407,G1-R2-RL-GradedNDCG64-SF-Align070-ShortlistUniform-K0-T1-Pairwise050,3407,original,BrightRetrieval,aops,0.0239
G1-R2-RL-GradedNDCG64-SF-Align070-ShortlistUniform-K0-T1-Pairwise050-Seed3407-s3407,G1-R2-RL-GradedNDCG64-SF-Align070-ShortlistUniform-K0-T1-Pairwise050,3407,original,BrightRetrieval,theoremqa_theorems,0.3062
G1-R2-RL-GradedNDCG64-SF-Align070-ShortlistUniform-K0-T1-Pairwise050-Seed3407-s3407,G1-R2-RL-GradedNDCG64-SF-Align070-ShortlistUniform-K0-T1-Pairwise050,3407,original,BrightRetrieval,theoremqa_questions,0.2021
G1-R2-RL-GradedNDCG64-SF-Align070-ShortlistUniform-K0-T1-Pairwise050-s42,G1-R2-RL-GradedNDCG64-SF-Align070-ShortlistUniform-K0-T1-Pairwise050,42,original,BrightRetrieval,biology,0.3581
G1-R2-RL-GradedNDCG64-SF-Align070-ShortlistUniform-K0-T1-Pairwise050-s42,G1-R2-RL-GradedNDCG64-SF-Align070-ShortlistUniform-K0-T1-Pairwise050,42,original,BrightRetrieval,earth_science,0.3773
G1-R2-RL-GradedNDCG64-SF-Align070-ShortlistUniform-K0-T1-Pairwise050-s42,G1-R2-RL-GradedNDCG64-SF-Align070-ShortlistUniform-K0-T1-Pairwise050,42,original,BrightRetrieval,economics,0.2787
G1-R2-RL-GradedNDCG64-SF-Align070-ShortlistUniform-K0-T1-Pairwise050-s42,G1-R2-RL-GradedNDCG64-SF-Align070-ShortlistUniform-K0-T1-Pairwise050,42,original,BrightRetrieval,psychology,0.3256
G1-R2-RL-GradedNDCG64-SF-Align070-ShortlistUniform-K0-T1-Pairwise050-s42,G1-R2-RL-GradedNDCG64-SF-Align070-ShortlistUniform-K0-T1-Pairwise050,42,original,BrightRetrieval,robotics,0.1893
G1-R2-RL-GradedNDCG64-SF-Align070-ShortlistUniform-K0-T1-Pairwise050-s42,G1-R2-RL-GradedNDCG64-SF-Align070-ShortlistUniform-K0-T1-Pairwise050,42,original,BrightRetrieval,stackoverflow,0.2799
G1-R2-RL-GradedNDCG64-SF-Align070-ShortlistUniform-K0-T1-Pairwise050-s42,G1-R2-RL-GradedNDCG64-SF-Align070-ShortlistUniform-K0-T1-Pairwise050,42,original,BrightRetrieval,sustainable_living,0.2414
G1-R2-RL-GradedNDCG64-SF-Align070-ShortlistUniform-K0-T1-Pairwise050-s42,G1-R2-RL-GradedNDCG64-SF-Align070-ShortlistUniform-K0-T1-Pairwise050,42,original,BrightRetrieval,pony,0.0141
G1-R2-RL-GradedNDCG64-SF-Align070-ShortlistUniform-K0-T1-Pairwise050-s42,G1-R2-RL-GradedNDCG64-SF-Align070-ShortlistUniform-K0-T1-Pairwise050,42,original,BrightRetrieval,leetcode,0.0984
G1-R2-RL-GradedNDCG64-SF-Align070-ShortlistUniform-K0-T1-Pairwise050-s42,G1-R2-RL-GradedNDCG64-SF-Align070-ShortlistUniform-K0-T1-Pairwise050,42,original,BrightRetrieval,aops,0.0279
G1-R2-RL-GradedNDCG64-SF-Align070-ShortlistUniform-K0-T1-Pairwise050-s42,G1-R2-RL-GradedNDCG64-SF-Align070-ShortlistUniform-K0-T1-Pairwise050,42,original,BrightRetrieval,theoremqa_theorems,0.3376
G1-R2-RL-GradedNDCG64-SF-Align070-ShortlistUniform-K0-T1-Pairwise050-s42,G1-R2-RL-GradedNDCG64-SF-Align070-ShortlistUniform-K0-T1-Pairwise050,42,original,BrightRetrieval,theoremqa_questions,0.1974
G1-R2-RL-GradedNDCG64-SF-Align070-ShortlistUniform-K0-T1-Seed2026-s2026,G1-R2-RL-GradedNDCG64-SF-Align070-ShortlistUniform-K0-T1,2026,original,BrightRetrieval,biology,0.2498
G1-R2-RL-GradedNDCG64-SF-Align070-ShortlistUniform-K0-T1-Seed2026-s2026,G1-R2-RL-GradedNDCG64-SF-Align070-ShortlistUniform-K0-T1,2026,original,BrightRetrieval,earth_science,0.3073
G1-R2-RL-GradedNDCG64-SF-Align070-ShortlistUniform-K0-T1-Seed2026-s2026,G1-R2-RL-GradedNDCG64-SF-Align070-ShortlistUniform-K0-T1,2026,original,BrightRetrieval,economics,0.2687
G1-R2-RL-GradedNDCG64-SF-Align070-ShortlistUniform-K0-T1-Seed2026-s2026,G1-R2-RL-GradedNDCG64-SF-Align070-ShortlistUniform-K0-T1,2026,original,BrightRetrieval,psychology,0.3087
G1-R2-RL-GradedNDCG64-SF-Align070-ShortlistUniform-K0-T1-Seed2026-s2026,G1-R2-RL-GradedNDCG64-SF-Align070-ShortlistUniform-K0-T1,2026,original,BrightRetrieval,robotics,0.1735
G1-R2-RL-GradedNDCG64-SF-Align070-ShortlistUniform-K0-T1-Seed2026-s2026,G1-R2-RL-GradedNDCG64-SF-Align070-ShortlistUniform-K0-T1,2026,original,BrightRetrieval,stackoverflow,0.2317
G1-R2-RL-GradedNDCG64-SF-Align070-ShortlistUniform-K0-T1-Seed2026-s2026,G1-R2-RL-GradedNDCG64-SF-Align070-ShortlistUniform-K0-T1,2026,original,BrightRetrieval,sustainable_living,0.2284
G1-R2-RL-GradedNDCG64-SF-Align070-ShortlistUniform-K0-T1-Seed2026-s2026,G1-R2-RL-GradedNDCG64-SF-Align070-ShortlistUniform-K0-T1,2026,original,BrightRetrieval,pony,0.0129
G1-R2-RL-GradedNDCG64-SF-Align070-ShortlistUniform-K0-T1-Seed2026-s2026,G1-R2-RL-GradedNDCG64-SF-Align070-ShortlistUniform-K0-T1,2026,original,BrightRetrieval,leetcode,0.1036
G1-R2-RL-GradedNDCG64-SF-Align070-ShortlistUniform-K0-T1-Seed2026-s2026,G1-R2-RL-GradedNDCG64-SF-Align070-ShortlistUniform-K0-T1,2026,original,BrightRetrieval,aops,0.0324
G1-R2-RL-GradedNDCG64-SF-Align070-ShortlistUniform-K0-T1-Seed2026-s2026,G1-R2-RL-GradedNDCG64-SF-Align070-ShortlistUniform-K0-T1,2026,original,BrightRetrieval,theoremqa_theorems,0.3314
G1-R2-RL-GradedNDCG64-SF-Align070-ShortlistUniform-K0-T1-Seed2026-s2026,G1-R2-RL-GradedNDCG64-SF-Align070-ShortlistUniform-K0-T1,2026,original,BrightRetrieval,theoremqa_questions,0.1920
G1-R2-RL-GradedNDCG64-SF-Align070-ShortlistUniform-K0-T1-Seed3407-s3407,G1-R2-RL-GradedNDCG64-SF-Align070-ShortlistUniform-K0-T1,3407,original,BrightRetrieval,biology,0.2875
G1-R2-RL-GradedNDCG64-SF-Align070-ShortlistUniform-K0-T1-Seed3407-s3407,G1-R2-RL-GradedNDCG64-SF-Align070-ShortlistUniform-K0-T1,3407,original,BrightRetrieval,earth_science,0.2992
G1-R2-RL-GradedNDCG64-SF-Align070-ShortlistUniform-K0-T1-Seed3407-s3407,G1-R2-RL-GradedNDCG64-SF-Align070-ShortlistUniform-K0-T1,3407,original,BrightRetrieval,economics,0.2743
G1-R2-RL-GradedNDCG64-SF-Align070-ShortlistUniform-K0-T1-Seed3407-s3407,G1-R2-RL-GradedNDCG64-SF-Align070-ShortlistUniform-K0-T1,3407,original,BrightRetrieval,psychology,0.3258
G1-R2-RL-GradedNDCG64-SF-Align070-ShortlistUniform-K0-T1-Seed3407-s3407,G1-R2-RL-GradedNDCG64-SF-Align070-ShortlistUniform-K0-T1,3407,original,BrightRetrieval,robotics,0.1576
G1-R2-RL-GradedNDCG64-SF-Align070-ShortlistUniform-K0-T1-Seed3407-s3407,G1-R2-RL-GradedNDCG64-SF-Align070-ShortlistUniform-K0-T1,3407,original,BrightRetrieval,stackoverflow,0.2355
G1-R2-RL-GradedNDCG64-SF-Align070-ShortlistUniform-K0-T1-Seed3407-s3407,G1-R2-RL-GradedNDCG64-SF-Align070-ShortlistUniform-K0-T1,3407,original,BrightRetrieval,sustainable_living,0.2340
G1-R2-RL-GradedNDCG64-SF-Align070-ShortlistUniform-K0-T1-Seed3407-s3407,G1-R2-RL-GradedNDCG64-SF-Align070-ShortlistUniform-K0-T1,3407,original,BrightRetrieval,pony,0.0138
G1-R2-RL-GradedNDCG64-SF-Align070-ShortlistUniform-K0-T1-Seed3407-s3407,G1-R2-RL-GradedNDCG64-SF-Align070-ShortlistUniform-K0-T1,3407,original,BrightRetrieval,leetcode,0.1068
G1-R2-RL-GradedNDCG64-SF-Align070-ShortlistUniform-K0-T1-Seed3407-s3407,G1-R2-RL-GradedNDCG64-SF-Align070-ShortlistUniform-K0-T1,3407,original,BrightRetrieval,aops,0.0314
G1-R2-RL-GradedNDCG64-SF-Align070-ShortlistUniform-K0-T1-Seed3407-s3407,G1-R2-RL-GradedNDCG64-SF-Align070-ShortlistUniform-K0-T1,3407,original,BrightRetrieval,theoremqa_theorems,0.3037
G1-R2-RL-GradedNDCG64-SF-Align070-ShortlistUniform-K0-T1-Seed3407-s3407,G1-R2-RL-GradedNDCG64-SF-Align070-ShortlistUniform-K0-T1,3407,original,BrightRetrieval,theoremqa_questions,0.2006
G1-R2-RL-GradedNDCG64-SF-Align070-ShortlistUniform-K0-T1-s42,G1-R2-RL-GradedNDCG64-SF-Align070-ShortlistUniform-K0-T1,42,original,BrightRetrieval,biology,0.2948
G1-R2-RL-GradedNDCG64-SF-Align070-ShortlistUniform-K0-T1-s42,G1-R2-RL-GradedNDCG64-SF-Align070-ShortlistUniform-K0-T1,42,original,BrightRetrieval,earth_science,0.3503
G1-R2-RL-GradedNDCG64-SF-Align070-ShortlistUniform-K0-T1-s42,G1-R2-RL-GradedNDCG64-SF-Align070-ShortlistUniform-K0-T1,42,original,BrightRetrieval,economics,0.2759
G1-R2-RL-GradedNDCG64-SF-Align070-ShortlistUniform-K0-T1-s42,G1-R2-RL-GradedNDCG64-SF-Align070-ShortlistUniform-K0-T1,42,original,BrightRetrieval,psychology,0.3379
G1-R2-RL-GradedNDCG64-SF-Align070-ShortlistUniform-K0-T1-s42,G1-R2-RL-GradedNDCG64-SF-Align070-ShortlistUniform-K0-T1,42,original,BrightRetrieval,robotics,0.1865
G1-R2-RL-GradedNDCG64-SF-Align070-ShortlistUniform-K0-T1-s42,G1-R2-RL-GradedNDCG64-SF-Align070-ShortlistUniform-K0-T1,42,original,BrightRetrieval,stackoverflow,0.2480
G1-R2-RL-GradedNDCG64-SF-Align070-ShortlistUniform-K0-T1-s42,G1-R2-RL-GradedNDCG64-SF-Align070-ShortlistUniform-K0-T1,42,original,BrightRetrieval,sustainable_living,0.2311
G1-R2-RL-GradedNDCG64-SF-Align070-ShortlistUniform-K0-T1-s42,G1-R2-RL-GradedNDCG64-SF-Align070-ShortlistUniform-K0-T1,42,original,BrightRetrieval,pony,0.0131
G1-R2-RL-GradedNDCG64-SF-Align070-ShortlistUniform-K0-T1-s42,G1-R2-RL-GradedNDCG64-SF-Align070-ShortlistUniform-K0-T1,42,original,BrightRetrieval,leetcode,0.0971
G1-R2-RL-GradedNDCG64-SF-Align070-ShortlistUniform-K0-T1-s42,G1-R2-RL-GradedNDCG64-SF-Align070-ShortlistUniform-K0-T1,42,original,BrightRetrieval,aops,0.0260
G1-R2-RL-GradedNDCG64-SF-Align070-ShortlistUniform-K0-T1-s42,G1-R2-RL-GradedNDCG64-SF-Align070-ShortlistUniform-K0-T1,42,original,BrightRetrieval,theoremqa_theorems,0.3367
G1-R2-RL-GradedNDCG64-SF-Align070-ShortlistUniform-K0-T1-s42,G1-R2-RL-GradedNDCG64-SF-Align070-ShortlistUniform-K0-T1,42,original,BrightRetrieval,theoremqa_questions,0.1979
