panel,series,recipe,seed,run,step,value
A,Graded-only,Listwise,42,G1-R2-RL-GradedNDCG64-CP-Align070-ShortlistUniform-K0-T1-s42,1,0.701965
A,Graded-only,Listwise,42,G1-R2-RL-GradedNDCG64-CP-Align070-ShortlistUniform-K0-T1-s42,2,0.691539
A,Graded-only,Listwise,42,G1-R2-RL-GradedNDCG64-CP-Align070-ShortlistUniform-K0-T1-s42,3,0.696101
A,Graded-only,Listwise,42,G1-R2-RL-GradedNDCG64-CP-Align070-ShortlistUniform-K0-T1-s42,4,0.638233
A,Graded-only,Listwise,42,G1-R2-RL-GradedNDCG64-CP-Align070-ShortlistUniform-K0-T1-s42,5,0.697836
A,Graded-only,Listwise,42,G1-R2-RL-GradedNDCG64-CP-Align070-ShortlistUniform-K0-T1-s42,6,0.701913
A,Graded-only,Listwise,42,G1-R2-RL-GradedNDCG64-CP-Align070-ShortlistUniform-K0-T1-s42,7,0.730631
A,Graded-only,Listwise,42,G1-R2-RL-GradedNDCG64-CP-Align070-ShortlistUniform-K0-T1-s42,8,0.754591
A,Graded-only,Listwise,42,G1-R2-RL-GradedNDCG64-CP-Align070-ShortlistUniform-K0-T1-s42,9,0.627026
A,Graded-only,Listwise,42,G1-R2-RL-GradedNDCG64-CP-Align070-ShortlistUniform-K0-T1-s42,10,0.648235
A,Graded-only,Listwise,42,G1-R2-RL-GradedNDCG64-CP-Align070-ShortlistUniform-K0-T1-s42,11,0.681556
A,Graded-only,Listwise,42,G1-R2-RL-GradedNDCG64-CP-Align070-ShortlistUniform-K0-T1-s42,12,0.729391
A,Graded-only,Listwise,42,G1-R2-RL-GradedNDCG64-CP-Align070-ShortlistUniform-K0-T1-s42,13,0.730444
A,Graded-only,Listwise,42,G1-R2-RL-GradedNDCG64-CP-Align070-ShortlistUniform-K0-T1-s42,14,0.78872
A,Graded-only,Listwise,42,G1-R2-RL-GradedNDCG64-CP-Align070-ShortlistUniform-K0-T1-s42,15,0.684787
A,Graded-only,Listwise,42,G1-R2-RL-GradedNDCG64-CP-Align070-ShortlistUniform-K0-T1-s42,16,0.75543
A,Graded-only,Listwise,42,G1-R2-RL-GradedNDCG64-CP-Align070-ShortlistUniform-K0-T1-s42,17,0.744712
A,Graded-only,Listwise,42,G1-R2-RL-GradedNDCG64-CP-Align070-ShortlistUniform-K0-T1-s42,18,0.686032
A,Graded-only,Listwise,42,G1-R2-RL-GradedNDCG64-CP-Align070-ShortlistUniform-K0-T1-s42,19,0.755231
A,Graded-only,Listwise,42,G1-R2-RL-GradedNDCG64-CP-Align070-ShortlistUniform-K0-T1-s42,20,0.687688
A,Graded-only,Listwise,42,G1-R2-RL-GradedNDCG64-CP-Align070-ShortlistUniform-K0-T1-s42,21,0.729258
A,Graded-only,Listwise,42,G1-R2-RL-GradedNDCG64-CP-Align070-ShortlistUniform-K0-T1-s42,22,0.765805
A,Graded-only,Listwise,42,G1-R2-RL-GradedNDCG64-CP-Align070-ShortlistUniform-K0-T1-s42,23,0.767947
A,Graded-only,Listwise,42,G1-R2-RL-GradedNDCG64-CP-Align070-ShortlistUniform-K0-T1-s42,24,0.747816
A,Graded-only,Listwise,42,G1-R2-RL-GradedNDCG64-CP-Align070-ShortlistUniform-K0-T1-s42,25,0.734808
A,Graded-only,Listwise,42,G1-R2-RL-GradedNDCG64-CP-Align070-ShortlistUniform-K0-T1-s42,26,0.741705
A,Graded-only,Listwise,42,G1-R2-RL-GradedNDCG64-CP-Align070-ShortlistUniform-K0-T1-s42,27,0.781853
A,Graded-only,Listwise,42,G1-R2-RL-GradedNDCG64-CP-Align070-ShortlistUniform-K0-T1-s42,28,0.778841
A,Graded-only,Listwise,42,G1-R2-RL-GradedNDCG64-CP-Align070-ShortlistUniform-K0-T1-s42,29,0.716437
A,Graded-only,Listwise,42,G1-R2-RL-GradedNDCG64-CP-Align070-ShortlistUniform-K0-T1-s42,30,0.763494
A,Graded-only,Listwise,42,G1-R2-RL-GradedNDCG64-CP-Align070-ShortlistUniform-K0-T1-s42,31,0.749538
A,Graded-only,Listwise,42,G1-R2-RL-GradedNDCG64-CP-Align070-ShortlistUniform-K0-T1-s42,32,0.709231
A,Graded-only,Listwise,42,G1-R2-RL-GradedNDCG64-CP-Align070-ShortlistUniform-K0-T1-s42,33,0.809476
A,Graded-only,Listwise,42,G1-R2-RL-GradedNDCG64-CP-Align070-ShortlistUniform-K0-T1-s42,34,0.756005
A,Graded-only,Listwise,42,G1-R2-RL-GradedNDCG64-CP-Align070-ShortlistUniform-K0-T1-s42,35,0.7853
A,Graded-only,Listwise,42,G1-R2-RL-GradedNDCG64-CP-Align070-ShortlistUniform-K0-T1-s42,36,0.778985
A,Graded-only,Listwise,42,G1-R2-RL-GradedNDCG64-CP-Align070-ShortlistUniform-K0-T1-s42,37,0.768732
A,Graded-only,Listwise,42,G1-R2-RL-GradedNDCG64-CP-Align070-ShortlistUniform-K0-T1-s42,38,0.756418
A,Graded-only,Listwise,42,G1-R2-RL-GradedNDCG64-CP-Align070-ShortlistUniform-K0-T1-s42,39,0.804109
A,Graded-only,Listwise,42,G1-R2-RL-GradedNDCG64-CP-Align070-ShortlistUniform-K0-T1-s42,40,0.828567
A,Graded-only,Listwise,42,G1-R2-RL-GradedNDCG64-CP-Align070-ShortlistUniform-K0-T1-s42,41,0.788346
A,Graded-only,Listwise,42,G1-R2-RL-GradedNDCG64-CP-Align070-ShortlistUniform-K0-T1-s42,42,0.737024
A,Graded-only,Listwise,42,G1-R2-RL-GradedNDCG64-CP-Align070-ShortlistUniform-K0-T1-s42,43,0.787732
A,Graded-only,Listwise,42,G1-R2-RL-GradedNDCG64-CP-Align070-ShortlistUniform-K0-T1-s42,44,0.760173
A,Graded-only,Listwise,42,G1-R2-RL-GradedNDCG64-CP-Align070-ShortlistUniform-K0-T1-s42,45,0.793072
A,Graded-only,Listwise,42,G1-R2-RL-GradedNDCG64-CP-Align070-ShortlistUniform-K0-T1-s42,46,0.792385
A,Graded-only,Listwise,42,G1-R2-RL-GradedNDCG64-CP-Align070-ShortlistUniform-K0-T1-s42,47,0.735981
A,Graded-only,Listwise,42,G1-R2-RL-GradedNDCG64-CP-Align070-ShortlistUniform-K0-T1-s42,48,0.813684
A,Graded-only,Listwise,42,G1-R2-RL-GradedNDCG64-CP-Align070-ShortlistUniform-K0-T1-s42,49,0.803271
A,Graded-only,Listwise,42,G1-R2-RL-GradedNDCG64-CP-Align070-ShortlistUniform-K0-T1-s42,50,0.781354
A,Graded-only,Listwise,42,G1-R2-RL-GradedNDCG64-CP-Align070-ShortlistUniform-K0-T1-s42,51,0.809906
A,Graded-only,Listwise,42,G1-R2-RL-GradedNDCG64-CP-Align070-ShortlistUniform-K0-T1-s42,52,0.806556
A,Graded-only,Listwise,42,G1-R2-RL-GradedNDCG64-CP-Align070-ShortlistUniform-K0-T1-s42,53,0.822396
A,Graded-only,Listwise,42,G1-R2-RL-GradedNDCG64-CP-Align070-ShortlistUniform-K0-T1-s42,54,0.789138
A,Graded-only,Listwise,42,G1-R2-RL-GradedNDCG64-CP-Align070-ShortlistUniform-K0-T1-s42,55,0.785591
A,Graded-only,Listwise,42,G1-R2-RL-GradedNDCG64-CP-Align070-ShortlistUniform-K0-T1-s42,56,0.79462
A,Graded-only,Listwise,42,G1-R2-RL-GradedNDCG64-CP-Align070-ShortlistUniform-K0-T1-s42,57,0.798461
A,Graded-only,Listwise,42,G1-R2-RL-GradedNDCG64-CP-Align070-ShortlistUniform-K0-T1-s42,58,0.780143
A,Graded-only,Listwise,42,G1-R2-RL-GradedNDCG64-CP-Align070-ShortlistUniform-K0-T1-s42,59,0.789899
A,Graded-only,Listwise,42,G1-R2-RL-GradedNDCG64-CP-Align070-ShortlistUniform-K0-T1-s42,60,0.784837
A,Graded-only,Listwise,42,G1-R2-RL-GradedNDCG64-CP-Align070-ShortlistUniform-K0-T1-s42,61,0.822168
A,Graded-only,Listwise,42,G1-R2-RL-GradedNDCG64-CP-Align070-ShortlistUniform-K0-T1-s42,62,0.762825
A,Graded-only,Listwise,42,G1-R2-RL-GradedNDCG64-CP-Align070-ShortlistUniform-K0-T1-s42,63,0.806536
A,Graded-only,Listwise,42,G1-R2-RL-GradedNDCG64-CP-Align070-ShortlistUniform-K0-T1-s42,64,0.808364
A,Graded-only,Listwise,42,G1-R2-RL-GradedNDCG64-CP-Align070-ShortlistUniform-K0-T1-s42,65,0.81311
A,Graded-only,Listwise,42,G1-R2-RL-GradedNDCG64-CP-Align070-ShortlistUniform-K0-T1-s42,66,0.803936
A,Graded-only,Listwise,42,G1-R2-RL-GradedNDCG64-CP-Align070-ShortlistUniform-K0-T1-s42,67,0.792884
A,Graded-only,Listwise,42,G1-R2-RL-GradedNDCG64-CP-Align070-ShortlistUniform-K0-T1-s42,68,0.793375
A,Graded-only,Listwise,42,G1-R2-RL-GradedNDCG64-CP-Align070-ShortlistUniform-K0-T1-s42,69,0.784096
A,Graded-only,Listwise,42,G1-R2-RL-GradedNDCG64-CP-Align070-ShortlistUniform-K0-T1-s42,70,0.796566
A,Graded-only,Listwise,42,G1-R2-RL-GradedNDCG64-CP-Align070-ShortlistUniform-K0-T1-s42,71,0.819079
A,Graded-only,Listwise,42,G1-R2-RL-GradedNDCG64-CP-Align070-ShortlistUniform-K0-T1-s42,72,0.812285
A,Graded-only,Listwise,42,G1-R2-RL-GradedNDCG64-CP-Align070-ShortlistUniform-K0-T1-s42,73,0.826311
A,Graded-only,Listwise,42,G1-R2-RL-GradedNDCG64-CP-Align070-ShortlistUniform-K0-T1-s42,74,0.813378
A,Graded-only,Listwise,42,G1-R2-RL-GradedNDCG64-CP-Align070-ShortlistUniform-K0-T1-s42,75,0.77952
A,Graded-only,Listwise,42,G1-R2-RL-GradedNDCG64-CP-Align070-ShortlistUniform-K0-T1-s42,76,0.804185
A,Graded-only,Listwise,42,G1-R2-RL-GradedNDCG64-CP-Align070-ShortlistUniform-K0-T1-s42,77,0.81877
A,Graded-only,Listwise,42,G1-R2-RL-GradedNDCG64-CP-Align070-ShortlistUniform-K0-T1-s42,78,0.861149
A,Graded-only,Listwise,42,G1-R2-RL-GradedNDCG64-CP-Align070-ShortlistUniform-K0-T1-s42,79,0.791474
A,Graded-only,Listwise,42,G1-R2-RL-GradedNDCG64-CP-Align070-ShortlistUniform-K0-T1-s42,80,0.816228
A,Graded-only,Listwise,42,G1-R2-RL-GradedNDCG64-CP-Align070-ShortlistUniform-K0-T1-s42,81,0.820029
A,Graded-only,Listwise,42,G1-R2-RL-GradedNDCG64-CP-Align070-ShortlistUniform-K0-T1-s42,82,0.83747
A,Graded-only,Listwise,42,G1-R2-RL-GradedNDCG64-CP-Align070-ShortlistUniform-K0-T1-s42,83,0.830937
A,Graded-only,Listwise,42,G1-R2-RL-GradedNDCG64-CP-Align070-ShortlistUniform-K0-T1-s42,84,0.830589
A,Graded-only,Listwise,42,G1-R2-RL-GradedNDCG64-CP-Align070-ShortlistUniform-K0-T1-s42,85,0.82426
A,Graded-only,Listwise,42,G1-R2-RL-GradedNDCG64-CP-Align070-ShortlistUniform-K0-T1-s42,86,0.833696
A,Graded-only,Listwise,42,G1-R2-RL-GradedNDCG64-CP-Align070-ShortlistUniform-K0-T1-s42,87,0.767346
A,Graded-only,Listwise,42,G1-R2-RL-GradedNDCG64-CP-Align070-ShortlistUniform-K0-T1-s42,88,0.818821
A,Graded-only,Listwise,42,G1-R2-RL-GradedNDCG64-CP-Align070-ShortlistUniform-K0-T1-s42,89,0.838735
A,Graded-only,Listwise,42,G1-R2-RL-GradedNDCG64-CP-Align070-ShortlistUniform-K0-T1-s42,90,0.816572
A,Graded-only,Listwise,42,G1-R2-RL-GradedNDCG64-CP-Align070-ShortlistUniform-K0-T1-s42,91,0.826948
A,Graded-only,Listwise,42,G1-R2-RL-GradedNDCG64-CP-Align070-ShortlistUniform-K0-T1-s42,92,0.821754
A,Graded-only,Listwise,42,G1-R2-RL-GradedNDCG64-CP-Align070-ShortlistUniform-K0-T1-s42,93,0.817976
A,Graded-only,Listwise,42,G1-R2-RL-GradedNDCG64-CP-Align070-ShortlistUniform-K0-T1-s42,94,0.832293
A,Graded-only,Listwise,42,G1-R2-RL-GradedNDCG64-CP-Align070-ShortlistUniform-K0-T1-s42,95,0.829029
A,Graded-only,Listwise,42,G1-R2-RL-GradedNDCG64-CP-Align070-ShortlistUniform-K0-T1-s42,96,0.801189
A,Graded-only,Listwise,42,G1-R2-RL-GradedNDCG64-CP-Align070-ShortlistUniform-K0-T1-s42,97,0.830165
A,Graded-only,Listwise,42,G1-R2-RL-GradedNDCG64-CP-Align070-ShortlistUniform-K0-T1-s42,98,0.820758
A,Graded-only,Listwise,42,G1-R2-RL-GradedNDCG64-CP-Align070-ShortlistUniform-K0-T1-s42,99,0.830655
A,Graded-only,Listwise,42,G1-R2-RL-GradedNDCG64-CP-Align070-ShortlistUniform-K0-T1-s42,100,0.835458
A,Graded-only,Listwise,42,G1-R2-RL-GradedNDCG64-CP-Align070-ShortlistUniform-K0-T1-s42,101,0.815442
A,Graded-only,Listwise,42,G1-R2-RL-GradedNDCG64-CP-Align070-ShortlistUniform-K0-T1-s42,102,0.827005
A,Graded-only,Listwise,42,G1-R2-RL-GradedNDCG64-CP-Align070-ShortlistUniform-K0-T1-s42,103,0.818351
A,Graded-only,Listwise,42,G1-R2-RL-GradedNDCG64-CP-Align070-ShortlistUniform-K0-T1-s42,104,0.803474
A,Graded-only,Listwise,42,G1-R2-RL-GradedNDCG64-CP-Align070-ShortlistUniform-K0-T1-s42,105,0.836721
A,Graded-only,Listwise,42,G1-R2-RL-GradedNDCG64-CP-Align070-ShortlistUniform-K0-T1-s42,106,0.823743
A,Graded-only,Listwise,42,G1-R2-RL-GradedNDCG64-CP-Align070-ShortlistUniform-K0-T1-s42,107,0.813304
A,Graded-only,Listwise,42,G1-R2-RL-GradedNDCG64-CP-Align070-ShortlistUniform-K0-T1-s42,108,0.834737
A,Graded-only,Listwise,42,G1-R2-RL-GradedNDCG64-CP-Align070-ShortlistUniform-K0-T1-s42,109,0.809083
A,Graded-only,Listwise,42,G1-R2-RL-GradedNDCG64-CP-Align070-ShortlistUniform-K0-T1-s42,110,0.855768
A,Graded-only,Listwise,42,G1-R2-RL-GradedNDCG64-CP-Align070-ShortlistUniform-K0-T1-s42,111,0.809306
A,Graded-only,Listwise,42,G1-R2-RL-GradedNDCG64-CP-Align070-ShortlistUniform-K0-T1-s42,112,0.841034
A,Graded-only,Listwise,42,G1-R2-RL-GradedNDCG64-CP-Align070-ShortlistUniform-K0-T1-s42,113,0.844536
A,Graded-only,Listwise,2026,G1-R2-RL-GradedNDCG64-CP-Align070-ShortlistUniform-K0-T1-Seed2026-s2026,1,0.631042
A,Graded-only,Listwise,2026,G1-R2-RL-GradedNDCG64-CP-Align070-ShortlistUniform-K0-T1-Seed2026-s2026,2,0.698673
A,Graded-only,Listwise,2026,G1-R2-RL-GradedNDCG64-CP-Align070-ShortlistUniform-K0-T1-Seed2026-s2026,3,0.703587
A,Graded-only,Listwise,2026,G1-R2-RL-GradedNDCG64-CP-Align070-ShortlistUniform-K0-T1-Seed2026-s2026,4,0.645611
A,Graded-only,Listwise,2026,G1-R2-RL-GradedNDCG64-CP-Align070-ShortlistUniform-K0-T1-Seed2026-s2026,5,0.747128
A,Graded-only,Listwise,2026,G1-R2-RL-GradedNDCG64-CP-Align070-ShortlistUniform-K0-T1-Seed2026-s2026,6,0.684268
A,Graded-only,Listwise,2026,G1-R2-RL-GradedNDCG64-CP-Align070-ShortlistUniform-K0-T1-Seed2026-s2026,7,0.688745
A,Graded-only,Listwise,2026,G1-R2-RL-GradedNDCG64-CP-Align070-ShortlistUniform-K0-T1-Seed2026-s2026,8,0.686195
A,Graded-only,Listwise,2026,G1-R2-RL-GradedNDCG64-CP-Align070-ShortlistUniform-K0-T1-Seed2026-s2026,9,0.653008
A,Graded-only,Listwise,2026,G1-R2-RL-GradedNDCG64-CP-Align070-ShortlistUniform-K0-T1-Seed2026-s2026,10,0.683737
A,Graded-only,Listwise,2026,G1-R2-RL-GradedNDCG64-CP-Align070-ShortlistUniform-K0-T1-Seed2026-s2026,11,0.760547
A,Graded-only,Listwise,2026,G1-R2-RL-GradedNDCG64-CP-Align070-ShortlistUniform-K0-T1-Seed2026-s2026,12,0.720111
A,Graded-only,Listwise,2026,G1-R2-RL-GradedNDCG64-CP-Align070-ShortlistUniform-K0-T1-Seed2026-s2026,13,0.710101
A,Graded-only,Listwise,2026,G1-R2-RL-GradedNDCG64-CP-Align070-ShortlistUniform-K0-T1-Seed2026-s2026,14,0.738345
A,Graded-only,Listwise,2026,G1-R2-RL-GradedNDCG64-CP-Align070-ShortlistUniform-K0-T1-Seed2026-s2026,15,0.7323
A,Graded-only,Listwise,2026,G1-R2-RL-GradedNDCG64-CP-Align070-ShortlistUniform-K0-T1-Seed2026-s2026,16,0.738983
A,Graded-only,Listwise,2026,G1-R2-RL-GradedNDCG64-CP-Align070-ShortlistUniform-K0-T1-Seed2026-s2026,17,0.746919
A,Graded-only,Listwise,2026,G1-R2-RL-GradedNDCG64-CP-Align070-ShortlistUniform-K0-T1-Seed2026-s2026,18,0.749858
A,Graded-only,Listwise,2026,G1-R2-RL-GradedNDCG64-CP-Align070-ShortlistUniform-K0-T1-Seed2026-s2026,19,0.716197
A,Graded-only,Listwise,2026,G1-R2-RL-GradedNDCG64-CP-Align070-ShortlistUniform-K0-T1-Seed2026-s2026,20,0.747829
A,Graded-only,Listwise,2026,G1-R2-RL-GradedNDCG64-CP-Align070-ShortlistUniform-K0-T1-Seed2026-s2026,21,0.790591
A,Graded-only,Listwise,2026,G1-R2-RL-GradedNDCG64-CP-Align070-ShortlistUniform-K0-T1-Seed2026-s2026,22,0.740406
A,Graded-only,Listwise,2026,G1-R2-RL-GradedNDCG64-CP-Align070-ShortlistUniform-K0-T1-Seed2026-s2026,23,0.744604
A,Graded-only,Listwise,2026,G1-R2-RL-GradedNDCG64-CP-Align070-ShortlistUniform-K0-T1-Seed2026-s2026,24,0.74287
A,Graded-only,Listwise,2026,G1-R2-RL-GradedNDCG64-CP-Align070-ShortlistUniform-K0-T1-Seed2026-s2026,25,0.710992
A,Graded-only,Listwise,2026,G1-R2-RL-GradedNDCG64-CP-Align070-ShortlistUniform-K0-T1-Seed2026-s2026,26,0.735377
A,Graded-only,Listwise,2026,G1-R2-RL-GradedNDCG64-CP-Align070-ShortlistUniform-K0-T1-Seed2026-s2026,27,0.781162
A,Graded-only,Listwise,2026,G1-R2-RL-GradedNDCG64-CP-Align070-ShortlistUniform-K0-T1-Seed2026-s2026,28,0.752092
A,Graded-only,Listwise,2026,G1-R2-RL-GradedNDCG64-CP-Align070-ShortlistUniform-K0-T1-Seed2026-s2026,29,0.781577
A,Graded-only,Listwise,2026,G1-R2-RL-GradedNDCG64-CP-Align070-ShortlistUniform-K0-T1-Seed2026-s2026,30,0.73672
A,Graded-only,Listwise,2026,G1-R2-RL-GradedNDCG64-CP-Align070-ShortlistUniform-K0-T1-Seed2026-s2026,31,0.763332
A,Graded-only,Listwise,2026,G1-R2-RL-GradedNDCG64-CP-Align070-ShortlistUniform-K0-T1-Seed2026-s2026,32,0.744776
A,Graded-only,Listwise,2026,G1-R2-RL-GradedNDCG64-CP-Align070-ShortlistUniform-K0-T1-Seed2026-s2026,33,0.785934
A,Graded-only,Listwise,2026,G1-R2-RL-GradedNDCG64-CP-Align070-ShortlistUniform-K0-T1-Seed2026-s2026,34,0.758603
A,Graded-only,Listwise,2026,G1-R2-RL-GradedNDCG64-CP-Align070-ShortlistUniform-K0-T1-Seed2026-s2026,35,0.726411
A,Graded-only,Listwise,2026,G1-R2-RL-GradedNDCG64-CP-Align070-ShortlistUniform-K0-T1-Seed2026-s2026,36,0.800095
A,Graded-only,Listwise,2026,G1-R2-RL-GradedNDCG64-CP-Align070-ShortlistUniform-K0-T1-Seed2026-s2026,37,0.759349
A,Graded-only,Listwise,2026,G1-R2-RL-GradedNDCG64-CP-Align070-ShortlistUniform-K0-T1-Seed2026-s2026,38,0.751847
A,Graded-only,Listwise,2026,G1-R2-RL-GradedNDCG64-CP-Align070-ShortlistUniform-K0-T1-Seed2026-s2026,39,0.774856
A,Graded-only,Listwise,2026,G1-R2-RL-GradedNDCG64-CP-Align070-ShortlistUniform-K0-T1-Seed2026-s2026,40,0.810516
A,Graded-only,Listwise,2026,G1-R2-RL-GradedNDCG64-CP-Align070-ShortlistUniform-K0-T1-Seed2026-s2026,41,0.788926
A,Graded-only,Listwise,2026,G1-R2-RL-GradedNDCG64-CP-Align070-ShortlistUniform-K0-T1-Seed2026-s2026,42,0.807091
A,Graded-only,Listwise,2026,G1-R2-RL-GradedNDCG64-CP-Align070-ShortlistUniform-K0-T1-Seed2026-s2026,43,0.810385
A,Graded-only,Listwise,2026,G1-R2-RL-GradedNDCG64-CP-Align070-ShortlistUniform-K0-T1-Seed2026-s2026,44,0.803503
A,Graded-only,Listwise,2026,G1-R2-RL-GradedNDCG64-CP-Align070-ShortlistUniform-K0-T1-Seed2026-s2026,45,0.764006
A,Graded-only,Listwise,2026,G1-R2-RL-GradedNDCG64-CP-Align070-ShortlistUniform-K0-T1-Seed2026-s2026,46,0.751272
A,Graded-only,Listwise,2026,G1-R2-RL-GradedNDCG64-CP-Align070-ShortlistUniform-K0-T1-Seed2026-s2026,47,0.799517
A,Graded-only,Listwise,2026,G1-R2-RL-GradedNDCG64-CP-Align070-ShortlistUniform-K0-T1-Seed2026-s2026,48,0.793551
A,Graded-only,Listwise,2026,G1-R2-RL-GradedNDCG64-CP-Align070-ShortlistUniform-K0-T1-Seed2026-s2026,49,0.790064
A,Graded-only,Listwise,2026,G1-R2-RL-GradedNDCG64-CP-Align070-ShortlistUniform-K0-T1-Seed2026-s2026,50,0.802281
A,Graded-only,Listwise,2026,G1-R2-RL-GradedNDCG64-CP-Align070-ShortlistUniform-K0-T1-Seed2026-s2026,51,0.809523
A,Graded-only,Listwise,2026,G1-R2-RL-GradedNDCG64-CP-Align070-ShortlistUniform-K0-T1-Seed2026-s2026,52,0.755574
A,Graded-only,Listwise,2026,G1-R2-RL-GradedNDCG64-CP-Align070-ShortlistUniform-K0-T1-Seed2026-s2026,53,0.829433
A,Graded-only,Listwise,2026,G1-R2-RL-GradedNDCG64-CP-Align070-ShortlistUniform-K0-T1-Seed2026-s2026,54,0.801841
A,Graded-only,Listwise,2026,G1-R2-RL-GradedNDCG64-CP-Align070-ShortlistUniform-K0-T1-Seed2026-s2026,55,0.81169
A,Graded-only,Listwise,2026,G1-R2-RL-GradedNDCG64-CP-Align070-ShortlistUniform-K0-T1-Seed2026-s2026,56,0.787818
A,Graded-only,Listwise,2026,G1-R2-RL-GradedNDCG64-CP-Align070-ShortlistUniform-K0-T1-Seed2026-s2026,57,0.797419
A,Graded-only,Listwise,2026,G1-R2-RL-GradedNDCG64-CP-Align070-ShortlistUniform-K0-T1-Seed2026-s2026,58,0.794253
A,Graded-only,Listwise,2026,G1-R2-RL-GradedNDCG64-CP-Align070-ShortlistUniform-K0-T1-Seed2026-s2026,59,0.772846
A,Graded-only,Listwise,2026,G1-R2-RL-GradedNDCG64-CP-Align070-ShortlistUniform-K0-T1-Seed2026-s2026,60,0.809131
A,Graded-only,Listwise,2026,G1-R2-RL-GradedNDCG64-CP-Align070-ShortlistUniform-K0-T1-Seed2026-s2026,61,0.803412
A,Graded-only,Listwise,2026,G1-R2-RL-GradedNDCG64-CP-Align070-ShortlistUniform-K0-T1-Seed2026-s2026,62,0.820207
A,Graded-only,Listwise,2026,G1-R2-RL-GradedNDCG64-CP-Align070-ShortlistUniform-K0-T1-Seed2026-s2026,63,0.787071
A,Graded-only,Listwise,2026,G1-R2-RL-GradedNDCG64-CP-Align070-ShortlistUniform-K0-T1-Seed2026-s2026,64,0.757605
A,Graded-only,Listwise,2026,G1-R2-RL-GradedNDCG64-CP-Align070-ShortlistUniform-K0-T1-Seed2026-s2026,65,0.791398
A,Graded-only,Listwise,2026,G1-R2-RL-GradedNDCG64-CP-Align070-ShortlistUniform-K0-T1-Seed2026-s2026,66,0.818707
A,Graded-only,Listwise,2026,G1-R2-RL-GradedNDCG64-CP-Align070-ShortlistUniform-K0-T1-Seed2026-s2026,67,0.802665
A,Graded-only,Listwise,2026,G1-R2-RL-GradedNDCG64-CP-Align070-ShortlistUniform-K0-T1-Seed2026-s2026,68,0.832864
A,Graded-only,Listwise,2026,G1-R2-RL-GradedNDCG64-CP-Align070-ShortlistUniform-K0-T1-Seed2026-s2026,69,0.771522
A,Graded-only,Listwise,2026,G1-R2-RL-GradedNDCG64-CP-Align070-ShortlistUniform-K0-T1-Seed2026-s2026,70,0.802266
A,Graded-only,Listwise,2026,G1-R2-RL-GradedNDCG64-CP-Align070-ShortlistUniform-K0-T1-Seed2026-s2026,71,0.816467
A,Graded-only,Listwise,2026,G1-R2-RL-GradedNDCG64-CP-Align070-ShortlistUniform-K0-T1-Seed2026-s2026,72,0.823947
A,Graded-only,Listwise,2026,G1-R2-RL-GradedNDCG64-CP-Align070-ShortlistUniform-K0-T1-Seed2026-s2026,73,0.783805
A,Graded-only,Listwise,2026,G1-R2-RL-GradedNDCG64-CP-Align070-ShortlistUniform-K0-T1-Seed2026-s2026,74,0.8014
A,Graded-only,Listwise,2026,G1-R2-RL-GradedNDCG64-CP-Align070-ShortlistUniform-K0-T1-Seed2026-s2026,75,0.829814
A,Graded-only,Listwise,2026,G1-R2-RL-GradedNDCG64-CP-Align070-ShortlistUniform-K0-T1-Seed2026-s2026,76,0.780602
A,Graded-only,Listwise,2026,G1-R2-RL-GradedNDCG64-CP-Align070-ShortlistUniform-K0-T1-Seed2026-s2026,77,0.787451
A,Graded-only,Listwise,2026,G1-R2-RL-GradedNDCG64-CP-Align070-ShortlistUniform-K0-T1-Seed2026-s2026,78,0.855754
A,Graded-only,Listwise,2026,G1-R2-RL-GradedNDCG64-CP-Align070-ShortlistUniform-K0-T1-Seed2026-s2026,79,0.808417
A,Graded-only,Listwise,2026,G1-R2-RL-GradedNDCG64-CP-Align070-ShortlistUniform-K0-T1-Seed2026-s2026,80,0.86351
A,Graded-only,Listwise,2026,G1-R2-RL-GradedNDCG64-CP-Align070-ShortlistUniform-K0-T1-Seed2026-s2026,81,0.846817
A,Graded-only,Listwise,2026,G1-R2-RL-GradedNDCG64-CP-Align070-ShortlistUniform-K0-T1-Seed2026-s2026,82,0.797364
A,Graded-only,Listwise,2026,G1-R2-RL-GradedNDCG64-CP-Align070-ShortlistUniform-K0-T1-Seed2026-s2026,83,0.831763
A,Graded-only,Listwise,2026,G1-R2-RL-GradedNDCG64-CP-Align070-ShortlistUniform-K0-T1-Seed2026-s2026,84,0.848267
A,Graded-only,Listwise,2026,G1-R2-RL-GradedNDCG64-CP-Align070-ShortlistUniform-K0-T1-Seed2026-s2026,85,0.845952
A,Graded-only,Listwise,2026,G1-R2-RL-GradedNDCG64-CP-Align070-ShortlistUniform-K0-T1-Seed2026-s2026,86,0.77949
A,Graded-only,Listwise,2026,G1-R2-RL-GradedNDCG64-CP-Align070-ShortlistUniform-K0-T1-Seed2026-s2026,87,0.861226
A,Graded-only,Listwise,2026,G1-R2-RL-GradedNDCG64-CP-Align070-ShortlistUniform-K0-T1-Seed2026-s2026,88,0.834884
A,Graded-only,Listwise,2026,G1-R2-RL-GradedNDCG64-CP-Align070-ShortlistUniform-K0-T1-Seed2026-s2026,89,0.786261
A,Graded-only,Listwise,2026,G1-R2-RL-GradedNDCG64-CP-Align070-ShortlistUniform-K0-T1-Seed2026-s2026,90,0.82281
A,Graded-only,Listwise,2026,G1-R2-RL-GradedNDCG64-CP-Align070-ShortlistUniform-K0-T1-Seed2026-s2026,91,0.81305
A,Graded-only,Listwise,2026,G1-R2-RL-GradedNDCG64-CP-Align070-ShortlistUniform-K0-T1-Seed2026-s2026,92,0.835384
A,Graded-only,Listwise,2026,G1-R2-RL-GradedNDCG64-CP-Align070-ShortlistUniform-K0-T1-Seed2026-s2026,93,0.809781
A,Graded-only,Listwise,2026,G1-R2-RL-GradedNDCG64-CP-Align070-ShortlistUniform-K0-T1-Seed2026-s2026,94,0.819773
A,Graded-only,Listwise,2026,G1-R2-RL-GradedNDCG64-CP-Align070-ShortlistUniform-K0-T1-Seed2026-s2026,95,0.801234
A,Graded-only,Listwise,2026,G1-R2-RL-GradedNDCG64-CP-Align070-ShortlistUniform-K0-T1-Seed2026-s2026,96,0.841143
A,Graded-only,Listwise,2026,G1-R2-RL-GradedNDCG64-CP-Align070-ShortlistUniform-K0-T1-Seed2026-s2026,97,0.80126
A,Graded-only,Listwise,2026,G1-R2-RL-GradedNDCG64-CP-Align070-ShortlistUniform-K0-T1-Seed2026-s2026,98,0.824896
A,Graded-only,Listwise,2026,G1-R2-RL-GradedNDCG64-CP-Align070-ShortlistUniform-K0-T1-Seed2026-s2026,99,0.82405
A,Graded-only,Listwise,2026,G1-R2-RL-GradedNDCG64-CP-Align070-ShortlistUniform-K0-T1-Seed2026-s2026,100,0.836491
A,Graded-only,Listwise,2026,G1-R2-RL-GradedNDCG64-CP-Align070-ShortlistUniform-K0-T1-Seed2026-s2026,101,0.801879
A,Graded-only,Listwise,2026,G1-R2-RL-GradedNDCG64-CP-Align070-ShortlistUniform-K0-T1-Seed2026-s2026,102,0.829432
A,Graded-only,Listwise,2026,G1-R2-RL-GradedNDCG64-CP-Align070-ShortlistUniform-K0-T1-Seed2026-s2026,103,0.84104
A,Graded-only,Listwise,2026,G1-R2-RL-GradedNDCG64-CP-Align070-ShortlistUniform-K0-T1-Seed2026-s2026,104,0.81971
A,Graded-only,Listwise,2026,G1-R2-RL-GradedNDCG64-CP-Align070-ShortlistUniform-K0-T1-Seed2026-s2026,105,0.815043
A,Graded-only,Listwise,2026,G1-R2-RL-GradedNDCG64-CP-Align070-ShortlistUniform-K0-T1-Seed2026-s2026,106,0.855124
A,Graded-only,Listwise,2026,G1-R2-RL-GradedNDCG64-CP-Align070-ShortlistUniform-K0-T1-Seed2026-s2026,107,0.808439
A,Graded-only,Listwise,2026,G1-R2-RL-GradedNDCG64-CP-Align070-ShortlistUniform-K0-T1-Seed2026-s2026,108,0.825125
A,Graded-only,Listwise,2026,G1-R2-RL-GradedNDCG64-CP-Align070-ShortlistUniform-K0-T1-Seed2026-s2026,109,0.830643
A,Graded-only,Listwise,2026,G1-R2-RL-GradedNDCG64-CP-Align070-ShortlistUniform-K0-T1-Seed2026-s2026,110,0.812765
A,Graded-only,Listwise,2026,G1-R2-RL-GradedNDCG64-CP-Align070-ShortlistUniform-K0-T1-Seed2026-s2026,111,0.817238
A,Graded-only,Listwise,2026,G1-R2-RL-GradedNDCG64-CP-Align070-ShortlistUniform-K0-T1-Seed2026-s2026,112,0.815032
A,Graded-only,Listwise,2026,G1-R2-RL-GradedNDCG64-CP-Align070-ShortlistUniform-K0-T1-Seed2026-s2026,113,0.822244
A,Graded-only,Listwise,3407,G1-R2-RL-GradedNDCG64-CP-Align070-ShortlistUniform-K0-T1-Seed3407-s3407,1,0.667828
A,Graded-only,Listwise,3407,G1-R2-RL-GradedNDCG64-CP-Align070-ShortlistUniform-K0-T1-Seed3407-s3407,2,0.650589
A,Graded-only,Listwise,3407,G1-R2-RL-GradedNDCG64-CP-Align070-ShortlistUniform-K0-T1-Seed3407-s3407,3,0.632053
A,Graded-only,Listwise,3407,G1-R2-RL-GradedNDCG64-CP-Align070-ShortlistUniform-K0-T1-Seed3407-s3407,4,0.63942
A,Graded-only,Listwise,3407,G1-R2-RL-GradedNDCG64-CP-Align070-ShortlistUniform-K0-T1-Seed3407-s3407,5,0.635738
A,Graded-only,Listwise,3407,G1-R2-RL-GradedNDCG64-CP-Align070-ShortlistUniform-K0-T1-Seed3407-s3407,6,0.688798
A,Graded-only,Listwise,3407,G1-R2-RL-GradedNDCG64-CP-Align070-ShortlistUniform-K0-T1-Seed3407-s3407,7,0.616177
A,Graded-only,Listwise,3407,G1-R2-RL-GradedNDCG64-CP-Align070-ShortlistUniform-K0-T1-Seed3407-s3407,8,0.701224
A,Graded-only,Listwise,3407,G1-R2-RL-GradedNDCG64-CP-Align070-ShortlistUniform-K0-T1-Seed3407-s3407,9,0.739805
A,Graded-only,Listwise,3407,G1-R2-RL-GradedNDCG64-CP-Align070-ShortlistUniform-K0-T1-Seed3407-s3407,10,0.707999
A,Graded-only,Listwise,3407,G1-R2-RL-GradedNDCG64-CP-Align070-ShortlistUniform-K0-T1-Seed3407-s3407,11,0.752323
A,Graded-only,Listwise,3407,G1-R2-RL-GradedNDCG64-CP-Align070-ShortlistUniform-K0-T1-Seed3407-s3407,12,0.756658
A,Graded-only,Listwise,3407,G1-R2-RL-GradedNDCG64-CP-Align070-ShortlistUniform-K0-T1-Seed3407-s3407,13,0.753131
A,Graded-only,Listwise,3407,G1-R2-RL-GradedNDCG64-CP-Align070-ShortlistUniform-K0-T1-Seed3407-s3407,14,0.773649
A,Graded-only,Listwise,3407,G1-R2-RL-GradedNDCG64-CP-Align070-ShortlistUniform-K0-T1-Seed3407-s3407,15,0.735583
A,Graded-only,Listwise,3407,G1-R2-RL-GradedNDCG64-CP-Align070-ShortlistUniform-K0-T1-Seed3407-s3407,16,0.761549
A,Graded-only,Listwise,3407,G1-R2-RL-GradedNDCG64-CP-Align070-ShortlistUniform-K0-T1-Seed3407-s3407,17,0.708503
A,Graded-only,Listwise,3407,G1-R2-RL-GradedNDCG64-CP-Align070-ShortlistUniform-K0-T1-Seed3407-s3407,18,0.714739
A,Graded-only,Listwise,3407,G1-R2-RL-GradedNDCG64-CP-Align070-ShortlistUniform-K0-T1-Seed3407-s3407,19,0.703105
A,Graded-only,Listwise,3407,G1-R2-RL-GradedNDCG64-CP-Align070-ShortlistUniform-K0-T1-Seed3407-s3407,20,0.77341
A,Graded-only,Listwise,3407,G1-R2-RL-GradedNDCG64-CP-Align070-ShortlistUniform-K0-T1-Seed3407-s3407,21,0.768244
A,Graded-only,Listwise,3407,G1-R2-RL-GradedNDCG64-CP-Align070-ShortlistUniform-K0-T1-Seed3407-s3407,22,0.739608
A,Graded-only,Listwise,3407,G1-R2-RL-GradedNDCG64-CP-Align070-ShortlistUniform-K0-T1-Seed3407-s3407,23,0.792256
A,Graded-only,Listwise,3407,G1-R2-RL-GradedNDCG64-CP-Align070-ShortlistUniform-K0-T1-Seed3407-s3407,24,0.752801
A,Graded-only,Listwise,3407,G1-R2-RL-GradedNDCG64-CP-Align070-ShortlistUniform-K0-T1-Seed3407-s3407,25,0.759611
A,Graded-only,Listwise,3407,G1-R2-RL-GradedNDCG64-CP-Align070-ShortlistUniform-K0-T1-Seed3407-s3407,26,0.73484
A,Graded-only,Listwise,3407,G1-R2-RL-GradedNDCG64-CP-Align070-ShortlistUniform-K0-T1-Seed3407-s3407,27,0.772659
A,Graded-only,Listwise,3407,G1-R2-RL-GradedNDCG64-CP-Align070-ShortlistUniform-K0-T1-Seed3407-s3407,28,0.771038
A,Graded-only,Listwise,3407,G1-R2-RL-GradedNDCG64-CP-Align070-ShortlistUniform-K0-T1-Seed3407-s3407,29,0.778884
A,Graded-only,Listwise,3407,G1-R2-RL-GradedNDCG64-CP-Align070-ShortlistUniform-K0-T1-Seed3407-s3407,30,0.718266
A,Graded-only,Listwise,3407,G1-R2-RL-GradedNDCG64-CP-Align070-ShortlistUniform-K0-T1-Seed3407-s3407,31,0.774699
A,Graded-only,Listwise,3407,G1-R2-RL-GradedNDCG64-CP-Align070-ShortlistUniform-K0-T1-Seed3407-s3407,32,0.755846
A,Graded-only,Listwise,3407,G1-R2-RL-GradedNDCG64-CP-Align070-ShortlistUniform-K0-T1-Seed3407-s3407,33,0.781811
A,Graded-only,Listwise,3407,G1-R2-RL-GradedNDCG64-CP-Align070-ShortlistUniform-K0-T1-Seed3407-s3407,34,0.758507
A,Graded-only,Listwise,3407,G1-R2-RL-GradedNDCG64-CP-Align070-ShortlistUniform-K0-T1-Seed3407-s3407,35,0.758777
A,Graded-only,Listwise,3407,G1-R2-RL-GradedNDCG64-CP-Align070-ShortlistUniform-K0-T1-Seed3407-s3407,36,0.747802
A,Graded-only,Listwise,3407,G1-R2-RL-GradedNDCG64-CP-Align070-ShortlistUniform-K0-T1-Seed3407-s3407,37,0.747758
A,Graded-only,Listwise,3407,G1-R2-RL-GradedNDCG64-CP-Align070-ShortlistUniform-K0-T1-Seed3407-s3407,38,0.786328
A,Graded-only,Listwise,3407,G1-R2-RL-GradedNDCG64-CP-Align070-ShortlistUniform-K0-T1-Seed3407-s3407,39,0.748876
A,Graded-only,Listwise,3407,G1-R2-RL-GradedNDCG64-CP-Align070-ShortlistUniform-K0-T1-Seed3407-s3407,40,0.80521
A,Graded-only,Listwise,3407,G1-R2-RL-GradedNDCG64-CP-Align070-ShortlistUniform-K0-T1-Seed3407-s3407,41,0.808966
A,Graded-only,Listwise,3407,G1-R2-RL-GradedNDCG64-CP-Align070-ShortlistUniform-K0-T1-Seed3407-s3407,42,0.76451
A,Graded-only,Listwise,3407,G1-R2-RL-GradedNDCG64-CP-Align070-ShortlistUniform-K0-T1-Seed3407-s3407,43,0.763713
A,Graded-only,Listwise,3407,G1-R2-RL-GradedNDCG64-CP-Align070-ShortlistUniform-K0-T1-Seed3407-s3407,44,0.777459
A,Graded-only,Listwise,3407,G1-R2-RL-GradedNDCG64-CP-Align070-ShortlistUniform-K0-T1-Seed3407-s3407,45,0.806958
A,Graded-only,Listwise,3407,G1-R2-RL-GradedNDCG64-CP-Align070-ShortlistUniform-K0-T1-Seed3407-s3407,46,0.786672
A,Graded-only,Listwise,3407,G1-R2-RL-GradedNDCG64-CP-Align070-ShortlistUniform-K0-T1-Seed3407-s3407,47,0.78157
A,Graded-only,Listwise,3407,G1-R2-RL-GradedNDCG64-CP-Align070-ShortlistUniform-K0-T1-Seed3407-s3407,48,0.809008
A,Graded-only,Listwise,3407,G1-R2-RL-GradedNDCG64-CP-Align070-ShortlistUniform-K0-T1-Seed3407-s3407,49,0.805038
A,Graded-only,Listwise,3407,G1-R2-RL-GradedNDCG64-CP-Align070-ShortlistUniform-K0-T1-Seed3407-s3407,50,0.810046
A,Graded-only,Listwise,3407,G1-R2-RL-GradedNDCG64-CP-Align070-ShortlistUniform-K0-T1-Seed3407-s3407,51,0.785983
A,Graded-only,Listwise,3407,G1-R2-RL-GradedNDCG64-CP-Align070-ShortlistUniform-K0-T1-Seed3407-s3407,52,0.761527
A,Graded-only,Listwise,3407,G1-R2-RL-GradedNDCG64-CP-Align070-ShortlistUniform-K0-T1-Seed3407-s3407,53,0.843342
A,Graded-only,Listwise,3407,G1-R2-RL-GradedNDCG64-CP-Align070-ShortlistUniform-K0-T1-Seed3407-s3407,54,0.794311
A,Graded-only,Listwise,3407,G1-R2-RL-GradedNDCG64-CP-Align070-ShortlistUniform-K0-T1-Seed3407-s3407,55,0.818413
A,Graded-only,Listwise,3407,G1-R2-RL-GradedNDCG64-CP-Align070-ShortlistUniform-K0-T1-Seed3407-s3407,56,0.795398
A,Graded-only,Listwise,3407,G1-R2-RL-GradedNDCG64-CP-Align070-ShortlistUniform-K0-T1-Seed3407-s3407,57,0.791063
A,Graded-only,Listwise,3407,G1-R2-RL-GradedNDCG64-CP-Align070-ShortlistUniform-K0-T1-Seed3407-s3407,58,0.836352
A,Graded-only,Listwise,3407,G1-R2-RL-GradedNDCG64-CP-Align070-ShortlistUniform-K0-T1-Seed3407-s3407,59,0.762841
A,Graded-only,Listwise,3407,G1-R2-RL-GradedNDCG64-CP-Align070-ShortlistUniform-K0-T1-Seed3407-s3407,60,0.814127
A,Graded-only,Listwise,3407,G1-R2-RL-GradedNDCG64-CP-Align070-ShortlistUniform-K0-T1-Seed3407-s3407,61,0.799408
A,Graded-only,Listwise,3407,G1-R2-RL-GradedNDCG64-CP-Align070-ShortlistUniform-K0-T1-Seed3407-s3407,62,0.8079
A,Graded-only,Listwise,3407,G1-R2-RL-GradedNDCG64-CP-Align070-ShortlistUniform-K0-T1-Seed3407-s3407,63,0.825346
A,Graded-only,Listwise,3407,G1-R2-RL-GradedNDCG64-CP-Align070-ShortlistUniform-K0-T1-Seed3407-s3407,64,0.784682
A,Graded-only,Listwise,3407,G1-R2-RL-GradedNDCG64-CP-Align070-ShortlistUniform-K0-T1-Seed3407-s3407,65,0.780302
A,Graded-only,Listwise,3407,G1-R2-RL-GradedNDCG64-CP-Align070-ShortlistUniform-K0-T1-Seed3407-s3407,66,0.792326
A,Graded-only,Listwise,3407,G1-R2-RL-GradedNDCG64-CP-Align070-ShortlistUniform-K0-T1-Seed3407-s3407,67,0.828196
A,Graded-only,Listwise,3407,G1-R2-RL-GradedNDCG64-CP-Align070-ShortlistUniform-K0-T1-Seed3407-s3407,68,0.767898
A,Graded-only,Listwise,3407,G1-R2-RL-GradedNDCG64-CP-Align070-ShortlistUniform-K0-T1-Seed3407-s3407,69,0.79558
A,Graded-only,Listwise,3407,G1-R2-RL-GradedNDCG64-CP-Align070-ShortlistUniform-K0-T1-Seed3407-s3407,70,0.776335
A,Graded-only,Listwise,3407,G1-R2-RL-GradedNDCG64-CP-Align070-ShortlistUniform-K0-T1-Seed3407-s3407,71,0.799294
A,Graded-only,Listwise,3407,G1-R2-RL-GradedNDCG64-CP-Align070-ShortlistUniform-K0-T1-Seed3407-s3407,72,0.814761
A,Graded-only,Listwise,3407,G1-R2-RL-GradedNDCG64-CP-Align070-ShortlistUniform-K0-T1-Seed3407-s3407,73,0.799446
A,Graded-only,Listwise,3407,G1-R2-RL-GradedNDCG64-CP-Align070-ShortlistUniform-K0-T1-Seed3407-s3407,74,0.811456
A,Graded-only,Listwise,3407,G1-R2-RL-GradedNDCG64-CP-Align070-ShortlistUniform-K0-T1-Seed3407-s3407,75,0.801567
A,Graded-only,Listwise,3407,G1-R2-RL-GradedNDCG64-CP-Align070-ShortlistUniform-K0-T1-Seed3407-s3407,76,0.776492
A,Graded-only,Listwise,3407,G1-R2-RL-GradedNDCG64-CP-Align070-ShortlistUniform-K0-T1-Seed3407-s3407,77,0.814604
A,Graded-only,Listwise,3407,G1-R2-RL-GradedNDCG64-CP-Align070-ShortlistUniform-K0-T1-Seed3407-s3407,78,0.836199
A,Graded-only,Listwise,3407,G1-R2-RL-GradedNDCG64-CP-Align070-ShortlistUniform-K0-T1-Seed3407-s3407,79,0.82247
A,Graded-only,Listwise,3407,G1-R2-RL-GradedNDCG64-CP-Align070-ShortlistUniform-K0-T1-Seed3407-s3407,80,0.825731
A,Graded-only,Listwise,3407,G1-R2-RL-GradedNDCG64-CP-Align070-ShortlistUniform-K0-T1-Seed3407-s3407,81,0.831423
A,Graded-only,Listwise,3407,G1-R2-RL-GradedNDCG64-CP-Align070-ShortlistUniform-K0-T1-Seed3407-s3407,82,0.823877
A,Graded-only,Listwise,3407,G1-R2-RL-GradedNDCG64-CP-Align070-ShortlistUniform-K0-T1-Seed3407-s3407,83,0.805289
A,Graded-only,Listwise,3407,G1-R2-RL-GradedNDCG64-CP-Align070-ShortlistUniform-K0-T1-Seed3407-s3407,84,0.845332
A,Graded-only,Listwise,3407,G1-R2-RL-GradedNDCG64-CP-Align070-ShortlistUniform-K0-T1-Seed3407-s3407,85,0.812374
A,Graded-only,Listwise,3407,G1-R2-RL-GradedNDCG64-CP-Align070-ShortlistUniform-K0-T1-Seed3407-s3407,86,0.817446
A,Graded-only,Listwise,3407,G1-R2-RL-GradedNDCG64-CP-Align070-ShortlistUniform-K0-T1-Seed3407-s3407,87,0.807137
A,Graded-only,Listwise,3407,G1-R2-RL-GradedNDCG64-CP-Align070-ShortlistUniform-K0-T1-Seed3407-s3407,88,0.78752
A,Graded-only,Listwise,3407,G1-R2-RL-GradedNDCG64-CP-Align070-ShortlistUniform-K0-T1-Seed3407-s3407,89,0.797507
A,Graded-only,Listwise,3407,G1-R2-RL-GradedNDCG64-CP-Align070-ShortlistUniform-K0-T1-Seed3407-s3407,90,0.833094
A,Graded-only,Listwise,3407,G1-R2-RL-GradedNDCG64-CP-Align070-ShortlistUniform-K0-T1-Seed3407-s3407,91,0.833859
A,Graded-only,Listwise,3407,G1-R2-RL-GradedNDCG64-CP-Align070-ShortlistUniform-K0-T1-Seed3407-s3407,92,0.83771
A,Graded-only,Listwise,3407,G1-R2-RL-GradedNDCG64-CP-Align070-ShortlistUniform-K0-T1-Seed3407-s3407,93,0.821321
A,Graded-only,Listwise,3407,G1-R2-RL-GradedNDCG64-CP-Align070-ShortlistUniform-K0-T1-Seed3407-s3407,94,0.791297
A,Graded-only,Listwise,3407,G1-R2-RL-GradedNDCG64-CP-Align070-ShortlistUniform-K0-T1-Seed3407-s3407,95,0.825632
A,Graded-only,Listwise,3407,G1-R2-RL-GradedNDCG64-CP-Align070-ShortlistUniform-K0-T1-Seed3407-s3407,96,0.841836
A,Graded-only,Listwise,3407,G1-R2-RL-GradedNDCG64-CP-Align070-ShortlistUniform-K0-T1-Seed3407-s3407,97,0.821041
A,Graded-only,Listwise,3407,G1-R2-RL-GradedNDCG64-CP-Align070-ShortlistUniform-K0-T1-Seed3407-s3407,98,0.849012
A,Graded-only,Listwise,3407,G1-R2-RL-GradedNDCG64-CP-Align070-ShortlistUniform-K0-T1-Seed3407-s3407,99,0.8283
A,Graded-only,Listwise,3407,G1-R2-RL-GradedNDCG64-CP-Align070-ShortlistUniform-K0-T1-Seed3407-s3407,100,0.830189
A,Graded-only,Listwise,3407,G1-R2-RL-GradedNDCG64-CP-Align070-ShortlistUniform-K0-T1-Seed3407-s3407,101,0.828745
A,Graded-only,Listwise,3407,G1-R2-RL-GradedNDCG64-CP-Align070-ShortlistUniform-K0-T1-Seed3407-s3407,102,0.816883
A,Graded-only,Listwise,3407,G1-R2-RL-GradedNDCG64-CP-Align070-ShortlistUniform-K0-T1-Seed3407-s3407,103,0.827397
A,Graded-only,Listwise,3407,G1-R2-RL-GradedNDCG64-CP-Align070-ShortlistUniform-K0-T1-Seed3407-s3407,104,0.811394
A,Graded-only,Listwise,3407,G1-R2-RL-GradedNDCG64-CP-Align070-ShortlistUniform-K0-T1-Seed3407-s3407,105,0.834179
A,Graded-only,Listwise,3407,G1-R2-RL-GradedNDCG64-CP-Align070-ShortlistUniform-K0-T1-Seed3407-s3407,106,0.820625
A,Graded-only,Listwise,3407,G1-R2-RL-GradedNDCG64-CP-Align070-ShortlistUniform-K0-T1-Seed3407-s3407,107,0.834776
A,Graded-only,Listwise,3407,G1-R2-RL-GradedNDCG64-CP-Align070-ShortlistUniform-K0-T1-Seed3407-s3407,108,0.814893
A,Graded-only,Listwise,3407,G1-R2-RL-GradedNDCG64-CP-Align070-ShortlistUniform-K0-T1-Seed3407-s3407,109,0.817921
A,Graded-only,Listwise,3407,G1-R2-RL-GradedNDCG64-CP-Align070-ShortlistUniform-K0-T1-Seed3407-s3407,110,0.819018
A,Graded-only,Listwise,3407,G1-R2-RL-GradedNDCG64-CP-Align070-ShortlistUniform-K0-T1-Seed3407-s3407,111,0.848715
A,Graded-only,Listwise,3407,G1-R2-RL-GradedNDCG64-CP-Align070-ShortlistUniform-K0-T1-Seed3407-s3407,112,0.845424
A,Graded-only,Listwise,3407,G1-R2-RL-GradedNDCG64-CP-Align070-ShortlistUniform-K0-T1-Seed3407-s3407,113,0.8361
A,RELER,RELER,42,G1-R2-RL-GradedNDCG64-CP-Align070-ShortlistUniform-K0-T1-Pairwise050-s42,1,0.701965
A,RELER,RELER,42,G1-R2-RL-GradedNDCG64-CP-Align070-ShortlistUniform-K0-T1-Pairwise050-s42,2,0.691539
A,RELER,RELER,42,G1-R2-RL-GradedNDCG64-CP-Align070-ShortlistUniform-K0-T1-Pairwise050-s42,3,0.696217
A,RELER,RELER,42,G1-R2-RL-GradedNDCG64-CP-Align070-ShortlistUniform-K0-T1-Pairwise050-s42,4,0.638331
A,RELER,RELER,42,G1-R2-RL-GradedNDCG64-CP-Align070-ShortlistUniform-K0-T1-Pairwise050-s42,5,0.698259
A,RELER,RELER,42,G1-R2-RL-GradedNDCG64-CP-Align070-ShortlistUniform-K0-T1-Pairwise050-s42,6,0.702846
A,RELER,RELER,42,G1-R2-RL-GradedNDCG64-CP-Align070-ShortlistUniform-K0-T1-Pairwise050-s42,7,0.731149
A,RELER,RELER,42,G1-R2-RL-GradedNDCG64-CP-Align070-ShortlistUniform-K0-T1-Pairwise050-s42,8,0.756606
A,RELER,RELER,42,G1-R2-RL-GradedNDCG64-CP-Align070-ShortlistUniform-K0-T1-Pairwise050-s42,9,0.62733
A,RELER,RELER,42,G1-R2-RL-GradedNDCG64-CP-Align070-ShortlistUniform-K0-T1-Pairwise050-s42,10,0.649648
A,RELER,RELER,42,G1-R2-RL-GradedNDCG64-CP-Align070-ShortlistUniform-K0-T1-Pairwise050-s42,11,0.682914
A,RELER,RELER,42,G1-R2-RL-GradedNDCG64-CP-Align070-ShortlistUniform-K0-T1-Pairwise050-s42,12,0.730439
A,RELER,RELER,42,G1-R2-RL-GradedNDCG64-CP-Align070-ShortlistUniform-K0-T1-Pairwise050-s42,13,0.728182
A,RELER,RELER,42,G1-R2-RL-GradedNDCG64-CP-Align070-ShortlistUniform-K0-T1-Pairwise050-s42,14,0.785617
A,RELER,RELER,42,G1-R2-RL-GradedNDCG64-CP-Align070-ShortlistUniform-K0-T1-Pairwise050-s42,15,0.682486
A,RELER,RELER,42,G1-R2-RL-GradedNDCG64-CP-Align070-ShortlistUniform-K0-T1-Pairwise050-s42,16,0.761146
A,RELER,RELER,42,G1-R2-RL-GradedNDCG64-CP-Align070-ShortlistUniform-K0-T1-Pairwise050-s42,17,0.744109
A,RELER,RELER,42,G1-R2-RL-GradedNDCG64-CP-Align070-ShortlistUniform-K0-T1-Pairwise050-s42,18,0.683969
A,RELER,RELER,42,G1-R2-RL-GradedNDCG64-CP-Align070-ShortlistUniform-K0-T1-Pairwise050-s42,19,0.757255
A,RELER,RELER,42,G1-R2-RL-GradedNDCG64-CP-Align070-ShortlistUniform-K0-T1-Pairwise050-s42,20,0.69052
A,RELER,RELER,42,G1-R2-RL-GradedNDCG64-CP-Align070-ShortlistUniform-K0-T1-Pairwise050-s42,21,0.730585
A,RELER,RELER,42,G1-R2-RL-GradedNDCG64-CP-Align070-ShortlistUniform-K0-T1-Pairwise050-s42,22,0.761467
A,RELER,RELER,42,G1-R2-RL-GradedNDCG64-CP-Align070-ShortlistUniform-K0-T1-Pairwise050-s42,23,0.759938
A,RELER,RELER,42,G1-R2-RL-GradedNDCG64-CP-Align070-ShortlistUniform-K0-T1-Pairwise050-s42,24,0.750339
A,RELER,RELER,42,G1-R2-RL-GradedNDCG64-CP-Align070-ShortlistUniform-K0-T1-Pairwise050-s42,25,0.730768
A,RELER,RELER,42,G1-R2-RL-GradedNDCG64-CP-Align070-ShortlistUniform-K0-T1-Pairwise050-s42,26,0.739457
A,RELER,RELER,42,G1-R2-RL-GradedNDCG64-CP-Align070-ShortlistUniform-K0-T1-Pairwise050-s42,27,0.779731
A,RELER,RELER,42,G1-R2-RL-GradedNDCG64-CP-Align070-ShortlistUniform-K0-T1-Pairwise050-s42,28,0.779063
A,RELER,RELER,42,G1-R2-RL-GradedNDCG64-CP-Align070-ShortlistUniform-K0-T1-Pairwise050-s42,29,0.711053
A,RELER,RELER,42,G1-R2-RL-GradedNDCG64-CP-Align070-ShortlistUniform-K0-T1-Pairwise050-s42,30,0.758033
A,RELER,RELER,42,G1-R2-RL-GradedNDCG64-CP-Align070-ShortlistUniform-K0-T1-Pairwise050-s42,31,0.740313
A,RELER,RELER,42,G1-R2-RL-GradedNDCG64-CP-Align070-ShortlistUniform-K0-T1-Pairwise050-s42,32,0.707854
A,RELER,RELER,42,G1-R2-RL-GradedNDCG64-CP-Align070-ShortlistUniform-K0-T1-Pairwise050-s42,33,0.801194
A,RELER,RELER,42,G1-R2-RL-GradedNDCG64-CP-Align070-ShortlistUniform-K0-T1-Pairwise050-s42,34,0.750853
A,RELER,RELER,42,G1-R2-RL-GradedNDCG64-CP-Align070-ShortlistUniform-K0-T1-Pairwise050-s42,35,0.778107
A,RELER,RELER,42,G1-R2-RL-GradedNDCG64-CP-Align070-ShortlistUniform-K0-T1-Pairwise050-s42,36,0.767313
A,RELER,RELER,42,G1-R2-RL-GradedNDCG64-CP-Align070-ShortlistUniform-K0-T1-Pairwise050-s42,37,0.759986
A,RELER,RELER,42,G1-R2-RL-GradedNDCG64-CP-Align070-ShortlistUniform-K0-T1-Pairwise050-s42,38,0.751191
A,RELER,RELER,42,G1-R2-RL-GradedNDCG64-CP-Align070-ShortlistUniform-K0-T1-Pairwise050-s42,39,0.787189
A,RELER,RELER,42,G1-R2-RL-GradedNDCG64-CP-Align070-ShortlistUniform-K0-T1-Pairwise050-s42,40,0.814008
A,RELER,RELER,42,G1-R2-RL-GradedNDCG64-CP-Align070-ShortlistUniform-K0-T1-Pairwise050-s42,41,0.781061
A,RELER,RELER,42,G1-R2-RL-GradedNDCG64-CP-Align070-ShortlistUniform-K0-T1-Pairwise050-s42,42,0.729837
A,RELER,RELER,42,G1-R2-RL-GradedNDCG64-CP-Align070-ShortlistUniform-K0-T1-Pairwise050-s42,43,0.781566
A,RELER,RELER,42,G1-R2-RL-GradedNDCG64-CP-Align070-ShortlistUniform-K0-T1-Pairwise050-s42,44,0.758324
A,RELER,RELER,42,G1-R2-RL-GradedNDCG64-CP-Align070-ShortlistUniform-K0-T1-Pairwise050-s42,45,0.789545
A,RELER,RELER,42,G1-R2-RL-GradedNDCG64-CP-Align070-ShortlistUniform-K0-T1-Pairwise050-s42,46,0.783544
A,RELER,RELER,42,G1-R2-RL-GradedNDCG64-CP-Align070-ShortlistUniform-K0-T1-Pairwise050-s42,47,0.737218
A,RELER,RELER,42,G1-R2-RL-GradedNDCG64-CP-Align070-ShortlistUniform-K0-T1-Pairwise050-s42,48,0.814591
A,RELER,RELER,42,G1-R2-RL-GradedNDCG64-CP-Align070-ShortlistUniform-K0-T1-Pairwise050-s42,49,0.794629
A,RELER,RELER,42,G1-R2-RL-GradedNDCG64-CP-Align070-ShortlistUniform-K0-T1-Pairwise050-s42,50,0.772386
A,RELER,RELER,42,G1-R2-RL-GradedNDCG64-CP-Align070-ShortlistUniform-K0-T1-Pairwise050-s42,51,0.800489
A,RELER,RELER,42,G1-R2-RL-GradedNDCG64-CP-Align070-ShortlistUniform-K0-T1-Pairwise050-s42,52,0.796855
A,RELER,RELER,42,G1-R2-RL-GradedNDCG64-CP-Align070-ShortlistUniform-K0-T1-Pairwise050-s42,53,0.814847
A,RELER,RELER,42,G1-R2-RL-GradedNDCG64-CP-Align070-ShortlistUniform-K0-T1-Pairwise050-s42,54,0.779623
A,RELER,RELER,42,G1-R2-RL-GradedNDCG64-CP-Align070-ShortlistUniform-K0-T1-Pairwise050-s42,55,0.783385
A,RELER,RELER,42,G1-R2-RL-GradedNDCG64-CP-Align070-ShortlistUniform-K0-T1-Pairwise050-s42,56,0.797933
A,RELER,RELER,42,G1-R2-RL-GradedNDCG64-CP-Align070-ShortlistUniform-K0-T1-Pairwise050-s42,57,0.790793
A,RELER,RELER,42,G1-R2-RL-GradedNDCG64-CP-Align070-ShortlistUniform-K0-T1-Pairwise050-s42,58,0.777597
A,RELER,RELER,42,G1-R2-RL-GradedNDCG64-CP-Align070-ShortlistUniform-K0-T1-Pairwise050-s42,59,0.786507
A,RELER,RELER,42,G1-R2-RL-GradedNDCG64-CP-Align070-ShortlistUniform-K0-T1-Pairwise050-s42,60,0.780537
A,RELER,RELER,42,G1-R2-RL-GradedNDCG64-CP-Align070-ShortlistUniform-K0-T1-Pairwise050-s42,61,0.814996
A,RELER,RELER,42,G1-R2-RL-GradedNDCG64-CP-Align070-ShortlistUniform-K0-T1-Pairwise050-s42,62,0.757118
A,RELER,RELER,42,G1-R2-RL-GradedNDCG64-CP-Align070-ShortlistUniform-K0-T1-Pairwise050-s42,63,0.796112
A,RELER,RELER,42,G1-R2-RL-GradedNDCG64-CP-Align070-ShortlistUniform-K0-T1-Pairwise050-s42,64,0.794468
A,RELER,RELER,42,G1-R2-RL-GradedNDCG64-CP-Align070-ShortlistUniform-K0-T1-Pairwise050-s42,65,0.808076
A,RELER,RELER,42,G1-R2-RL-GradedNDCG64-CP-Align070-ShortlistUniform-K0-T1-Pairwise050-s42,66,0.791465
A,RELER,RELER,42,G1-R2-RL-GradedNDCG64-CP-Align070-ShortlistUniform-K0-T1-Pairwise050-s42,67,0.787275
A,RELER,RELER,42,G1-R2-RL-GradedNDCG64-CP-Align070-ShortlistUniform-K0-T1-Pairwise050-s42,68,0.78186
A,RELER,RELER,42,G1-R2-RL-GradedNDCG64-CP-Align070-ShortlistUniform-K0-T1-Pairwise050-s42,69,0.772772
A,RELER,RELER,42,G1-R2-RL-GradedNDCG64-CP-Align070-ShortlistUniform-K0-T1-Pairwise050-s42,70,0.786072
A,RELER,RELER,42,G1-R2-RL-GradedNDCG64-CP-Align070-ShortlistUniform-K0-T1-Pairwise050-s42,71,0.812471
A,RELER,RELER,42,G1-R2-RL-GradedNDCG64-CP-Align070-ShortlistUniform-K0-T1-Pairwise050-s42,72,0.807613
A,RELER,RELER,42,G1-R2-RL-GradedNDCG64-CP-Align070-ShortlistUniform-K0-T1-Pairwise050-s42,73,0.818748
A,RELER,RELER,42,G1-R2-RL-GradedNDCG64-CP-Align070-ShortlistUniform-K0-T1-Pairwise050-s42,74,0.806322
A,RELER,RELER,42,G1-R2-RL-GradedNDCG64-CP-Align070-ShortlistUniform-K0-T1-Pairwise050-s42,75,0.76974
A,RELER,RELER,42,G1-R2-RL-GradedNDCG64-CP-Align070-ShortlistUniform-K0-T1-Pairwise050-s42,76,0.801238
A,RELER,RELER,42,G1-R2-RL-GradedNDCG64-CP-Align070-ShortlistUniform-K0-T1-Pairwise050-s42,77,0.809007
A,RELER,RELER,42,G1-R2-RL-GradedNDCG64-CP-Align070-ShortlistUniform-K0-T1-Pairwise050-s42,78,0.841038
A,RELER,RELER,42,G1-R2-RL-GradedNDCG64-CP-Align070-ShortlistUniform-K0-T1-Pairwise050-s42,79,0.785944
A,RELER,RELER,42,G1-R2-RL-GradedNDCG64-CP-Align070-ShortlistUniform-K0-T1-Pairwise050-s42,80,0.802506
A,RELER,RELER,42,G1-R2-RL-GradedNDCG64-CP-Align070-ShortlistUniform-K0-T1-Pairwise050-s42,81,0.812078
A,RELER,RELER,42,G1-R2-RL-GradedNDCG64-CP-Align070-ShortlistUniform-K0-T1-Pairwise050-s42,82,0.830894
A,RELER,RELER,42,G1-R2-RL-GradedNDCG64-CP-Align070-ShortlistUniform-K0-T1-Pairwise050-s42,83,0.815481
A,RELER,RELER,42,G1-R2-RL-GradedNDCG64-CP-Align070-ShortlistUniform-K0-T1-Pairwise050-s42,84,0.81959
A,RELER,RELER,42,G1-R2-RL-GradedNDCG64-CP-Align070-ShortlistUniform-K0-T1-Pairwise050-s42,85,0.813296
A,RELER,RELER,42,G1-R2-RL-GradedNDCG64-CP-Align070-ShortlistUniform-K0-T1-Pairwise050-s42,86,0.828089
A,RELER,RELER,42,G1-R2-RL-GradedNDCG64-CP-Align070-ShortlistUniform-K0-T1-Pairwise050-s42,87,0.759865
A,RELER,RELER,42,G1-R2-RL-GradedNDCG64-CP-Align070-ShortlistUniform-K0-T1-Pairwise050-s42,88,0.807533
A,RELER,RELER,42,G1-R2-RL-GradedNDCG64-CP-Align070-ShortlistUniform-K0-T1-Pairwise050-s42,89,0.827822
A,RELER,RELER,42,G1-R2-RL-GradedNDCG64-CP-Align070-ShortlistUniform-K0-T1-Pairwise050-s42,90,0.804967
A,RELER,RELER,42,G1-R2-RL-GradedNDCG64-CP-Align070-ShortlistUniform-K0-T1-Pairwise050-s42,91,0.818026
A,RELER,RELER,42,G1-R2-RL-GradedNDCG64-CP-Align070-ShortlistUniform-K0-T1-Pairwise050-s42,92,0.815853
A,RELER,RELER,42,G1-R2-RL-GradedNDCG64-CP-Align070-ShortlistUniform-K0-T1-Pairwise050-s42,93,0.803353
A,RELER,RELER,42,G1-R2-RL-GradedNDCG64-CP-Align070-ShortlistUniform-K0-T1-Pairwise050-s42,94,0.819633
A,RELER,RELER,42,G1-R2-RL-GradedNDCG64-CP-Align070-ShortlistUniform-K0-T1-Pairwise050-s42,95,0.818969
A,RELER,RELER,42,G1-R2-RL-GradedNDCG64-CP-Align070-ShortlistUniform-K0-T1-Pairwise050-s42,96,0.788352
A,RELER,RELER,42,G1-R2-RL-GradedNDCG64-CP-Align070-ShortlistUniform-K0-T1-Pairwise050-s42,97,0.826475
A,RELER,RELER,42,G1-R2-RL-GradedNDCG64-CP-Align070-ShortlistUniform-K0-T1-Pairwise050-s42,98,0.814187
A,RELER,RELER,42,G1-R2-RL-GradedNDCG64-CP-Align070-ShortlistUniform-K0-T1-Pairwise050-s42,99,0.822694
A,RELER,RELER,42,G1-R2-RL-GradedNDCG64-CP-Align070-ShortlistUniform-K0-T1-Pairwise050-s42,100,0.827826
A,RELER,RELER,42,G1-R2-RL-GradedNDCG64-CP-Align070-ShortlistUniform-K0-T1-Pairwise050-s42,101,0.806321
A,RELER,RELER,42,G1-R2-RL-GradedNDCG64-CP-Align070-ShortlistUniform-K0-T1-Pairwise050-s42,102,0.816204
A,RELER,RELER,42,G1-R2-RL-GradedNDCG64-CP-Align070-ShortlistUniform-K0-T1-Pairwise050-s42,103,0.807673
A,RELER,RELER,42,G1-R2-RL-GradedNDCG64-CP-Align070-ShortlistUniform-K0-T1-Pairwise050-s42,104,0.798221
A,RELER,RELER,42,G1-R2-RL-GradedNDCG64-CP-Align070-ShortlistUniform-K0-T1-Pairwise050-s42,105,0.82301
A,RELER,RELER,42,G1-R2-RL-GradedNDCG64-CP-Align070-ShortlistUniform-K0-T1-Pairwise050-s42,106,0.812841
A,RELER,RELER,42,G1-R2-RL-GradedNDCG64-CP-Align070-ShortlistUniform-K0-T1-Pairwise050-s42,107,0.801185
A,RELER,RELER,42,G1-R2-RL-GradedNDCG64-CP-Align070-ShortlistUniform-K0-T1-Pairwise050-s42,108,0.819403
A,RELER,RELER,42,G1-R2-RL-GradedNDCG64-CP-Align070-ShortlistUniform-K0-T1-Pairwise050-s42,109,0.800008
A,RELER,RELER,42,G1-R2-RL-GradedNDCG64-CP-Align070-ShortlistUniform-K0-T1-Pairwise050-s42,110,0.844027
A,RELER,RELER,42,G1-R2-RL-GradedNDCG64-CP-Align070-ShortlistUniform-K0-T1-Pairwise050-s42,111,0.800222
A,RELER,RELER,42,G1-R2-RL-GradedNDCG64-CP-Align070-ShortlistUniform-K0-T1-Pairwise050-s42,112,0.825125
A,RELER,RELER,42,G1-R2-RL-GradedNDCG64-CP-Align070-ShortlistUniform-K0-T1-Pairwise050-s42,113,0.829546
A,RELER,RELER,2026,G1-R2-RL-GradedNDCG64-CP-Align070-ShortlistUniform-K0-T1-Pairwise050-Seed2026-s2026,1,0.631042
A,RELER,RELER,2026,G1-R2-RL-GradedNDCG64-CP-Align070-ShortlistUniform-K0-T1-Pairwise050-Seed2026-s2026,2,0.698673
A,RELER,RELER,2026,G1-R2-RL-GradedNDCG64-CP-Align070-ShortlistUniform-K0-T1-Pairwise050-Seed2026-s2026,3,0.703645
A,RELER,RELER,2026,G1-R2-RL-GradedNDCG64-CP-Align070-ShortlistUniform-K0-T1-Pairwise050-Seed2026-s2026,4,0.645747
A,RELER,RELER,2026,G1-R2-RL-GradedNDCG64-CP-Align070-ShortlistUniform-K0-T1-Pairwise050-Seed2026-s2026,5,0.747019
A,RELER,RELER,2026,G1-R2-RL-GradedNDCG64-CP-Align070-ShortlistUniform-K0-T1-Pairwise050-Seed2026-s2026,6,0.684967
A,RELER,RELER,2026,G1-R2-RL-GradedNDCG64-CP-Align070-ShortlistUniform-K0-T1-Pairwise050-Seed2026-s2026,7,0.690289
A,RELER,RELER,2026,G1-R2-RL-GradedNDCG64-CP-Align070-ShortlistUniform-K0-T1-Pairwise050-Seed2026-s2026,8,0.688122
A,RELER,RELER,2026,G1-R2-RL-GradedNDCG64-CP-Align070-ShortlistUniform-K0-T1-Pairwise050-Seed2026-s2026,9,0.655207
A,RELER,RELER,2026,G1-R2-RL-GradedNDCG64-CP-Align070-ShortlistUniform-K0-T1-Pairwise050-Seed2026-s2026,10,0.687258
A,RELER,RELER,2026,G1-R2-RL-GradedNDCG64-CP-Align070-ShortlistUniform-K0-T1-Pairwise050-Seed2026-s2026,11,0.7635
A,RELER,RELER,2026,G1-R2-RL-GradedNDCG64-CP-Align070-ShortlistUniform-K0-T1-Pairwise050-Seed2026-s2026,12,0.719828
A,RELER,RELER,2026,G1-R2-RL-GradedNDCG64-CP-Align070-ShortlistUniform-K0-T1-Pairwise050-Seed2026-s2026,13,0.708123
A,RELER,RELER,2026,G1-R2-RL-GradedNDCG64-CP-Align070-ShortlistUniform-K0-T1-Pairwise050-Seed2026-s2026,14,0.740397
A,RELER,RELER,2026,G1-R2-RL-GradedNDCG64-CP-Align070-ShortlistUniform-K0-T1-Pairwise050-Seed2026-s2026,15,0.731709
A,RELER,RELER,2026,G1-R2-RL-GradedNDCG64-CP-Align070-ShortlistUniform-K0-T1-Pairwise050-Seed2026-s2026,16,0.742179
A,RELER,RELER,2026,G1-R2-RL-GradedNDCG64-CP-Align070-ShortlistUniform-K0-T1-Pairwise050-Seed2026-s2026,17,0.750701
A,RELER,RELER,2026,G1-R2-RL-GradedNDCG64-CP-Align070-ShortlistUniform-K0-T1-Pairwise050-Seed2026-s2026,18,0.74608
A,RELER,RELER,2026,G1-R2-RL-GradedNDCG64-CP-Align070-ShortlistUniform-K0-T1-Pairwise050-Seed2026-s2026,19,0.715685
A,RELER,RELER,2026,G1-R2-RL-GradedNDCG64-CP-Align070-ShortlistUniform-K0-T1-Pairwise050-Seed2026-s2026,20,0.744775
A,RELER,RELER,2026,G1-R2-RL-GradedNDCG64-CP-Align070-ShortlistUniform-K0-T1-Pairwise050-Seed2026-s2026,21,0.783466
A,RELER,RELER,2026,G1-R2-RL-GradedNDCG64-CP-Align070-ShortlistUniform-K0-T1-Pairwise050-Seed2026-s2026,22,0.741211
A,RELER,RELER,2026,G1-R2-RL-GradedNDCG64-CP-Align070-ShortlistUniform-K0-T1-Pairwise050-Seed2026-s2026,23,0.747016
A,RELER,RELER,2026,G1-R2-RL-GradedNDCG64-CP-Align070-ShortlistUniform-K0-T1-Pairwise050-Seed2026-s2026,24,0.740684
A,RELER,RELER,2026,G1-R2-RL-GradedNDCG64-CP-Align070-ShortlistUniform-K0-T1-Pairwise050-Seed2026-s2026,25,0.701393
A,RELER,RELER,2026,G1-R2-RL-GradedNDCG64-CP-Align070-ShortlistUniform-K0-T1-Pairwise050-Seed2026-s2026,26,0.732642
A,RELER,RELER,2026,G1-R2-RL-GradedNDCG64-CP-Align070-ShortlistUniform-K0-T1-Pairwise050-Seed2026-s2026,27,0.770468
A,RELER,RELER,2026,G1-R2-RL-GradedNDCG64-CP-Align070-ShortlistUniform-K0-T1-Pairwise050-Seed2026-s2026,28,0.748741
A,RELER,RELER,2026,G1-R2-RL-GradedNDCG64-CP-Align070-ShortlistUniform-K0-T1-Pairwise050-Seed2026-s2026,29,0.774146
A,RELER,RELER,2026,G1-R2-RL-GradedNDCG64-CP-Align070-ShortlistUniform-K0-T1-Pairwise050-Seed2026-s2026,30,0.719132
A,RELER,RELER,2026,G1-R2-RL-GradedNDCG64-CP-Align070-ShortlistUniform-K0-T1-Pairwise050-Seed2026-s2026,31,0.755085
A,RELER,RELER,2026,G1-R2-RL-GradedNDCG64-CP-Align070-ShortlistUniform-K0-T1-Pairwise050-Seed2026-s2026,32,0.740406
A,RELER,RELER,2026,G1-R2-RL-GradedNDCG64-CP-Align070-ShortlistUniform-K0-T1-Pairwise050-Seed2026-s2026,33,0.782989
A,RELER,RELER,2026,G1-R2-RL-GradedNDCG64-CP-Align070-ShortlistUniform-K0-T1-Pairwise050-Seed2026-s2026,34,0.751539
A,RELER,RELER,2026,G1-R2-RL-GradedNDCG64-CP-Align070-ShortlistUniform-K0-T1-Pairwise050-Seed2026-s2026,35,0.726266
A,RELER,RELER,2026,G1-R2-RL-GradedNDCG64-CP-Align070-ShortlistUniform-K0-T1-Pairwise050-Seed2026-s2026,36,0.791486
A,RELER,RELER,2026,G1-R2-RL-GradedNDCG64-CP-Align070-ShortlistUniform-K0-T1-Pairwise050-Seed2026-s2026,37,0.755983
A,RELER,RELER,2026,G1-R2-RL-GradedNDCG64-CP-Align070-ShortlistUniform-K0-T1-Pairwise050-Seed2026-s2026,38,0.759394
A,RELER,RELER,2026,G1-R2-RL-GradedNDCG64-CP-Align070-ShortlistUniform-K0-T1-Pairwise050-Seed2026-s2026,39,0.774619
A,RELER,RELER,2026,G1-R2-RL-GradedNDCG64-CP-Align070-ShortlistUniform-K0-T1-Pairwise050-Seed2026-s2026,40,0.807849
A,RELER,RELER,2026,G1-R2-RL-GradedNDCG64-CP-Align070-ShortlistUniform-K0-T1-Pairwise050-Seed2026-s2026,41,0.782823
A,RELER,RELER,2026,G1-R2-RL-GradedNDCG64-CP-Align070-ShortlistUniform-K0-T1-Pairwise050-Seed2026-s2026,42,0.807638
A,RELER,RELER,2026,G1-R2-RL-GradedNDCG64-CP-Align070-ShortlistUniform-K0-T1-Pairwise050-Seed2026-s2026,43,0.809654
A,RELER,RELER,2026,G1-R2-RL-GradedNDCG64-CP-Align070-ShortlistUniform-K0-T1-Pairwise050-Seed2026-s2026,44,0.794453
A,RELER,RELER,2026,G1-R2-RL-GradedNDCG64-CP-Align070-ShortlistUniform-K0-T1-Pairwise050-Seed2026-s2026,45,0.75438
A,RELER,RELER,2026,G1-R2-RL-GradedNDCG64-CP-Align070-ShortlistUniform-K0-T1-Pairwise050-Seed2026-s2026,46,0.747403
A,RELER,RELER,2026,G1-R2-RL-GradedNDCG64-CP-Align070-ShortlistUniform-K0-T1-Pairwise050-Seed2026-s2026,47,0.794712
A,RELER,RELER,2026,G1-R2-RL-GradedNDCG64-CP-Align070-ShortlistUniform-K0-T1-Pairwise050-Seed2026-s2026,48,0.787154
A,RELER,RELER,2026,G1-R2-RL-GradedNDCG64-CP-Align070-ShortlistUniform-K0-T1-Pairwise050-Seed2026-s2026,49,0.78362
A,RELER,RELER,2026,G1-R2-RL-GradedNDCG64-CP-Align070-ShortlistUniform-K0-T1-Pairwise050-Seed2026-s2026,50,0.792758
A,RELER,RELER,2026,G1-R2-RL-GradedNDCG64-CP-Align070-ShortlistUniform-K0-T1-Pairwise050-Seed2026-s2026,51,0.798589
A,RELER,RELER,2026,G1-R2-RL-GradedNDCG64-CP-Align070-ShortlistUniform-K0-T1-Pairwise050-Seed2026-s2026,52,0.749639
A,RELER,RELER,2026,G1-R2-RL-GradedNDCG64-CP-Align070-ShortlistUniform-K0-T1-Pairwise050-Seed2026-s2026,53,0.816594
A,RELER,RELER,2026,G1-R2-RL-GradedNDCG64-CP-Align070-ShortlistUniform-K0-T1-Pairwise050-Seed2026-s2026,54,0.79376
A,RELER,RELER,2026,G1-R2-RL-GradedNDCG64-CP-Align070-ShortlistUniform-K0-T1-Pairwise050-Seed2026-s2026,55,0.799239
A,RELER,RELER,2026,G1-R2-RL-GradedNDCG64-CP-Align070-ShortlistUniform-K0-T1-Pairwise050-Seed2026-s2026,56,0.782258
A,RELER,RELER,2026,G1-R2-RL-GradedNDCG64-CP-Align070-ShortlistUniform-K0-T1-Pairwise050-Seed2026-s2026,57,0.792083
A,RELER,RELER,2026,G1-R2-RL-GradedNDCG64-CP-Align070-ShortlistUniform-K0-T1-Pairwise050-Seed2026-s2026,58,0.786649
A,RELER,RELER,2026,G1-R2-RL-GradedNDCG64-CP-Align070-ShortlistUniform-K0-T1-Pairwise050-Seed2026-s2026,59,0.757988
A,RELER,RELER,2026,G1-R2-RL-GradedNDCG64-CP-Align070-ShortlistUniform-K0-T1-Pairwise050-Seed2026-s2026,60,0.798493
A,RELER,RELER,2026,G1-R2-RL-GradedNDCG64-CP-Align070-ShortlistUniform-K0-T1-Pairwise050-Seed2026-s2026,61,0.794803
A,RELER,RELER,2026,G1-R2-RL-GradedNDCG64-CP-Align070-ShortlistUniform-K0-T1-Pairwise050-Seed2026-s2026,62,0.811621
A,RELER,RELER,2026,G1-R2-RL-GradedNDCG64-CP-Align070-ShortlistUniform-K0-T1-Pairwise050-Seed2026-s2026,63,0.777727
A,RELER,RELER,2026,G1-R2-RL-GradedNDCG64-CP-Align070-ShortlistUniform-K0-T1-Pairwise050-Seed2026-s2026,64,0.75663
A,RELER,RELER,2026,G1-R2-RL-GradedNDCG64-CP-Align070-ShortlistUniform-K0-T1-Pairwise050-Seed2026-s2026,65,0.7812
A,RELER,RELER,2026,G1-R2-RL-GradedNDCG64-CP-Align070-ShortlistUniform-K0-T1-Pairwise050-Seed2026-s2026,66,0.807133
A,RELER,RELER,2026,G1-R2-RL-GradedNDCG64-CP-Align070-ShortlistUniform-K0-T1-Pairwise050-Seed2026-s2026,67,0.793662
A,RELER,RELER,2026,G1-R2-RL-GradedNDCG64-CP-Align070-ShortlistUniform-K0-T1-Pairwise050-Seed2026-s2026,68,0.825342
A,RELER,RELER,2026,G1-R2-RL-GradedNDCG64-CP-Align070-ShortlistUniform-K0-T1-Pairwise050-Seed2026-s2026,69,0.768904
A,RELER,RELER,2026,G1-R2-RL-GradedNDCG64-CP-Align070-ShortlistUniform-K0-T1-Pairwise050-Seed2026-s2026,70,0.802097
A,RELER,RELER,2026,G1-R2-RL-GradedNDCG64-CP-Align070-ShortlistUniform-K0-T1-Pairwise050-Seed2026-s2026,71,0.801118
A,RELER,RELER,2026,G1-R2-RL-GradedNDCG64-CP-Align070-ShortlistUniform-K0-T1-Pairwise050-Seed2026-s2026,72,0.81789
A,RELER,RELER,2026,G1-R2-RL-GradedNDCG64-CP-Align070-ShortlistUniform-K0-T1-Pairwise050-Seed2026-s2026,73,0.774809
A,RELER,RELER,2026,G1-R2-RL-GradedNDCG64-CP-Align070-ShortlistUniform-K0-T1-Pairwise050-Seed2026-s2026,74,0.790604
A,RELER,RELER,2026,G1-R2-RL-GradedNDCG64-CP-Align070-ShortlistUniform-K0-T1-Pairwise050-Seed2026-s2026,75,0.815034
A,RELER,RELER,2026,G1-R2-RL-GradedNDCG64-CP-Align070-ShortlistUniform-K0-T1-Pairwise050-Seed2026-s2026,76,0.773444
A,RELER,RELER,2026,G1-R2-RL-GradedNDCG64-CP-Align070-ShortlistUniform-K0-T1-Pairwise050-Seed2026-s2026,77,0.77736
A,RELER,RELER,2026,G1-R2-RL-GradedNDCG64-CP-Align070-ShortlistUniform-K0-T1-Pairwise050-Seed2026-s2026,78,0.846176
A,RELER,RELER,2026,G1-R2-RL-GradedNDCG64-CP-Align070-ShortlistUniform-K0-T1-Pairwise050-Seed2026-s2026,79,0.797688
A,RELER,RELER,2026,G1-R2-RL-GradedNDCG64-CP-Align070-ShortlistUniform-K0-T1-Pairwise050-Seed2026-s2026,80,0.853426
A,RELER,RELER,2026,G1-R2-RL-GradedNDCG64-CP-Align070-ShortlistUniform-K0-T1-Pairwise050-Seed2026-s2026,81,0.83209
A,RELER,RELER,2026,G1-R2-RL-GradedNDCG64-CP-Align070-ShortlistUniform-K0-T1-Pairwise050-Seed2026-s2026,82,0.789847
A,RELER,RELER,2026,G1-R2-RL-GradedNDCG64-CP-Align070-ShortlistUniform-K0-T1-Pairwise050-Seed2026-s2026,83,0.822496
A,RELER,RELER,2026,G1-R2-RL-GradedNDCG64-CP-Align070-ShortlistUniform-K0-T1-Pairwise050-Seed2026-s2026,84,0.831042
A,RELER,RELER,2026,G1-R2-RL-GradedNDCG64-CP-Align070-ShortlistUniform-K0-T1-Pairwise050-Seed2026-s2026,85,0.833995
A,RELER,RELER,2026,G1-R2-RL-GradedNDCG64-CP-Align070-ShortlistUniform-K0-T1-Pairwise050-Seed2026-s2026,86,0.774015
A,RELER,RELER,2026,G1-R2-RL-GradedNDCG64-CP-Align070-ShortlistUniform-K0-T1-Pairwise050-Seed2026-s2026,87,0.856672
A,RELER,RELER,2026,G1-R2-RL-GradedNDCG64-CP-Align070-ShortlistUniform-K0-T1-Pairwise050-Seed2026-s2026,88,0.822945
A,RELER,RELER,2026,G1-R2-RL-GradedNDCG64-CP-Align070-ShortlistUniform-K0-T1-Pairwise050-Seed2026-s2026,89,0.786018
A,RELER,RELER,2026,G1-R2-RL-GradedNDCG64-CP-Align070-ShortlistUniform-K0-T1-Pairwise050-Seed2026-s2026,90,0.808736
A,RELER,RELER,2026,G1-R2-RL-GradedNDCG64-CP-Align070-ShortlistUniform-K0-T1-Pairwise050-Seed2026-s2026,91,0.802433
A,RELER,RELER,2026,G1-R2-RL-GradedNDCG64-CP-Align070-ShortlistUniform-K0-T1-Pairwise050-Seed2026-s2026,92,0.832682
A,RELER,RELER,2026,G1-R2-RL-GradedNDCG64-CP-Align070-ShortlistUniform-K0-T1-Pairwise050-Seed2026-s2026,93,0.803724
A,RELER,RELER,2026,G1-R2-RL-GradedNDCG64-CP-Align070-ShortlistUniform-K0-T1-Pairwise050-Seed2026-s2026,94,0.808479
A,RELER,RELER,2026,G1-R2-RL-GradedNDCG64-CP-Align070-ShortlistUniform-K0-T1-Pairwise050-Seed2026-s2026,95,0.787489
A,RELER,RELER,2026,G1-R2-RL-GradedNDCG64-CP-Align070-ShortlistUniform-K0-T1-Pairwise050-Seed2026-s2026,96,0.830107
A,RELER,RELER,2026,G1-R2-RL-GradedNDCG64-CP-Align070-ShortlistUniform-K0-T1-Pairwise050-Seed2026-s2026,97,0.794771
A,RELER,RELER,2026,G1-R2-RL-GradedNDCG64-CP-Align070-ShortlistUniform-K0-T1-Pairwise050-Seed2026-s2026,98,0.821301
A,RELER,RELER,2026,G1-R2-RL-GradedNDCG64-CP-Align070-ShortlistUniform-K0-T1-Pairwise050-Seed2026-s2026,99,0.816917
A,RELER,RELER,2026,G1-R2-RL-GradedNDCG64-CP-Align070-ShortlistUniform-K0-T1-Pairwise050-Seed2026-s2026,100,0.82959
A,RELER,RELER,2026,G1-R2-RL-GradedNDCG64-CP-Align070-ShortlistUniform-K0-T1-Pairwise050-Seed2026-s2026,101,0.793644
A,RELER,RELER,2026,G1-R2-RL-GradedNDCG64-CP-Align070-ShortlistUniform-K0-T1-Pairwise050-Seed2026-s2026,102,0.812772
A,RELER,RELER,2026,G1-R2-RL-GradedNDCG64-CP-Align070-ShortlistUniform-K0-T1-Pairwise050-Seed2026-s2026,103,0.83261
A,RELER,RELER,2026,G1-R2-RL-GradedNDCG64-CP-Align070-ShortlistUniform-K0-T1-Pairwise050-Seed2026-s2026,104,0.813645
A,RELER,RELER,2026,G1-R2-RL-GradedNDCG64-CP-Align070-ShortlistUniform-K0-T1-Pairwise050-Seed2026-s2026,105,0.793743
A,RELER,RELER,2026,G1-R2-RL-GradedNDCG64-CP-Align070-ShortlistUniform-K0-T1-Pairwise050-Seed2026-s2026,106,0.846964
A,RELER,RELER,2026,G1-R2-RL-GradedNDCG64-CP-Align070-ShortlistUniform-K0-T1-Pairwise050-Seed2026-s2026,107,0.799699
A,RELER,RELER,2026,G1-R2-RL-GradedNDCG64-CP-Align070-ShortlistUniform-K0-T1-Pairwise050-Seed2026-s2026,108,0.812658
A,RELER,RELER,2026,G1-R2-RL-GradedNDCG64-CP-Align070-ShortlistUniform-K0-T1-Pairwise050-Seed2026-s2026,109,0.813754
A,RELER,RELER,2026,G1-R2-RL-GradedNDCG64-CP-Align070-ShortlistUniform-K0-T1-Pairwise050-Seed2026-s2026,110,0.805965
A,RELER,RELER,2026,G1-R2-RL-GradedNDCG64-CP-Align070-ShortlistUniform-K0-T1-Pairwise050-Seed2026-s2026,111,0.80577
A,RELER,RELER,2026,G1-R2-RL-GradedNDCG64-CP-Align070-ShortlistUniform-K0-T1-Pairwise050-Seed2026-s2026,112,0.803267
A,RELER,RELER,2026,G1-R2-RL-GradedNDCG64-CP-Align070-ShortlistUniform-K0-T1-Pairwise050-Seed2026-s2026,113,0.815015
A,RELER,RELER,3407,G1-R2-RL-GradedNDCG64-CP-Align070-ShortlistUniform-K0-T1-Pairwise050-Seed3407-s3407,1,0.667828
A,RELER,RELER,3407,G1-R2-RL-GradedNDCG64-CP-Align070-ShortlistUniform-K0-T1-Pairwise050-Seed3407-s3407,2,0.650589
A,RELER,RELER,3407,G1-R2-RL-GradedNDCG64-CP-Align070-ShortlistUniform-K0-T1-Pairwise050-Seed3407-s3407,3,0.6321
A,RELER,RELER,3407,G1-R2-RL-GradedNDCG64-CP-Align070-ShortlistUniform-K0-T1-Pairwise050-Seed3407-s3407,4,0.639344
A,RELER,RELER,3407,G1-R2-RL-GradedNDCG64-CP-Align070-ShortlistUniform-K0-T1-Pairwise050-Seed3407-s3407,5,0.635105
A,RELER,RELER,3407,G1-R2-RL-GradedNDCG64-CP-Align070-ShortlistUniform-K0-T1-Pairwise050-Seed3407-s3407,6,0.689205
A,RELER,RELER,3407,G1-R2-RL-GradedNDCG64-CP-Align070-ShortlistUniform-K0-T1-Pairwise050-Seed3407-s3407,7,0.617346
A,RELER,RELER,3407,G1-R2-RL-GradedNDCG64-CP-Align070-ShortlistUniform-K0-T1-Pairwise050-Seed3407-s3407,8,0.702677
A,RELER,RELER,3407,G1-R2-RL-GradedNDCG64-CP-Align070-ShortlistUniform-K0-T1-Pairwise050-Seed3407-s3407,9,0.740951
A,RELER,RELER,3407,G1-R2-RL-GradedNDCG64-CP-Align070-ShortlistUniform-K0-T1-Pairwise050-Seed3407-s3407,10,0.707217
A,RELER,RELER,3407,G1-R2-RL-GradedNDCG64-CP-Align070-ShortlistUniform-K0-T1-Pairwise050-Seed3407-s3407,11,0.755806
A,RELER,RELER,3407,G1-R2-RL-GradedNDCG64-CP-Align070-ShortlistUniform-K0-T1-Pairwise050-Seed3407-s3407,12,0.757459
A,RELER,RELER,3407,G1-R2-RL-GradedNDCG64-CP-Align070-ShortlistUniform-K0-T1-Pairwise050-Seed3407-s3407,13,0.753356
A,RELER,RELER,3407,G1-R2-RL-GradedNDCG64-CP-Align070-ShortlistUniform-K0-T1-Pairwise050-Seed3407-s3407,14,0.775109
A,RELER,RELER,3407,G1-R2-RL-GradedNDCG64-CP-Align070-ShortlistUniform-K0-T1-Pairwise050-Seed3407-s3407,15,0.734965
A,RELER,RELER,3407,G1-R2-RL-GradedNDCG64-CP-Align070-ShortlistUniform-K0-T1-Pairwise050-Seed3407-s3407,16,0.761359
A,RELER,RELER,3407,G1-R2-RL-GradedNDCG64-CP-Align070-ShortlistUniform-K0-T1-Pairwise050-Seed3407-s3407,17,0.70909
A,RELER,RELER,3407,G1-R2-RL-GradedNDCG64-CP-Align070-ShortlistUniform-K0-T1-Pairwise050-Seed3407-s3407,18,0.709049
A,RELER,RELER,3407,G1-R2-RL-GradedNDCG64-CP-Align070-ShortlistUniform-K0-T1-Pairwise050-Seed3407-s3407,19,0.696174
A,RELER,RELER,3407,G1-R2-RL-GradedNDCG64-CP-Align070-ShortlistUniform-K0-T1-Pairwise050-Seed3407-s3407,20,0.76711
A,RELER,RELER,3407,G1-R2-RL-GradedNDCG64-CP-Align070-ShortlistUniform-K0-T1-Pairwise050-Seed3407-s3407,21,0.76379
A,RELER,RELER,3407,G1-R2-RL-GradedNDCG64-CP-Align070-ShortlistUniform-K0-T1-Pairwise050-Seed3407-s3407,22,0.74137
A,RELER,RELER,3407,G1-R2-RL-GradedNDCG64-CP-Align070-ShortlistUniform-K0-T1-Pairwise050-Seed3407-s3407,23,0.780744
A,RELER,RELER,3407,G1-R2-RL-GradedNDCG64-CP-Align070-ShortlistUniform-K0-T1-Pairwise050-Seed3407-s3407,24,0.753401
A,RELER,RELER,3407,G1-R2-RL-GradedNDCG64-CP-Align070-ShortlistUniform-K0-T1-Pairwise050-Seed3407-s3407,25,0.760949
A,RELER,RELER,3407,G1-R2-RL-GradedNDCG64-CP-Align070-ShortlistUniform-K0-T1-Pairwise050-Seed3407-s3407,26,0.726041
A,RELER,RELER,3407,G1-R2-RL-GradedNDCG64-CP-Align070-ShortlistUniform-K0-T1-Pairwise050-Seed3407-s3407,27,0.768062
A,RELER,RELER,3407,G1-R2-RL-GradedNDCG64-CP-Align070-ShortlistUniform-K0-T1-Pairwise050-Seed3407-s3407,28,0.765872
A,RELER,RELER,3407,G1-R2-RL-GradedNDCG64-CP-Align070-ShortlistUniform-K0-T1-Pairwise050-Seed3407-s3407,29,0.770519
A,RELER,RELER,3407,G1-R2-RL-GradedNDCG64-CP-Align070-ShortlistUniform-K0-T1-Pairwise050-Seed3407-s3407,30,0.719004
A,RELER,RELER,3407,G1-R2-RL-GradedNDCG64-CP-Align070-ShortlistUniform-K0-T1-Pairwise050-Seed3407-s3407,31,0.768812
A,RELER,RELER,3407,G1-R2-RL-GradedNDCG64-CP-Align070-ShortlistUniform-K0-T1-Pairwise050-Seed3407-s3407,32,0.750965
A,RELER,RELER,3407,G1-R2-RL-GradedNDCG64-CP-Align070-ShortlistUniform-K0-T1-Pairwise050-Seed3407-s3407,33,0.777392
A,RELER,RELER,3407,G1-R2-RL-GradedNDCG64-CP-Align070-ShortlistUniform-K0-T1-Pairwise050-Seed3407-s3407,34,0.750068
A,RELER,RELER,3407,G1-R2-RL-GradedNDCG64-CP-Align070-ShortlistUniform-K0-T1-Pairwise050-Seed3407-s3407,35,0.753053
A,RELER,RELER,3407,G1-R2-RL-GradedNDCG64-CP-Align070-ShortlistUniform-K0-T1-Pairwise050-Seed3407-s3407,36,0.741308
A,RELER,RELER,3407,G1-R2-RL-GradedNDCG64-CP-Align070-ShortlistUniform-K0-T1-Pairwise050-Seed3407-s3407,37,0.748664
A,RELER,RELER,3407,G1-R2-RL-GradedNDCG64-CP-Align070-ShortlistUniform-K0-T1-Pairwise050-Seed3407-s3407,38,0.779297
A,RELER,RELER,3407,G1-R2-RL-GradedNDCG64-CP-Align070-ShortlistUniform-K0-T1-Pairwise050-Seed3407-s3407,39,0.747906
A,RELER,RELER,3407,G1-R2-RL-GradedNDCG64-CP-Align070-ShortlistUniform-K0-T1-Pairwise050-Seed3407-s3407,40,0.797309
A,RELER,RELER,3407,G1-R2-RL-GradedNDCG64-CP-Align070-ShortlistUniform-K0-T1-Pairwise050-Seed3407-s3407,41,0.80748
A,RELER,RELER,3407,G1-R2-RL-GradedNDCG64-CP-Align070-ShortlistUniform-K0-T1-Pairwise050-Seed3407-s3407,42,0.760133
A,RELER,RELER,3407,G1-R2-RL-GradedNDCG64-CP-Align070-ShortlistUniform-K0-T1-Pairwise050-Seed3407-s3407,43,0.76145
A,RELER,RELER,3407,G1-R2-RL-GradedNDCG64-CP-Align070-ShortlistUniform-K0-T1-Pairwise050-Seed3407-s3407,44,0.770614
A,RELER,RELER,3407,G1-R2-RL-GradedNDCG64-CP-Align070-ShortlistUniform-K0-T1-Pairwise050-Seed3407-s3407,45,0.805665
A,RELER,RELER,3407,G1-R2-RL-GradedNDCG64-CP-Align070-ShortlistUniform-K0-T1-Pairwise050-Seed3407-s3407,46,0.781249
A,RELER,RELER,3407,G1-R2-RL-GradedNDCG64-CP-Align070-ShortlistUniform-K0-T1-Pairwise050-Seed3407-s3407,47,0.76918
A,RELER,RELER,3407,G1-R2-RL-GradedNDCG64-CP-Align070-ShortlistUniform-K0-T1-Pairwise050-Seed3407-s3407,48,0.805221
A,RELER,RELER,3407,G1-R2-RL-GradedNDCG64-CP-Align070-ShortlistUniform-K0-T1-Pairwise050-Seed3407-s3407,49,0.79866
A,RELER,RELER,3407,G1-R2-RL-GradedNDCG64-CP-Align070-ShortlistUniform-K0-T1-Pairwise050-Seed3407-s3407,50,0.799227
A,RELER,RELER,3407,G1-R2-RL-GradedNDCG64-CP-Align070-ShortlistUniform-K0-T1-Pairwise050-Seed3407-s3407,51,0.781167
A,RELER,RELER,3407,G1-R2-RL-GradedNDCG64-CP-Align070-ShortlistUniform-K0-T1-Pairwise050-Seed3407-s3407,52,0.756458
A,RELER,RELER,3407,G1-R2-RL-GradedNDCG64-CP-Align070-ShortlistUniform-K0-T1-Pairwise050-Seed3407-s3407,53,0.839144
A,RELER,RELER,3407,G1-R2-RL-GradedNDCG64-CP-Align070-ShortlistUniform-K0-T1-Pairwise050-Seed3407-s3407,54,0.786754
A,RELER,RELER,3407,G1-R2-RL-GradedNDCG64-CP-Align070-ShortlistUniform-K0-T1-Pairwise050-Seed3407-s3407,55,0.803231
A,RELER,RELER,3407,G1-R2-RL-GradedNDCG64-CP-Align070-ShortlistUniform-K0-T1-Pairwise050-Seed3407-s3407,56,0.792278
A,RELER,RELER,3407,G1-R2-RL-GradedNDCG64-CP-Align070-ShortlistUniform-K0-T1-Pairwise050-Seed3407-s3407,57,0.786104
A,RELER,RELER,3407,G1-R2-RL-GradedNDCG64-CP-Align070-ShortlistUniform-K0-T1-Pairwise050-Seed3407-s3407,58,0.82313
A,RELER,RELER,3407,G1-R2-RL-GradedNDCG64-CP-Align070-ShortlistUniform-K0-T1-Pairwise050-Seed3407-s3407,59,0.760553
A,RELER,RELER,3407,G1-R2-RL-GradedNDCG64-CP-Align070-ShortlistUniform-K0-T1-Pairwise050-Seed3407-s3407,60,0.813335
A,RELER,RELER,3407,G1-R2-RL-GradedNDCG64-CP-Align070-ShortlistUniform-K0-T1-Pairwise050-Seed3407-s3407,61,0.79432
A,RELER,RELER,3407,G1-R2-RL-GradedNDCG64-CP-Align070-ShortlistUniform-K0-T1-Pairwise050-Seed3407-s3407,62,0.797228
A,RELER,RELER,3407,G1-R2-RL-GradedNDCG64-CP-Align070-ShortlistUniform-K0-T1-Pairwise050-Seed3407-s3407,63,0.820537
A,RELER,RELER,3407,G1-R2-RL-GradedNDCG64-CP-Align070-ShortlistUniform-K0-T1-Pairwise050-Seed3407-s3407,64,0.77894
A,RELER,RELER,3407,G1-R2-RL-GradedNDCG64-CP-Align070-ShortlistUniform-K0-T1-Pairwise050-Seed3407-s3407,65,0.772492
A,RELER,RELER,3407,G1-R2-RL-GradedNDCG64-CP-Align070-ShortlistUniform-K0-T1-Pairwise050-Seed3407-s3407,66,0.783998
A,RELER,RELER,3407,G1-R2-RL-GradedNDCG64-CP-Align070-ShortlistUniform-K0-T1-Pairwise050-Seed3407-s3407,67,0.80773
A,RELER,RELER,3407,G1-R2-RL-GradedNDCG64-CP-Align070-ShortlistUniform-K0-T1-Pairwise050-Seed3407-s3407,68,0.762686
A,RELER,RELER,3407,G1-R2-RL-GradedNDCG64-CP-Align070-ShortlistUniform-K0-T1-Pairwise050-Seed3407-s3407,69,0.785224
A,RELER,RELER,3407,G1-R2-RL-GradedNDCG64-CP-Align070-ShortlistUniform-K0-T1-Pairwise050-Seed3407-s3407,70,0.76094
A,RELER,RELER,3407,G1-R2-RL-GradedNDCG64-CP-Align070-ShortlistUniform-K0-T1-Pairwise050-Seed3407-s3407,71,0.79386
A,RELER,RELER,3407,G1-R2-RL-GradedNDCG64-CP-Align070-ShortlistUniform-K0-T1-Pairwise050-Seed3407-s3407,72,0.805627
A,RELER,RELER,3407,G1-R2-RL-GradedNDCG64-CP-Align070-ShortlistUniform-K0-T1-Pairwise050-Seed3407-s3407,73,0.787145
A,RELER,RELER,3407,G1-R2-RL-GradedNDCG64-CP-Align070-ShortlistUniform-K0-T1-Pairwise050-Seed3407-s3407,74,0.80038
A,RELER,RELER,3407,G1-R2-RL-GradedNDCG64-CP-Align070-ShortlistUniform-K0-T1-Pairwise050-Seed3407-s3407,75,0.796503
A,RELER,RELER,3407,G1-R2-RL-GradedNDCG64-CP-Align070-ShortlistUniform-K0-T1-Pairwise050-Seed3407-s3407,76,0.775087
A,RELER,RELER,3407,G1-R2-RL-GradedNDCG64-CP-Align070-ShortlistUniform-K0-T1-Pairwise050-Seed3407-s3407,77,0.802042
A,RELER,RELER,3407,G1-R2-RL-GradedNDCG64-CP-Align070-ShortlistUniform-K0-T1-Pairwise050-Seed3407-s3407,78,0.829386
A,RELER,RELER,3407,G1-R2-RL-GradedNDCG64-CP-Align070-ShortlistUniform-K0-T1-Pairwise050-Seed3407-s3407,79,0.814193
A,RELER,RELER,3407,G1-R2-RL-GradedNDCG64-CP-Align070-ShortlistUniform-K0-T1-Pairwise050-Seed3407-s3407,80,0.812203
A,RELER,RELER,3407,G1-R2-RL-GradedNDCG64-CP-Align070-ShortlistUniform-K0-T1-Pairwise050-Seed3407-s3407,81,0.819902
A,RELER,RELER,3407,G1-R2-RL-GradedNDCG64-CP-Align070-ShortlistUniform-K0-T1-Pairwise050-Seed3407-s3407,82,0.812647
A,RELER,RELER,3407,G1-R2-RL-GradedNDCG64-CP-Align070-ShortlistUniform-K0-T1-Pairwise050-Seed3407-s3407,83,0.796877
A,RELER,RELER,3407,G1-R2-RL-GradedNDCG64-CP-Align070-ShortlistUniform-K0-T1-Pairwise050-Seed3407-s3407,84,0.835809
A,RELER,RELER,3407,G1-R2-RL-GradedNDCG64-CP-Align070-ShortlistUniform-K0-T1-Pairwise050-Seed3407-s3407,85,0.8001
A,RELER,RELER,3407,G1-R2-RL-GradedNDCG64-CP-Align070-ShortlistUniform-K0-T1-Pairwise050-Seed3407-s3407,86,0.810046
A,RELER,RELER,3407,G1-R2-RL-GradedNDCG64-CP-Align070-ShortlistUniform-K0-T1-Pairwise050-Seed3407-s3407,87,0.802809
A,RELER,RELER,3407,G1-R2-RL-GradedNDCG64-CP-Align070-ShortlistUniform-K0-T1-Pairwise050-Seed3407-s3407,88,0.779227
A,RELER,RELER,3407,G1-R2-RL-GradedNDCG64-CP-Align070-ShortlistUniform-K0-T1-Pairwise050-Seed3407-s3407,89,0.792226
A,RELER,RELER,3407,G1-R2-RL-GradedNDCG64-CP-Align070-ShortlistUniform-K0-T1-Pairwise050-Seed3407-s3407,90,0.82909
A,RELER,RELER,3407,G1-R2-RL-GradedNDCG64-CP-Align070-ShortlistUniform-K0-T1-Pairwise050-Seed3407-s3407,91,0.820311
A,RELER,RELER,3407,G1-R2-RL-GradedNDCG64-CP-Align070-ShortlistUniform-K0-T1-Pairwise050-Seed3407-s3407,92,0.828438
A,RELER,RELER,3407,G1-R2-RL-GradedNDCG64-CP-Align070-ShortlistUniform-K0-T1-Pairwise050-Seed3407-s3407,93,0.808754
A,RELER,RELER,3407,G1-R2-RL-GradedNDCG64-CP-Align070-ShortlistUniform-K0-T1-Pairwise050-Seed3407-s3407,94,0.779722
A,RELER,RELER,3407,G1-R2-RL-GradedNDCG64-CP-Align070-ShortlistUniform-K0-T1-Pairwise050-Seed3407-s3407,95,0.813107
A,RELER,RELER,3407,G1-R2-RL-GradedNDCG64-CP-Align070-ShortlistUniform-K0-T1-Pairwise050-Seed3407-s3407,96,0.828602
A,RELER,RELER,3407,G1-R2-RL-GradedNDCG64-CP-Align070-ShortlistUniform-K0-T1-Pairwise050-Seed3407-s3407,97,0.80983
A,RELER,RELER,3407,G1-R2-RL-GradedNDCG64-CP-Align070-ShortlistUniform-K0-T1-Pairwise050-Seed3407-s3407,98,0.833221
A,RELER,RELER,3407,G1-R2-RL-GradedNDCG64-CP-Align070-ShortlistUniform-K0-T1-Pairwise050-Seed3407-s3407,99,0.811237
A,RELER,RELER,3407,G1-R2-RL-GradedNDCG64-CP-Align070-ShortlistUniform-K0-T1-Pairwise050-Seed3407-s3407,100,0.818634
A,RELER,RELER,3407,G1-R2-RL-GradedNDCG64-CP-Align070-ShortlistUniform-K0-T1-Pairwise050-Seed3407-s3407,101,0.818873
A,RELER,RELER,3407,G1-R2-RL-GradedNDCG64-CP-Align070-ShortlistUniform-K0-T1-Pairwise050-Seed3407-s3407,102,0.8133
A,RELER,RELER,3407,G1-R2-RL-GradedNDCG64-CP-Align070-ShortlistUniform-K0-T1-Pairwise050-Seed3407-s3407,103,0.815286
A,RELER,RELER,3407,G1-R2-RL-GradedNDCG64-CP-Align070-ShortlistUniform-K0-T1-Pairwise050-Seed3407-s3407,104,0.803653
A,RELER,RELER,3407,G1-R2-RL-GradedNDCG64-CP-Align070-ShortlistUniform-K0-T1-Pairwise050-Seed3407-s3407,105,0.821186
A,RELER,RELER,3407,G1-R2-RL-GradedNDCG64-CP-Align070-ShortlistUniform-K0-T1-Pairwise050-Seed3407-s3407,106,0.809781
A,RELER,RELER,3407,G1-R2-RL-GradedNDCG64-CP-Align070-ShortlistUniform-K0-T1-Pairwise050-Seed3407-s3407,107,0.824636
A,RELER,RELER,3407,G1-R2-RL-GradedNDCG64-CP-Align070-ShortlistUniform-K0-T1-Pairwise050-Seed3407-s3407,108,0.809935
A,RELER,RELER,3407,G1-R2-RL-GradedNDCG64-CP-Align070-ShortlistUniform-K0-T1-Pairwise050-Seed3407-s3407,109,0.803938
A,RELER,RELER,3407,G1-R2-RL-GradedNDCG64-CP-Align070-ShortlistUniform-K0-T1-Pairwise050-Seed3407-s3407,110,0.813229
A,RELER,RELER,3407,G1-R2-RL-GradedNDCG64-CP-Align070-ShortlistUniform-K0-T1-Pairwise050-Seed3407-s3407,111,0.833744
A,RELER,RELER,3407,G1-R2-RL-GradedNDCG64-CP-Align070-ShortlistUniform-K0-T1-Pairwise050-Seed3407-s3407,112,0.834743
A,RELER,RELER,3407,G1-R2-RL-GradedNDCG64-CP-Align070-ShortlistUniform-K0-T1-Pairwise050-Seed3407-s3407,113,0.832649
B,Combined,RELER,42,G1-R2-RL-GradedNDCG64-CP-Align070-ShortlistUniform-K0-T1-Pairwise050-s42,1,1.030582
B,Combined,RELER,42,G1-R2-RL-GradedNDCG64-CP-Align070-ShortlistUniform-K0-T1-Pairwise050-s42,2,1.03729
B,Combined,RELER,42,G1-R2-RL-GradedNDCG64-CP-Align070-ShortlistUniform-K0-T1-Pairwise050-s42,3,1.04037
B,Combined,RELER,42,G1-R2-RL-GradedNDCG64-CP-Align070-ShortlistUniform-K0-T1-Pairwise050-s42,4,0.955074
B,Combined,RELER,42,G1-R2-RL-GradedNDCG64-CP-Align070-ShortlistUniform-K0-T1-Pairwise050-s42,5,1.024574
B,Combined,RELER,42,G1-R2-RL-GradedNDCG64-CP-Align070-ShortlistUniform-K0-T1-Pairwise050-s42,6,1.044205
B,Combined,RELER,42,G1-R2-RL-GradedNDCG64-CP-Align070-ShortlistUniform-K0-T1-Pairwise050-s42,7,1.094843
B,Combined,RELER,42,G1-R2-RL-GradedNDCG64-CP-Align070-ShortlistUniform-K0-T1-Pairwise050-s42,8,1.118711
B,Combined,RELER,42,G1-R2-RL-GradedNDCG64-CP-Align070-ShortlistUniform-K0-T1-Pairwise050-s42,9,0.957307
B,Combined,RELER,42,G1-R2-RL-GradedNDCG64-CP-Align070-ShortlistUniform-K0-T1-Pairwise050-s42,10,0.99475
B,Combined,RELER,42,G1-R2-RL-GradedNDCG64-CP-Align070-ShortlistUniform-K0-T1-Pairwise050-s42,11,1.03402
B,Combined,RELER,42,G1-R2-RL-GradedNDCG64-CP-Align070-ShortlistUniform-K0-T1-Pairwise050-s42,12,1.0892
B,Combined,RELER,42,G1-R2-RL-GradedNDCG64-CP-Align070-ShortlistUniform-K0-T1-Pairwise050-s42,13,1.099875
B,Combined,RELER,42,G1-R2-RL-GradedNDCG64-CP-Align070-ShortlistUniform-K0-T1-Pairwise050-s42,14,1.166494
B,Combined,RELER,42,G1-R2-RL-GradedNDCG64-CP-Align070-ShortlistUniform-K0-T1-Pairwise050-s42,15,1.046712
B,Combined,RELER,42,G1-R2-RL-GradedNDCG64-CP-Align070-ShortlistUniform-K0-T1-Pairwise050-s42,16,1.133948
B,Combined,RELER,42,G1-R2-RL-GradedNDCG64-CP-Align070-ShortlistUniform-K0-T1-Pairwise050-s42,17,1.130111
B,Combined,RELER,42,G1-R2-RL-GradedNDCG64-CP-Align070-ShortlistUniform-K0-T1-Pairwise050-s42,18,1.055576
B,Combined,RELER,42,G1-R2-RL-GradedNDCG64-CP-Align070-ShortlistUniform-K0-T1-Pairwise050-s42,19,1.140578
B,Combined,RELER,42,G1-R2-RL-GradedNDCG64-CP-Align070-ShortlistUniform-K0-T1-Pairwise050-s42,20,1.081867
B,Combined,RELER,42,G1-R2-RL-GradedNDCG64-CP-Align070-ShortlistUniform-K0-T1-Pairwise050-s42,21,1.106607
B,Combined,RELER,42,G1-R2-RL-GradedNDCG64-CP-Align070-ShortlistUniform-K0-T1-Pairwise050-s42,22,1.166093
B,Combined,RELER,42,G1-R2-RL-GradedNDCG64-CP-Align070-ShortlistUniform-K0-T1-Pairwise050-s42,23,1.164682
B,Combined,RELER,42,G1-R2-RL-GradedNDCG64-CP-Align070-ShortlistUniform-K0-T1-Pairwise050-s42,24,1.154059
B,Combined,RELER,42,G1-R2-RL-GradedNDCG64-CP-Align070-ShortlistUniform-K0-T1-Pairwise050-s42,25,1.130444
B,Combined,RELER,42,G1-R2-RL-GradedNDCG64-CP-Align070-ShortlistUniform-K0-T1-Pairwise050-s42,26,1.141037
B,Combined,RELER,42,G1-R2-RL-GradedNDCG64-CP-Align070-ShortlistUniform-K0-T1-Pairwise050-s42,27,1.196052
B,Combined,RELER,42,G1-R2-RL-GradedNDCG64-CP-Align070-ShortlistUniform-K0-T1-Pairwise050-s42,28,1.191362
B,Combined,RELER,42,G1-R2-RL-GradedNDCG64-CP-Align070-ShortlistUniform-K0-T1-Pairwise050-s42,29,1.108109
B,Combined,RELER,42,G1-R2-RL-GradedNDCG64-CP-Align070-ShortlistUniform-K0-T1-Pairwise050-s42,30,1.164549
B,Combined,RELER,42,G1-R2-RL-GradedNDCG64-CP-Align070-ShortlistUniform-K0-T1-Pairwise050-s42,31,1.146191
B,Combined,RELER,42,G1-R2-RL-GradedNDCG64-CP-Align070-ShortlistUniform-K0-T1-Pairwise050-s42,32,1.101654
B,Combined,RELER,42,G1-R2-RL-GradedNDCG64-CP-Align070-ShortlistUniform-K0-T1-Pairwise050-s42,33,1.225914
B,Combined,RELER,42,G1-R2-RL-GradedNDCG64-CP-Align070-ShortlistUniform-K0-T1-Pairwise050-s42,34,1.150645
B,Combined,RELER,42,G1-R2-RL-GradedNDCG64-CP-Align070-ShortlistUniform-K0-T1-Pairwise050-s42,35,1.194992
B,Combined,RELER,42,G1-R2-RL-GradedNDCG64-CP-Align070-ShortlistUniform-K0-T1-Pairwise050-s42,36,1.180184
B,Combined,RELER,42,G1-R2-RL-GradedNDCG64-CP-Align070-ShortlistUniform-K0-T1-Pairwise050-s42,37,1.159767
B,Combined,RELER,42,G1-R2-RL-GradedNDCG64-CP-Align070-ShortlistUniform-K0-T1-Pairwise050-s42,38,1.159732
B,Combined,RELER,42,G1-R2-RL-GradedNDCG64-CP-Align070-ShortlistUniform-K0-T1-Pairwise050-s42,39,1.195066
B,Combined,RELER,42,G1-R2-RL-GradedNDCG64-CP-Align070-ShortlistUniform-K0-T1-Pairwise050-s42,40,1.237793
B,Combined,RELER,42,G1-R2-RL-GradedNDCG64-CP-Align070-ShortlistUniform-K0-T1-Pairwise050-s42,41,1.196694
B,Combined,RELER,42,G1-R2-RL-GradedNDCG64-CP-Align070-ShortlistUniform-K0-T1-Pairwise050-s42,42,1.123279
B,Combined,RELER,42,G1-R2-RL-GradedNDCG64-CP-Align070-ShortlistUniform-K0-T1-Pairwise050-s42,43,1.183566
B,Combined,RELER,42,G1-R2-RL-GradedNDCG64-CP-Align070-ShortlistUniform-K0-T1-Pairwise050-s42,44,1.176003
B,Combined,RELER,42,G1-R2-RL-GradedNDCG64-CP-Align070-ShortlistUniform-K0-T1-Pairwise050-s42,45,1.199629
B,Combined,RELER,42,G1-R2-RL-GradedNDCG64-CP-Align070-ShortlistUniform-K0-T1-Pairwise050-s42,46,1.207683
B,Combined,RELER,42,G1-R2-RL-GradedNDCG64-CP-Align070-ShortlistUniform-K0-T1-Pairwise050-s42,47,1.138826
B,Combined,RELER,42,G1-R2-RL-GradedNDCG64-CP-Align070-ShortlistUniform-K0-T1-Pairwise050-s42,48,1.227944
B,Combined,RELER,42,G1-R2-RL-GradedNDCG64-CP-Align070-ShortlistUniform-K0-T1-Pairwise050-s42,49,1.205746
B,Combined,RELER,42,G1-R2-RL-GradedNDCG64-CP-Align070-ShortlistUniform-K0-T1-Pairwise050-s42,50,1.185525
B,Combined,RELER,42,G1-R2-RL-GradedNDCG64-CP-Align070-ShortlistUniform-K0-T1-Pairwise050-s42,51,1.209625
B,Combined,RELER,42,G1-R2-RL-GradedNDCG64-CP-Align070-ShortlistUniform-K0-T1-Pairwise050-s42,52,1.221884
B,Combined,RELER,42,G1-R2-RL-GradedNDCG64-CP-Align070-ShortlistUniform-K0-T1-Pairwise050-s42,53,1.24027
B,Combined,RELER,42,G1-R2-RL-GradedNDCG64-CP-Align070-ShortlistUniform-K0-T1-Pairwise050-s42,54,1.197983
B,Combined,RELER,42,G1-R2-RL-GradedNDCG64-CP-Align070-ShortlistUniform-K0-T1-Pairwise050-s42,55,1.201036
B,Combined,RELER,42,G1-R2-RL-GradedNDCG64-CP-Align070-ShortlistUniform-K0-T1-Pairwise050-s42,56,1.223924
B,Combined,RELER,42,G1-R2-RL-GradedNDCG64-CP-Align070-ShortlistUniform-K0-T1-Pairwise050-s42,57,1.209795
B,Combined,RELER,42,G1-R2-RL-GradedNDCG64-CP-Align070-ShortlistUniform-K0-T1-Pairwise050-s42,58,1.193793
B,Combined,RELER,42,G1-R2-RL-GradedNDCG64-CP-Align070-ShortlistUniform-K0-T1-Pairwise050-s42,59,1.210002
B,Combined,RELER,42,G1-R2-RL-GradedNDCG64-CP-Align070-ShortlistUniform-K0-T1-Pairwise050-s42,60,1.202903
B,Combined,RELER,42,G1-R2-RL-GradedNDCG64-CP-Align070-ShortlistUniform-K0-T1-Pairwise050-s42,61,1.233468
B,Combined,RELER,42,G1-R2-RL-GradedNDCG64-CP-Align070-ShortlistUniform-K0-T1-Pairwise050-s42,62,1.164211
B,Combined,RELER,42,G1-R2-RL-GradedNDCG64-CP-Align070-ShortlistUniform-K0-T1-Pairwise050-s42,63,1.21868
B,Combined,RELER,42,G1-R2-RL-GradedNDCG64-CP-Align070-ShortlistUniform-K0-T1-Pairwise050-s42,64,1.229465
B,Combined,RELER,42,G1-R2-RL-GradedNDCG64-CP-Align070-ShortlistUniform-K0-T1-Pairwise050-s42,65,1.234709
B,Combined,RELER,42,G1-R2-RL-GradedNDCG64-CP-Align070-ShortlistUniform-K0-T1-Pairwise050-s42,66,1.220886
B,Combined,RELER,42,G1-R2-RL-GradedNDCG64-CP-Align070-ShortlistUniform-K0-T1-Pairwise050-s42,67,1.213555
B,Combined,RELER,42,G1-R2-RL-GradedNDCG64-CP-Align070-ShortlistUniform-K0-T1-Pairwise050-s42,68,1.200621
B,Combined,RELER,42,G1-R2-RL-GradedNDCG64-CP-Align070-ShortlistUniform-K0-T1-Pairwise050-s42,69,1.186012
B,Combined,RELER,42,G1-R2-RL-GradedNDCG64-CP-Align070-ShortlistUniform-K0-T1-Pairwise050-s42,70,1.216692
B,Combined,RELER,42,G1-R2-RL-GradedNDCG64-CP-Align070-ShortlistUniform-K0-T1-Pairwise050-s42,71,1.246643
B,Combined,RELER,42,G1-R2-RL-GradedNDCG64-CP-Align070-ShortlistUniform-K0-T1-Pairwise050-s42,72,1.235555
B,Combined,RELER,42,G1-R2-RL-GradedNDCG64-CP-Align070-ShortlistUniform-K0-T1-Pairwise050-s42,73,1.241688
B,Combined,RELER,42,G1-R2-RL-GradedNDCG64-CP-Align070-ShortlistUniform-K0-T1-Pairwise050-s42,74,1.232876
B,Combined,RELER,42,G1-R2-RL-GradedNDCG64-CP-Align070-ShortlistUniform-K0-T1-Pairwise050-s42,75,1.196345
B,Combined,RELER,42,G1-R2-RL-GradedNDCG64-CP-Align070-ShortlistUniform-K0-T1-Pairwise050-s42,76,1.237218
B,Combined,RELER,42,G1-R2-RL-GradedNDCG64-CP-Align070-ShortlistUniform-K0-T1-Pairwise050-s42,77,1.238392
B,Combined,RELER,42,G1-R2-RL-GradedNDCG64-CP-Align070-ShortlistUniform-K0-T1-Pairwise050-s42,78,1.270628
B,Combined,RELER,42,G1-R2-RL-GradedNDCG64-CP-Align070-ShortlistUniform-K0-T1-Pairwise050-s42,79,1.215812
B,Combined,RELER,42,G1-R2-RL-GradedNDCG64-CP-Align070-ShortlistUniform-K0-T1-Pairwise050-s42,80,1.23235
B,Combined,RELER,42,G1-R2-RL-GradedNDCG64-CP-Align070-ShortlistUniform-K0-T1-Pairwise050-s42,81,1.234745
B,Combined,RELER,42,G1-R2-RL-GradedNDCG64-CP-Align070-ShortlistUniform-K0-T1-Pairwise050-s42,82,1.263048
B,Combined,RELER,42,G1-R2-RL-GradedNDCG64-CP-Align070-ShortlistUniform-K0-T1-Pairwise050-s42,83,1.241125
B,Combined,RELER,42,G1-R2-RL-GradedNDCG64-CP-Align070-ShortlistUniform-K0-T1-Pairwise050-s42,84,1.257434
B,Combined,RELER,42,G1-R2-RL-GradedNDCG64-CP-Align070-ShortlistUniform-K0-T1-Pairwise050-s42,85,1.249429
B,Combined,RELER,42,G1-R2-RL-GradedNDCG64-CP-Align070-ShortlistUniform-K0-T1-Pairwise050-s42,86,1.264785
B,Combined,RELER,42,G1-R2-RL-GradedNDCG64-CP-Align070-ShortlistUniform-K0-T1-Pairwise050-s42,87,1.182229
B,Combined,RELER,42,G1-R2-RL-GradedNDCG64-CP-Align070-ShortlistUniform-K0-T1-Pairwise050-s42,88,1.238224
B,Combined,RELER,42,G1-R2-RL-GradedNDCG64-CP-Align070-ShortlistUniform-K0-T1-Pairwise050-s42,89,1.246639
B,Combined,RELER,42,G1-R2-RL-GradedNDCG64-CP-Align070-ShortlistUniform-K0-T1-Pairwise050-s42,90,1.226921
B,Combined,RELER,42,G1-R2-RL-GradedNDCG64-CP-Align070-ShortlistUniform-K0-T1-Pairwise050-s42,91,1.252131
B,Combined,RELER,42,G1-R2-RL-GradedNDCG64-CP-Align070-ShortlistUniform-K0-T1-Pairwise050-s42,92,1.250008
B,Combined,RELER,42,G1-R2-RL-GradedNDCG64-CP-Align070-ShortlistUniform-K0-T1-Pairwise050-s42,93,1.228474
B,Combined,RELER,42,G1-R2-RL-GradedNDCG64-CP-Align070-ShortlistUniform-K0-T1-Pairwise050-s42,94,1.25602
B,Combined,RELER,42,G1-R2-RL-GradedNDCG64-CP-Align070-ShortlistUniform-K0-T1-Pairwise050-s42,95,1.256153
B,Combined,RELER,42,G1-R2-RL-GradedNDCG64-CP-Align070-ShortlistUniform-K0-T1-Pairwise050-s42,96,1.226527
B,Combined,RELER,42,G1-R2-RL-GradedNDCG64-CP-Align070-ShortlistUniform-K0-T1-Pairwise050-s42,97,1.270403
B,Combined,RELER,42,G1-R2-RL-GradedNDCG64-CP-Align070-ShortlistUniform-K0-T1-Pairwise050-s42,98,1.244542
B,Combined,RELER,42,G1-R2-RL-GradedNDCG64-CP-Align070-ShortlistUniform-K0-T1-Pairwise050-s42,99,1.256474
B,Combined,RELER,42,G1-R2-RL-GradedNDCG64-CP-Align070-ShortlistUniform-K0-T1-Pairwise050-s42,100,1.264172
B,Combined,RELER,42,G1-R2-RL-GradedNDCG64-CP-Align070-ShortlistUniform-K0-T1-Pairwise050-s42,101,1.249626
B,Combined,RELER,42,G1-R2-RL-GradedNDCG64-CP-Align070-ShortlistUniform-K0-T1-Pairwise050-s42,102,1.240762
B,Combined,RELER,42,G1-R2-RL-GradedNDCG64-CP-Align070-ShortlistUniform-K0-T1-Pairwise050-s42,103,1.246031
B,Combined,RELER,42,G1-R2-RL-GradedNDCG64-CP-Align070-ShortlistUniform-K0-T1-Pairwise050-s42,104,1.234214
B,Combined,RELER,42,G1-R2-RL-GradedNDCG64-CP-Align070-ShortlistUniform-K0-T1-Pairwise050-s42,105,1.254233
B,Combined,RELER,42,G1-R2-RL-GradedNDCG64-CP-Align070-ShortlistUniform-K0-T1-Pairwise050-s42,106,1.242042
B,Combined,RELER,42,G1-R2-RL-GradedNDCG64-CP-Align070-ShortlistUniform-K0-T1-Pairwise050-s42,107,1.219542
B,Combined,RELER,42,G1-R2-RL-GradedNDCG64-CP-Align070-ShortlistUniform-K0-T1-Pairwise050-s42,108,1.250947
B,Combined,RELER,42,G1-R2-RL-GradedNDCG64-CP-Align070-ShortlistUniform-K0-T1-Pairwise050-s42,109,1.218609
B,Combined,RELER,42,G1-R2-RL-GradedNDCG64-CP-Align070-ShortlistUniform-K0-T1-Pairwise050-s42,110,1.28104
B,Combined,RELER,42,G1-R2-RL-GradedNDCG64-CP-Align070-ShortlistUniform-K0-T1-Pairwise050-s42,111,1.240397
B,Combined,RELER,42,G1-R2-RL-GradedNDCG64-CP-Align070-ShortlistUniform-K0-T1-Pairwise050-s42,112,1.259195
B,Combined,RELER,42,G1-R2-RL-GradedNDCG64-CP-Align070-ShortlistUniform-K0-T1-Pairwise050-s42,113,1.257552
B,Combined,RELER,2026,G1-R2-RL-GradedNDCG64-CP-Align070-ShortlistUniform-K0-T1-Pairwise050-Seed2026-s2026,1,0.94154
B,Combined,RELER,2026,G1-R2-RL-GradedNDCG64-CP-Align070-ShortlistUniform-K0-T1-Pairwise050-Seed2026-s2026,2,1.055009
B,Combined,RELER,2026,G1-R2-RL-GradedNDCG64-CP-Align070-ShortlistUniform-K0-T1-Pairwise050-Seed2026-s2026,3,1.03671
B,Combined,RELER,2026,G1-R2-RL-GradedNDCG64-CP-Align070-ShortlistUniform-K0-T1-Pairwise050-Seed2026-s2026,4,0.971453
B,Combined,RELER,2026,G1-R2-RL-GradedNDCG64-CP-Align070-ShortlistUniform-K0-T1-Pairwise050-Seed2026-s2026,5,1.070784
B,Combined,RELER,2026,G1-R2-RL-GradedNDCG64-CP-Align070-ShortlistUniform-K0-T1-Pairwise050-Seed2026-s2026,6,1.006954
B,Combined,RELER,2026,G1-R2-RL-GradedNDCG64-CP-Align070-ShortlistUniform-K0-T1-Pairwise050-Seed2026-s2026,7,1.032959
B,Combined,RELER,2026,G1-R2-RL-GradedNDCG64-CP-Align070-ShortlistUniform-K0-T1-Pairwise050-Seed2026-s2026,8,1.036042
B,Combined,RELER,2026,G1-R2-RL-GradedNDCG64-CP-Align070-ShortlistUniform-K0-T1-Pairwise050-Seed2026-s2026,9,0.996305
B,Combined,RELER,2026,G1-R2-RL-GradedNDCG64-CP-Align070-ShortlistUniform-K0-T1-Pairwise050-Seed2026-s2026,10,1.043046
B,Combined,RELER,2026,G1-R2-RL-GradedNDCG64-CP-Align070-ShortlistUniform-K0-T1-Pairwise050-Seed2026-s2026,11,1.142804
B,Combined,RELER,2026,G1-R2-RL-GradedNDCG64-CP-Align070-ShortlistUniform-K0-T1-Pairwise050-Seed2026-s2026,12,1.095927
B,Combined,RELER,2026,G1-R2-RL-GradedNDCG64-CP-Align070-ShortlistUniform-K0-T1-Pairwise050-Seed2026-s2026,13,1.078836
B,Combined,RELER,2026,G1-R2-RL-GradedNDCG64-CP-Align070-ShortlistUniform-K0-T1-Pairwise050-Seed2026-s2026,14,1.113405
B,Combined,RELER,2026,G1-R2-RL-GradedNDCG64-CP-Align070-ShortlistUniform-K0-T1-Pairwise050-Seed2026-s2026,15,1.100855
B,Combined,RELER,2026,G1-R2-RL-GradedNDCG64-CP-Align070-ShortlistUniform-K0-T1-Pairwise050-Seed2026-s2026,16,1.131216
B,Combined,RELER,2026,G1-R2-RL-GradedNDCG64-CP-Align070-ShortlistUniform-K0-T1-Pairwise050-Seed2026-s2026,17,1.136151
B,Combined,RELER,2026,G1-R2-RL-GradedNDCG64-CP-Align070-ShortlistUniform-K0-T1-Pairwise050-Seed2026-s2026,18,1.140362
B,Combined,RELER,2026,G1-R2-RL-GradedNDCG64-CP-Align070-ShortlistUniform-K0-T1-Pairwise050-Seed2026-s2026,19,1.100702
B,Combined,RELER,2026,G1-R2-RL-GradedNDCG64-CP-Align070-ShortlistUniform-K0-T1-Pairwise050-Seed2026-s2026,20,1.144183
B,Combined,RELER,2026,G1-R2-RL-GradedNDCG64-CP-Align070-ShortlistUniform-K0-T1-Pairwise050-Seed2026-s2026,21,1.185347
B,Combined,RELER,2026,G1-R2-RL-GradedNDCG64-CP-Align070-ShortlistUniform-K0-T1-Pairwise050-Seed2026-s2026,22,1.14664
B,Combined,RELER,2026,G1-R2-RL-GradedNDCG64-CP-Align070-ShortlistUniform-K0-T1-Pairwise050-Seed2026-s2026,23,1.156069
B,Combined,RELER,2026,G1-R2-RL-GradedNDCG64-CP-Align070-ShortlistUniform-K0-T1-Pairwise050-Seed2026-s2026,24,1.144638
B,Combined,RELER,2026,G1-R2-RL-GradedNDCG64-CP-Align070-ShortlistUniform-K0-T1-Pairwise050-Seed2026-s2026,25,1.084336
B,Combined,RELER,2026,G1-R2-RL-GradedNDCG64-CP-Align070-ShortlistUniform-K0-T1-Pairwise050-Seed2026-s2026,26,1.134092
B,Combined,RELER,2026,G1-R2-RL-GradedNDCG64-CP-Align070-ShortlistUniform-K0-T1-Pairwise050-Seed2026-s2026,27,1.187414
B,Combined,RELER,2026,G1-R2-RL-GradedNDCG64-CP-Align070-ShortlistUniform-K0-T1-Pairwise050-Seed2026-s2026,28,1.155576
B,Combined,RELER,2026,G1-R2-RL-GradedNDCG64-CP-Align070-ShortlistUniform-K0-T1-Pairwise050-Seed2026-s2026,29,1.18614
B,Combined,RELER,2026,G1-R2-RL-GradedNDCG64-CP-Align070-ShortlistUniform-K0-T1-Pairwise050-Seed2026-s2026,30,1.116887
B,Combined,RELER,2026,G1-R2-RL-GradedNDCG64-CP-Align070-ShortlistUniform-K0-T1-Pairwise050-Seed2026-s2026,31,1.147835
B,Combined,RELER,2026,G1-R2-RL-GradedNDCG64-CP-Align070-ShortlistUniform-K0-T1-Pairwise050-Seed2026-s2026,32,1.137277
B,Combined,RELER,2026,G1-R2-RL-GradedNDCG64-CP-Align070-ShortlistUniform-K0-T1-Pairwise050-Seed2026-s2026,33,1.196082
B,Combined,RELER,2026,G1-R2-RL-GradedNDCG64-CP-Align070-ShortlistUniform-K0-T1-Pairwise050-Seed2026-s2026,34,1.151275
B,Combined,RELER,2026,G1-R2-RL-GradedNDCG64-CP-Align070-ShortlistUniform-K0-T1-Pairwise050-Seed2026-s2026,35,1.112123
B,Combined,RELER,2026,G1-R2-RL-GradedNDCG64-CP-Align070-ShortlistUniform-K0-T1-Pairwise050-Seed2026-s2026,36,1.213302
B,Combined,RELER,2026,G1-R2-RL-GradedNDCG64-CP-Align070-ShortlistUniform-K0-T1-Pairwise050-Seed2026-s2026,37,1.160557
B,Combined,RELER,2026,G1-R2-RL-GradedNDCG64-CP-Align070-ShortlistUniform-K0-T1-Pairwise050-Seed2026-s2026,38,1.167001
B,Combined,RELER,2026,G1-R2-RL-GradedNDCG64-CP-Align070-ShortlistUniform-K0-T1-Pairwise050-Seed2026-s2026,39,1.190949
B,Combined,RELER,2026,G1-R2-RL-GradedNDCG64-CP-Align070-ShortlistUniform-K0-T1-Pairwise050-Seed2026-s2026,40,1.233714
B,Combined,RELER,2026,G1-R2-RL-GradedNDCG64-CP-Align070-ShortlistUniform-K0-T1-Pairwise050-Seed2026-s2026,41,1.205232
B,Combined,RELER,2026,G1-R2-RL-GradedNDCG64-CP-Align070-ShortlistUniform-K0-T1-Pairwise050-Seed2026-s2026,42,1.224765
B,Combined,RELER,2026,G1-R2-RL-GradedNDCG64-CP-Align070-ShortlistUniform-K0-T1-Pairwise050-Seed2026-s2026,43,1.249487
B,Combined,RELER,2026,G1-R2-RL-GradedNDCG64-CP-Align070-ShortlistUniform-K0-T1-Pairwise050-Seed2026-s2026,44,1.218668
B,Combined,RELER,2026,G1-R2-RL-GradedNDCG64-CP-Align070-ShortlistUniform-K0-T1-Pairwise050-Seed2026-s2026,45,1.170493
B,Combined,RELER,2026,G1-R2-RL-GradedNDCG64-CP-Align070-ShortlistUniform-K0-T1-Pairwise050-Seed2026-s2026,46,1.168556
B,Combined,RELER,2026,G1-R2-RL-GradedNDCG64-CP-Align070-ShortlistUniform-K0-T1-Pairwise050-Seed2026-s2026,47,1.211826
B,Combined,RELER,2026,G1-R2-RL-GradedNDCG64-CP-Align070-ShortlistUniform-K0-T1-Pairwise050-Seed2026-s2026,48,1.196698
B,Combined,RELER,2026,G1-R2-RL-GradedNDCG64-CP-Align070-ShortlistUniform-K0-T1-Pairwise050-Seed2026-s2026,49,1.192538
B,Combined,RELER,2026,G1-R2-RL-GradedNDCG64-CP-Align070-ShortlistUniform-K0-T1-Pairwise050-Seed2026-s2026,50,1.212185
B,Combined,RELER,2026,G1-R2-RL-GradedNDCG64-CP-Align070-ShortlistUniform-K0-T1-Pairwise050-Seed2026-s2026,51,1.222703
B,Combined,RELER,2026,G1-R2-RL-GradedNDCG64-CP-Align070-ShortlistUniform-K0-T1-Pairwise050-Seed2026-s2026,52,1.155819
B,Combined,RELER,2026,G1-R2-RL-GradedNDCG64-CP-Align070-ShortlistUniform-K0-T1-Pairwise050-Seed2026-s2026,53,1.237245
B,Combined,RELER,2026,G1-R2-RL-GradedNDCG64-CP-Align070-ShortlistUniform-K0-T1-Pairwise050-Seed2026-s2026,54,1.196573
B,Combined,RELER,2026,G1-R2-RL-GradedNDCG64-CP-Align070-ShortlistUniform-K0-T1-Pairwise050-Seed2026-s2026,55,1.229121
B,Combined,RELER,2026,G1-R2-RL-GradedNDCG64-CP-Align070-ShortlistUniform-K0-T1-Pairwise050-Seed2026-s2026,56,1.21991
B,Combined,RELER,2026,G1-R2-RL-GradedNDCG64-CP-Align070-ShortlistUniform-K0-T1-Pairwise050-Seed2026-s2026,57,1.227859
B,Combined,RELER,2026,G1-R2-RL-GradedNDCG64-CP-Align070-ShortlistUniform-K0-T1-Pairwise050-Seed2026-s2026,58,1.212969
B,Combined,RELER,2026,G1-R2-RL-GradedNDCG64-CP-Align070-ShortlistUniform-K0-T1-Pairwise050-Seed2026-s2026,59,1.17774
B,Combined,RELER,2026,G1-R2-RL-GradedNDCG64-CP-Align070-ShortlistUniform-K0-T1-Pairwise050-Seed2026-s2026,60,1.217279
B,Combined,RELER,2026,G1-R2-RL-GradedNDCG64-CP-Align070-ShortlistUniform-K0-T1-Pairwise050-Seed2026-s2026,61,1.224835
B,Combined,RELER,2026,G1-R2-RL-GradedNDCG64-CP-Align070-ShortlistUniform-K0-T1-Pairwise050-Seed2026-s2026,62,1.224428
B,Combined,RELER,2026,G1-R2-RL-GradedNDCG64-CP-Align070-ShortlistUniform-K0-T1-Pairwise050-Seed2026-s2026,63,1.197964
B,Combined,RELER,2026,G1-R2-RL-GradedNDCG64-CP-Align070-ShortlistUniform-K0-T1-Pairwise050-Seed2026-s2026,64,1.174673
B,Combined,RELER,2026,G1-R2-RL-GradedNDCG64-CP-Align070-ShortlistUniform-K0-T1-Pairwise050-Seed2026-s2026,65,1.190373
B,Combined,RELER,2026,G1-R2-RL-GradedNDCG64-CP-Align070-ShortlistUniform-K0-T1-Pairwise050-Seed2026-s2026,66,1.24025
B,Combined,RELER,2026,G1-R2-RL-GradedNDCG64-CP-Align070-ShortlistUniform-K0-T1-Pairwise050-Seed2026-s2026,67,1.21388
B,Combined,RELER,2026,G1-R2-RL-GradedNDCG64-CP-Align070-ShortlistUniform-K0-T1-Pairwise050-Seed2026-s2026,68,1.256179
B,Combined,RELER,2026,G1-R2-RL-GradedNDCG64-CP-Align070-ShortlistUniform-K0-T1-Pairwise050-Seed2026-s2026,69,1.182026
B,Combined,RELER,2026,G1-R2-RL-GradedNDCG64-CP-Align070-ShortlistUniform-K0-T1-Pairwise050-Seed2026-s2026,70,1.228167
B,Combined,RELER,2026,G1-R2-RL-GradedNDCG64-CP-Align070-ShortlistUniform-K0-T1-Pairwise050-Seed2026-s2026,71,1.228377
B,Combined,RELER,2026,G1-R2-RL-GradedNDCG64-CP-Align070-ShortlistUniform-K0-T1-Pairwise050-Seed2026-s2026,72,1.248754
B,Combined,RELER,2026,G1-R2-RL-GradedNDCG64-CP-Align070-ShortlistUniform-K0-T1-Pairwise050-Seed2026-s2026,73,1.198648
B,Combined,RELER,2026,G1-R2-RL-GradedNDCG64-CP-Align070-ShortlistUniform-K0-T1-Pairwise050-Seed2026-s2026,74,1.218446
B,Combined,RELER,2026,G1-R2-RL-GradedNDCG64-CP-Align070-ShortlistUniform-K0-T1-Pairwise050-Seed2026-s2026,75,1.244074
B,Combined,RELER,2026,G1-R2-RL-GradedNDCG64-CP-Align070-ShortlistUniform-K0-T1-Pairwise050-Seed2026-s2026,76,1.183275
B,Combined,RELER,2026,G1-R2-RL-GradedNDCG64-CP-Align070-ShortlistUniform-K0-T1-Pairwise050-Seed2026-s2026,77,1.199766
B,Combined,RELER,2026,G1-R2-RL-GradedNDCG64-CP-Align070-ShortlistUniform-K0-T1-Pairwise050-Seed2026-s2026,78,1.291771
B,Combined,RELER,2026,G1-R2-RL-GradedNDCG64-CP-Align070-ShortlistUniform-K0-T1-Pairwise050-Seed2026-s2026,79,1.228136
B,Combined,RELER,2026,G1-R2-RL-GradedNDCG64-CP-Align070-ShortlistUniform-K0-T1-Pairwise050-Seed2026-s2026,80,1.296276
B,Combined,RELER,2026,G1-R2-RL-GradedNDCG64-CP-Align070-ShortlistUniform-K0-T1-Pairwise050-Seed2026-s2026,81,1.261754
B,Combined,RELER,2026,G1-R2-RL-GradedNDCG64-CP-Align070-ShortlistUniform-K0-T1-Pairwise050-Seed2026-s2026,82,1.213215
B,Combined,RELER,2026,G1-R2-RL-GradedNDCG64-CP-Align070-ShortlistUniform-K0-T1-Pairwise050-Seed2026-s2026,83,1.258968
B,Combined,RELER,2026,G1-R2-RL-GradedNDCG64-CP-Align070-ShortlistUniform-K0-T1-Pairwise050-Seed2026-s2026,84,1.261278
B,Combined,RELER,2026,G1-R2-RL-GradedNDCG64-CP-Align070-ShortlistUniform-K0-T1-Pairwise050-Seed2026-s2026,85,1.273909
B,Combined,RELER,2026,G1-R2-RL-GradedNDCG64-CP-Align070-ShortlistUniform-K0-T1-Pairwise050-Seed2026-s2026,86,1.194332
B,Combined,RELER,2026,G1-R2-RL-GradedNDCG64-CP-Align070-ShortlistUniform-K0-T1-Pairwise050-Seed2026-s2026,87,1.310798
B,Combined,RELER,2026,G1-R2-RL-GradedNDCG64-CP-Align070-ShortlistUniform-K0-T1-Pairwise050-Seed2026-s2026,88,1.255213
B,Combined,RELER,2026,G1-R2-RL-GradedNDCG64-CP-Align070-ShortlistUniform-K0-T1-Pairwise050-Seed2026-s2026,89,1.209168
B,Combined,RELER,2026,G1-R2-RL-GradedNDCG64-CP-Align070-ShortlistUniform-K0-T1-Pairwise050-Seed2026-s2026,90,1.2361
B,Combined,RELER,2026,G1-R2-RL-GradedNDCG64-CP-Align070-ShortlistUniform-K0-T1-Pairwise050-Seed2026-s2026,91,1.236748
B,Combined,RELER,2026,G1-R2-RL-GradedNDCG64-CP-Align070-ShortlistUniform-K0-T1-Pairwise050-Seed2026-s2026,92,1.263887
B,Combined,RELER,2026,G1-R2-RL-GradedNDCG64-CP-Align070-ShortlistUniform-K0-T1-Pairwise050-Seed2026-s2026,93,1.226859
B,Combined,RELER,2026,G1-R2-RL-GradedNDCG64-CP-Align070-ShortlistUniform-K0-T1-Pairwise050-Seed2026-s2026,94,1.241744
B,Combined,RELER,2026,G1-R2-RL-GradedNDCG64-CP-Align070-ShortlistUniform-K0-T1-Pairwise050-Seed2026-s2026,95,1.218624
B,Combined,RELER,2026,G1-R2-RL-GradedNDCG64-CP-Align070-ShortlistUniform-K0-T1-Pairwise050-Seed2026-s2026,96,1.26226
B,Combined,RELER,2026,G1-R2-RL-GradedNDCG64-CP-Align070-ShortlistUniform-K0-T1-Pairwise050-Seed2026-s2026,97,1.225639
B,Combined,RELER,2026,G1-R2-RL-GradedNDCG64-CP-Align070-ShortlistUniform-K0-T1-Pairwise050-Seed2026-s2026,98,1.259808
B,Combined,RELER,2026,G1-R2-RL-GradedNDCG64-CP-Align070-ShortlistUniform-K0-T1-Pairwise050-Seed2026-s2026,99,1.249668
B,Combined,RELER,2026,G1-R2-RL-GradedNDCG64-CP-Align070-ShortlistUniform-K0-T1-Pairwise050-Seed2026-s2026,100,1.254368
B,Combined,RELER,2026,G1-R2-RL-GradedNDCG64-CP-Align070-ShortlistUniform-K0-T1-Pairwise050-Seed2026-s2026,101,1.212492
B,Combined,RELER,2026,G1-R2-RL-GradedNDCG64-CP-Align070-ShortlistUniform-K0-T1-Pairwise050-Seed2026-s2026,102,1.245647
B,Combined,RELER,2026,G1-R2-RL-GradedNDCG64-CP-Align070-ShortlistUniform-K0-T1-Pairwise050-Seed2026-s2026,103,1.272936
B,Combined,RELER,2026,G1-R2-RL-GradedNDCG64-CP-Align070-ShortlistUniform-K0-T1-Pairwise050-Seed2026-s2026,104,1.246947
B,Combined,RELER,2026,G1-R2-RL-GradedNDCG64-CP-Align070-ShortlistUniform-K0-T1-Pairwise050-Seed2026-s2026,105,1.221921
B,Combined,RELER,2026,G1-R2-RL-GradedNDCG64-CP-Align070-ShortlistUniform-K0-T1-Pairwise050-Seed2026-s2026,106,1.283071
B,Combined,RELER,2026,G1-R2-RL-GradedNDCG64-CP-Align070-ShortlistUniform-K0-T1-Pairwise050-Seed2026-s2026,107,1.233567
B,Combined,RELER,2026,G1-R2-RL-GradedNDCG64-CP-Align070-ShortlistUniform-K0-T1-Pairwise050-Seed2026-s2026,108,1.240075
B,Combined,RELER,2026,G1-R2-RL-GradedNDCG64-CP-Align070-ShortlistUniform-K0-T1-Pairwise050-Seed2026-s2026,109,1.244691
B,Combined,RELER,2026,G1-R2-RL-GradedNDCG64-CP-Align070-ShortlistUniform-K0-T1-Pairwise050-Seed2026-s2026,110,1.241893
B,Combined,RELER,2026,G1-R2-RL-GradedNDCG64-CP-Align070-ShortlistUniform-K0-T1-Pairwise050-Seed2026-s2026,111,1.237567
B,Combined,RELER,2026,G1-R2-RL-GradedNDCG64-CP-Align070-ShortlistUniform-K0-T1-Pairwise050-Seed2026-s2026,112,1.229546
B,Combined,RELER,2026,G1-R2-RL-GradedNDCG64-CP-Align070-ShortlistUniform-K0-T1-Pairwise050-Seed2026-s2026,113,1.241658
B,Combined,RELER,3407,G1-R2-RL-GradedNDCG64-CP-Align070-ShortlistUniform-K0-T1-Pairwise050-Seed3407-s3407,1,1.012442
B,Combined,RELER,3407,G1-R2-RL-GradedNDCG64-CP-Align070-ShortlistUniform-K0-T1-Pairwise050-Seed3407-s3407,2,0.970756
B,Combined,RELER,3407,G1-R2-RL-GradedNDCG64-CP-Align070-ShortlistUniform-K0-T1-Pairwise050-Seed3407-s3407,3,0.957507
B,Combined,RELER,3407,G1-R2-RL-GradedNDCG64-CP-Align070-ShortlistUniform-K0-T1-Pairwise050-Seed3407-s3407,4,0.957564
B,Combined,RELER,3407,G1-R2-RL-GradedNDCG64-CP-Align070-ShortlistUniform-K0-T1-Pairwise050-Seed3407-s3407,5,0.957847
B,Combined,RELER,3407,G1-R2-RL-GradedNDCG64-CP-Align070-ShortlistUniform-K0-T1-Pairwise050-Seed3407-s3407,6,1.00536
B,Combined,RELER,3407,G1-R2-RL-GradedNDCG64-CP-Align070-ShortlistUniform-K0-T1-Pairwise050-Seed3407-s3407,7,0.942654
B,Combined,RELER,3407,G1-R2-RL-GradedNDCG64-CP-Align070-ShortlistUniform-K0-T1-Pairwise050-Seed3407-s3407,8,1.061762
B,Combined,RELER,3407,G1-R2-RL-GradedNDCG64-CP-Align070-ShortlistUniform-K0-T1-Pairwise050-Seed3407-s3407,9,1.088781
B,Combined,RELER,3407,G1-R2-RL-GradedNDCG64-CP-Align070-ShortlistUniform-K0-T1-Pairwise050-Seed3407-s3407,10,1.052805
B,Combined,RELER,3407,G1-R2-RL-GradedNDCG64-CP-Align070-ShortlistUniform-K0-T1-Pairwise050-Seed3407-s3407,11,1.117763
B,Combined,RELER,3407,G1-R2-RL-GradedNDCG64-CP-Align070-ShortlistUniform-K0-T1-Pairwise050-Seed3407-s3407,12,1.142202
B,Combined,RELER,3407,G1-R2-RL-GradedNDCG64-CP-Align070-ShortlistUniform-K0-T1-Pairwise050-Seed3407-s3407,13,1.130063
B,Combined,RELER,3407,G1-R2-RL-GradedNDCG64-CP-Align070-ShortlistUniform-K0-T1-Pairwise050-Seed3407-s3407,14,1.161417
B,Combined,RELER,3407,G1-R2-RL-GradedNDCG64-CP-Align070-ShortlistUniform-K0-T1-Pairwise050-Seed3407-s3407,15,1.114706
B,Combined,RELER,3407,G1-R2-RL-GradedNDCG64-CP-Align070-ShortlistUniform-K0-T1-Pairwise050-Seed3407-s3407,16,1.144956
B,Combined,RELER,3407,G1-R2-RL-GradedNDCG64-CP-Align070-ShortlistUniform-K0-T1-Pairwise050-Seed3407-s3407,17,1.095844
B,Combined,RELER,3407,G1-R2-RL-GradedNDCG64-CP-Align070-ShortlistUniform-K0-T1-Pairwise050-Seed3407-s3407,18,1.090042
B,Combined,RELER,3407,G1-R2-RL-GradedNDCG64-CP-Align070-ShortlistUniform-K0-T1-Pairwise050-Seed3407-s3407,19,1.072164
B,Combined,RELER,3407,G1-R2-RL-GradedNDCG64-CP-Align070-ShortlistUniform-K0-T1-Pairwise050-Seed3407-s3407,20,1.161073
B,Combined,RELER,3407,G1-R2-RL-GradedNDCG64-CP-Align070-ShortlistUniform-K0-T1-Pairwise050-Seed3407-s3407,21,1.172058
B,Combined,RELER,3407,G1-R2-RL-GradedNDCG64-CP-Align070-ShortlistUniform-K0-T1-Pairwise050-Seed3407-s3407,22,1.145842
B,Combined,RELER,3407,G1-R2-RL-GradedNDCG64-CP-Align070-ShortlistUniform-K0-T1-Pairwise050-Seed3407-s3407,23,1.193001
B,Combined,RELER,3407,G1-R2-RL-GradedNDCG64-CP-Align070-ShortlistUniform-K0-T1-Pairwise050-Seed3407-s3407,24,1.146406
B,Combined,RELER,3407,G1-R2-RL-GradedNDCG64-CP-Align070-ShortlistUniform-K0-T1-Pairwise050-Seed3407-s3407,25,1.158849
B,Combined,RELER,3407,G1-R2-RL-GradedNDCG64-CP-Align070-ShortlistUniform-K0-T1-Pairwise050-Seed3407-s3407,26,1.120867
B,Combined,RELER,3407,G1-R2-RL-GradedNDCG64-CP-Align070-ShortlistUniform-K0-T1-Pairwise050-Seed3407-s3407,27,1.163345
B,Combined,RELER,3407,G1-R2-RL-GradedNDCG64-CP-Align070-ShortlistUniform-K0-T1-Pairwise050-Seed3407-s3407,28,1.177346
B,Combined,RELER,3407,G1-R2-RL-GradedNDCG64-CP-Align070-ShortlistUniform-K0-T1-Pairwise050-Seed3407-s3407,29,1.167513
B,Combined,RELER,3407,G1-R2-RL-GradedNDCG64-CP-Align070-ShortlistUniform-K0-T1-Pairwise050-Seed3407-s3407,30,1.10559
B,Combined,RELER,3407,G1-R2-RL-GradedNDCG64-CP-Align070-ShortlistUniform-K0-T1-Pairwise050-Seed3407-s3407,31,1.177942
B,Combined,RELER,3407,G1-R2-RL-GradedNDCG64-CP-Align070-ShortlistUniform-K0-T1-Pairwise050-Seed3407-s3407,32,1.173182
B,Combined,RELER,3407,G1-R2-RL-GradedNDCG64-CP-Align070-ShortlistUniform-K0-T1-Pairwise050-Seed3407-s3407,33,1.191971
B,Combined,RELER,3407,G1-R2-RL-GradedNDCG64-CP-Align070-ShortlistUniform-K0-T1-Pairwise050-Seed3407-s3407,34,1.161261
B,Combined,RELER,3407,G1-R2-RL-GradedNDCG64-CP-Align070-ShortlistUniform-K0-T1-Pairwise050-Seed3407-s3407,35,1.149553
B,Combined,RELER,3407,G1-R2-RL-GradedNDCG64-CP-Align070-ShortlistUniform-K0-T1-Pairwise050-Seed3407-s3407,36,1.13853
B,Combined,RELER,3407,G1-R2-RL-GradedNDCG64-CP-Align070-ShortlistUniform-K0-T1-Pairwise050-Seed3407-s3407,37,1.148764
B,Combined,RELER,3407,G1-R2-RL-GradedNDCG64-CP-Align070-ShortlistUniform-K0-T1-Pairwise050-Seed3407-s3407,38,1.202261
B,Combined,RELER,3407,G1-R2-RL-GradedNDCG64-CP-Align070-ShortlistUniform-K0-T1-Pairwise050-Seed3407-s3407,39,1.150619
B,Combined,RELER,3407,G1-R2-RL-GradedNDCG64-CP-Align070-ShortlistUniform-K0-T1-Pairwise050-Seed3407-s3407,40,1.205387
B,Combined,RELER,3407,G1-R2-RL-GradedNDCG64-CP-Align070-ShortlistUniform-K0-T1-Pairwise050-Seed3407-s3407,41,1.222273
B,Combined,RELER,3407,G1-R2-RL-GradedNDCG64-CP-Align070-ShortlistUniform-K0-T1-Pairwise050-Seed3407-s3407,42,1.174435
B,Combined,RELER,3407,G1-R2-RL-GradedNDCG64-CP-Align070-ShortlistUniform-K0-T1-Pairwise050-Seed3407-s3407,43,1.176872
B,Combined,RELER,3407,G1-R2-RL-GradedNDCG64-CP-Align070-ShortlistUniform-K0-T1-Pairwise050-Seed3407-s3407,44,1.191252
B,Combined,RELER,3407,G1-R2-RL-GradedNDCG64-CP-Align070-ShortlistUniform-K0-T1-Pairwise050-Seed3407-s3407,45,1.229923
B,Combined,RELER,3407,G1-R2-RL-GradedNDCG64-CP-Align070-ShortlistUniform-K0-T1-Pairwise050-Seed3407-s3407,46,1.205902
B,Combined,RELER,3407,G1-R2-RL-GradedNDCG64-CP-Align070-ShortlistUniform-K0-T1-Pairwise050-Seed3407-s3407,47,1.179614
B,Combined,RELER,3407,G1-R2-RL-GradedNDCG64-CP-Align070-ShortlistUniform-K0-T1-Pairwise050-Seed3407-s3407,48,1.24121
B,Combined,RELER,3407,G1-R2-RL-GradedNDCG64-CP-Align070-ShortlistUniform-K0-T1-Pairwise050-Seed3407-s3407,49,1.215506
B,Combined,RELER,3407,G1-R2-RL-GradedNDCG64-CP-Align070-ShortlistUniform-K0-T1-Pairwise050-Seed3407-s3407,50,1.234504
B,Combined,RELER,3407,G1-R2-RL-GradedNDCG64-CP-Align070-ShortlistUniform-K0-T1-Pairwise050-Seed3407-s3407,51,1.20655
B,Combined,RELER,3407,G1-R2-RL-GradedNDCG64-CP-Align070-ShortlistUniform-K0-T1-Pairwise050-Seed3407-s3407,52,1.166401
B,Combined,RELER,3407,G1-R2-RL-GradedNDCG64-CP-Align070-ShortlistUniform-K0-T1-Pairwise050-Seed3407-s3407,53,1.261614
B,Combined,RELER,3407,G1-R2-RL-GradedNDCG64-CP-Align070-ShortlistUniform-K0-T1-Pairwise050-Seed3407-s3407,54,1.210733
B,Combined,RELER,3407,G1-R2-RL-GradedNDCG64-CP-Align070-ShortlistUniform-K0-T1-Pairwise050-Seed3407-s3407,55,1.218968
B,Combined,RELER,3407,G1-R2-RL-GradedNDCG64-CP-Align070-ShortlistUniform-K0-T1-Pairwise050-Seed3407-s3407,56,1.220676
B,Combined,RELER,3407,G1-R2-RL-GradedNDCG64-CP-Align070-ShortlistUniform-K0-T1-Pairwise050-Seed3407-s3407,57,1.209183
B,Combined,RELER,3407,G1-R2-RL-GradedNDCG64-CP-Align070-ShortlistUniform-K0-T1-Pairwise050-Seed3407-s3407,58,1.247003
B,Combined,RELER,3407,G1-R2-RL-GradedNDCG64-CP-Align070-ShortlistUniform-K0-T1-Pairwise050-Seed3407-s3407,59,1.161686
B,Combined,RELER,3407,G1-R2-RL-GradedNDCG64-CP-Align070-ShortlistUniform-K0-T1-Pairwise050-Seed3407-s3407,60,1.238847
B,Combined,RELER,3407,G1-R2-RL-GradedNDCG64-CP-Align070-ShortlistUniform-K0-T1-Pairwise050-Seed3407-s3407,61,1.216377
B,Combined,RELER,3407,G1-R2-RL-GradedNDCG64-CP-Align070-ShortlistUniform-K0-T1-Pairwise050-Seed3407-s3407,62,1.229639
B,Combined,RELER,3407,G1-R2-RL-GradedNDCG64-CP-Align070-ShortlistUniform-K0-T1-Pairwise050-Seed3407-s3407,63,1.258412
B,Combined,RELER,3407,G1-R2-RL-GradedNDCG64-CP-Align070-ShortlistUniform-K0-T1-Pairwise050-Seed3407-s3407,64,1.198359
B,Combined,RELER,3407,G1-R2-RL-GradedNDCG64-CP-Align070-ShortlistUniform-K0-T1-Pairwise050-Seed3407-s3407,65,1.189813
B,Combined,RELER,3407,G1-R2-RL-GradedNDCG64-CP-Align070-ShortlistUniform-K0-T1-Pairwise050-Seed3407-s3407,66,1.193413
B,Combined,RELER,3407,G1-R2-RL-GradedNDCG64-CP-Align070-ShortlistUniform-K0-T1-Pairwise050-Seed3407-s3407,67,1.232471
B,Combined,RELER,3407,G1-R2-RL-GradedNDCG64-CP-Align070-ShortlistUniform-K0-T1-Pairwise050-Seed3407-s3407,68,1.169859
B,Combined,RELER,3407,G1-R2-RL-GradedNDCG64-CP-Align070-ShortlistUniform-K0-T1-Pairwise050-Seed3407-s3407,69,1.20927
B,Combined,RELER,3407,G1-R2-RL-GradedNDCG64-CP-Align070-ShortlistUniform-K0-T1-Pairwise050-Seed3407-s3407,70,1.180461
B,Combined,RELER,3407,G1-R2-RL-GradedNDCG64-CP-Align070-ShortlistUniform-K0-T1-Pairwise050-Seed3407-s3407,71,1.218531
B,Combined,RELER,3407,G1-R2-RL-GradedNDCG64-CP-Align070-ShortlistUniform-K0-T1-Pairwise050-Seed3407-s3407,72,1.228376
B,Combined,RELER,3407,G1-R2-RL-GradedNDCG64-CP-Align070-ShortlistUniform-K0-T1-Pairwise050-Seed3407-s3407,73,1.213476
B,Combined,RELER,3407,G1-R2-RL-GradedNDCG64-CP-Align070-ShortlistUniform-K0-T1-Pairwise050-Seed3407-s3407,74,1.224647
B,Combined,RELER,3407,G1-R2-RL-GradedNDCG64-CP-Align070-ShortlistUniform-K0-T1-Pairwise050-Seed3407-s3407,75,1.208927
B,Combined,RELER,3407,G1-R2-RL-GradedNDCG64-CP-Align070-ShortlistUniform-K0-T1-Pairwise050-Seed3407-s3407,76,1.193626
B,Combined,RELER,3407,G1-R2-RL-GradedNDCG64-CP-Align070-ShortlistUniform-K0-T1-Pairwise050-Seed3407-s3407,77,1.221693
B,Combined,RELER,3407,G1-R2-RL-GradedNDCG64-CP-Align070-ShortlistUniform-K0-T1-Pairwise050-Seed3407-s3407,78,1.256386
B,Combined,RELER,3407,G1-R2-RL-GradedNDCG64-CP-Align070-ShortlistUniform-K0-T1-Pairwise050-Seed3407-s3407,79,1.246962
B,Combined,RELER,3407,G1-R2-RL-GradedNDCG64-CP-Align070-ShortlistUniform-K0-T1-Pairwise050-Seed3407-s3407,80,1.246369
B,Combined,RELER,3407,G1-R2-RL-GradedNDCG64-CP-Align070-ShortlistUniform-K0-T1-Pairwise050-Seed3407-s3407,81,1.252537
B,Combined,RELER,3407,G1-R2-RL-GradedNDCG64-CP-Align070-ShortlistUniform-K0-T1-Pairwise050-Seed3407-s3407,82,1.229248
B,Combined,RELER,3407,G1-R2-RL-GradedNDCG64-CP-Align070-ShortlistUniform-K0-T1-Pairwise050-Seed3407-s3407,83,1.222076
B,Combined,RELER,3407,G1-R2-RL-GradedNDCG64-CP-Align070-ShortlistUniform-K0-T1-Pairwise050-Seed3407-s3407,84,1.280674
B,Combined,RELER,3407,G1-R2-RL-GradedNDCG64-CP-Align070-ShortlistUniform-K0-T1-Pairwise050-Seed3407-s3407,85,1.224164
B,Combined,RELER,3407,G1-R2-RL-GradedNDCG64-CP-Align070-ShortlistUniform-K0-T1-Pairwise050-Seed3407-s3407,86,1.238514
B,Combined,RELER,3407,G1-R2-RL-GradedNDCG64-CP-Align070-ShortlistUniform-K0-T1-Pairwise050-Seed3407-s3407,87,1.238386
B,Combined,RELER,3407,G1-R2-RL-GradedNDCG64-CP-Align070-ShortlistUniform-K0-T1-Pairwise050-Seed3407-s3407,88,1.200658
B,Combined,RELER,3407,G1-R2-RL-GradedNDCG64-CP-Align070-ShortlistUniform-K0-T1-Pairwise050-Seed3407-s3407,89,1.212727
B,Combined,RELER,3407,G1-R2-RL-GradedNDCG64-CP-Align070-ShortlistUniform-K0-T1-Pairwise050-Seed3407-s3407,90,1.263932
B,Combined,RELER,3407,G1-R2-RL-GradedNDCG64-CP-Align070-ShortlistUniform-K0-T1-Pairwise050-Seed3407-s3407,91,1.256866
B,Combined,RELER,3407,G1-R2-RL-GradedNDCG64-CP-Align070-ShortlistUniform-K0-T1-Pairwise050-Seed3407-s3407,92,1.262323
B,Combined,RELER,3407,G1-R2-RL-GradedNDCG64-CP-Align070-ShortlistUniform-K0-T1-Pairwise050-Seed3407-s3407,93,1.236131
B,Combined,RELER,3407,G1-R2-RL-GradedNDCG64-CP-Align070-ShortlistUniform-K0-T1-Pairwise050-Seed3407-s3407,94,1.208841
B,Combined,RELER,3407,G1-R2-RL-GradedNDCG64-CP-Align070-ShortlistUniform-K0-T1-Pairwise050-Seed3407-s3407,95,1.242248
B,Combined,RELER,3407,G1-R2-RL-GradedNDCG64-CP-Align070-ShortlistUniform-K0-T1-Pairwise050-Seed3407-s3407,96,1.263465
B,Combined,RELER,3407,G1-R2-RL-GradedNDCG64-CP-Align070-ShortlistUniform-K0-T1-Pairwise050-Seed3407-s3407,97,1.25192
B,Combined,RELER,3407,G1-R2-RL-GradedNDCG64-CP-Align070-ShortlistUniform-K0-T1-Pairwise050-Seed3407-s3407,98,1.252987
B,Combined,RELER,3407,G1-R2-RL-GradedNDCG64-CP-Align070-ShortlistUniform-K0-T1-Pairwise050-Seed3407-s3407,99,1.238871
B,Combined,RELER,3407,G1-R2-RL-GradedNDCG64-CP-Align070-ShortlistUniform-K0-T1-Pairwise050-Seed3407-s3407,100,1.253343
B,Combined,RELER,3407,G1-R2-RL-GradedNDCG64-CP-Align070-ShortlistUniform-K0-T1-Pairwise050-Seed3407-s3407,101,1.267422
B,Combined,RELER,3407,G1-R2-RL-GradedNDCG64-CP-Align070-ShortlistUniform-K0-T1-Pairwise050-Seed3407-s3407,102,1.238501
B,Combined,RELER,3407,G1-R2-RL-GradedNDCG64-CP-Align070-ShortlistUniform-K0-T1-Pairwise050-Seed3407-s3407,103,1.248778
B,Combined,RELER,3407,G1-R2-RL-GradedNDCG64-CP-Align070-ShortlistUniform-K0-T1-Pairwise050-Seed3407-s3407,104,1.242195
B,Combined,RELER,3407,G1-R2-RL-GradedNDCG64-CP-Align070-ShortlistUniform-K0-T1-Pairwise050-Seed3407-s3407,105,1.24574
B,Combined,RELER,3407,G1-R2-RL-GradedNDCG64-CP-Align070-ShortlistUniform-K0-T1-Pairwise050-Seed3407-s3407,106,1.242702
B,Combined,RELER,3407,G1-R2-RL-GradedNDCG64-CP-Align070-ShortlistUniform-K0-T1-Pairwise050-Seed3407-s3407,107,1.257933
B,Combined,RELER,3407,G1-R2-RL-GradedNDCG64-CP-Align070-ShortlistUniform-K0-T1-Pairwise050-Seed3407-s3407,108,1.245472
B,Combined,RELER,3407,G1-R2-RL-GradedNDCG64-CP-Align070-ShortlistUniform-K0-T1-Pairwise050-Seed3407-s3407,109,1.238209
B,Combined,RELER,3407,G1-R2-RL-GradedNDCG64-CP-Align070-ShortlistUniform-K0-T1-Pairwise050-Seed3407-s3407,110,1.243654
B,Combined,RELER,3407,G1-R2-RL-GradedNDCG64-CP-Align070-ShortlistUniform-K0-T1-Pairwise050-Seed3407-s3407,111,1.273022
B,Combined,RELER,3407,G1-R2-RL-GradedNDCG64-CP-Align070-ShortlistUniform-K0-T1-Pairwise050-Seed3407-s3407,112,1.27266
B,Combined,RELER,3407,G1-R2-RL-GradedNDCG64-CP-Align070-ShortlistUniform-K0-T1-Pairwise050-Seed3407-s3407,113,1.269709
B,Graded term,RELER,42,G1-R2-RL-GradedNDCG64-CP-Align070-ShortlistUniform-K0-T1-Pairwise050-s42,1,0.701965
B,Graded term,RELER,42,G1-R2-RL-GradedNDCG64-CP-Align070-ShortlistUniform-K0-T1-Pairwise050-s42,2,0.691539
B,Graded term,RELER,42,G1-R2-RL-GradedNDCG64-CP-Align070-ShortlistUniform-K0-T1-Pairwise050-s42,3,0.696217
B,Graded term,RELER,42,G1-R2-RL-GradedNDCG64-CP-Align070-ShortlistUniform-K0-T1-Pairwise050-s42,4,0.638331
B,Graded term,RELER,42,G1-R2-RL-GradedNDCG64-CP-Align070-ShortlistUniform-K0-T1-Pairwise050-s42,5,0.698259
B,Graded term,RELER,42,G1-R2-RL-GradedNDCG64-CP-Align070-ShortlistUniform-K0-T1-Pairwise050-s42,6,0.702846
B,Graded term,RELER,42,G1-R2-RL-GradedNDCG64-CP-Align070-ShortlistUniform-K0-T1-Pairwise050-s42,7,0.731149
B,Graded term,RELER,42,G1-R2-RL-GradedNDCG64-CP-Align070-ShortlistUniform-K0-T1-Pairwise050-s42,8,0.756606
B,Graded term,RELER,42,G1-R2-RL-GradedNDCG64-CP-Align070-ShortlistUniform-K0-T1-Pairwise050-s42,9,0.62733
B,Graded term,RELER,42,G1-R2-RL-GradedNDCG64-CP-Align070-ShortlistUniform-K0-T1-Pairwise050-s42,10,0.649648
B,Graded term,RELER,42,G1-R2-RL-GradedNDCG64-CP-Align070-ShortlistUniform-K0-T1-Pairwise050-s42,11,0.682914
B,Graded term,RELER,42,G1-R2-RL-GradedNDCG64-CP-Align070-ShortlistUniform-K0-T1-Pairwise050-s42,12,0.730439
B,Graded term,RELER,42,G1-R2-RL-GradedNDCG64-CP-Align070-ShortlistUniform-K0-T1-Pairwise050-s42,13,0.728182
B,Graded term,RELER,42,G1-R2-RL-GradedNDCG64-CP-Align070-ShortlistUniform-K0-T1-Pairwise050-s42,14,0.785617
B,Graded term,RELER,42,G1-R2-RL-GradedNDCG64-CP-Align070-ShortlistUniform-K0-T1-Pairwise050-s42,15,0.682486
B,Graded term,RELER,42,G1-R2-RL-GradedNDCG64-CP-Align070-ShortlistUniform-K0-T1-Pairwise050-s42,16,0.761146
B,Graded term,RELER,42,G1-R2-RL-GradedNDCG64-CP-Align070-ShortlistUniform-K0-T1-Pairwise050-s42,17,0.744109
B,Graded term,RELER,42,G1-R2-RL-GradedNDCG64-CP-Align070-ShortlistUniform-K0-T1-Pairwise050-s42,18,0.683969
B,Graded term,RELER,42,G1-R2-RL-GradedNDCG64-CP-Align070-ShortlistUniform-K0-T1-Pairwise050-s42,19,0.757255
B,Graded term,RELER,42,G1-R2-RL-GradedNDCG64-CP-Align070-ShortlistUniform-K0-T1-Pairwise050-s42,20,0.69052
B,Graded term,RELER,42,G1-R2-RL-GradedNDCG64-CP-Align070-ShortlistUniform-K0-T1-Pairwise050-s42,21,0.730585
B,Graded term,RELER,42,G1-R2-RL-GradedNDCG64-CP-Align070-ShortlistUniform-K0-T1-Pairwise050-s42,22,0.761467
B,Graded term,RELER,42,G1-R2-RL-GradedNDCG64-CP-Align070-ShortlistUniform-K0-T1-Pairwise050-s42,23,0.759938
B,Graded term,RELER,42,G1-R2-RL-GradedNDCG64-CP-Align070-ShortlistUniform-K0-T1-Pairwise050-s42,24,0.750339
B,Graded term,RELER,42,G1-R2-RL-GradedNDCG64-CP-Align070-ShortlistUniform-K0-T1-Pairwise050-s42,25,0.730768
B,Graded term,RELER,42,G1-R2-RL-GradedNDCG64-CP-Align070-ShortlistUniform-K0-T1-Pairwise050-s42,26,0.739457
B,Graded term,RELER,42,G1-R2-RL-GradedNDCG64-CP-Align070-ShortlistUniform-K0-T1-Pairwise050-s42,27,0.779731
B,Graded term,RELER,42,G1-R2-RL-GradedNDCG64-CP-Align070-ShortlistUniform-K0-T1-Pairwise050-s42,28,0.779063
B,Graded term,RELER,42,G1-R2-RL-GradedNDCG64-CP-Align070-ShortlistUniform-K0-T1-Pairwise050-s42,29,0.711053
B,Graded term,RELER,42,G1-R2-RL-GradedNDCG64-CP-Align070-ShortlistUniform-K0-T1-Pairwise050-s42,30,0.758033
B,Graded term,RELER,42,G1-R2-RL-GradedNDCG64-CP-Align070-ShortlistUniform-K0-T1-Pairwise050-s42,31,0.740313
B,Graded term,RELER,42,G1-R2-RL-GradedNDCG64-CP-Align070-ShortlistUniform-K0-T1-Pairwise050-s42,32,0.707854
B,Graded term,RELER,42,G1-R2-RL-GradedNDCG64-CP-Align070-ShortlistUniform-K0-T1-Pairwise050-s42,33,0.801194
B,Graded term,RELER,42,G1-R2-RL-GradedNDCG64-CP-Align070-ShortlistUniform-K0-T1-Pairwise050-s42,34,0.750853
B,Graded term,RELER,42,G1-R2-RL-GradedNDCG64-CP-Align070-ShortlistUniform-K0-T1-Pairwise050-s42,35,0.778107
B,Graded term,RELER,42,G1-R2-RL-GradedNDCG64-CP-Align070-ShortlistUniform-K0-T1-Pairwise050-s42,36,0.767313
B,Graded term,RELER,42,G1-R2-RL-GradedNDCG64-CP-Align070-ShortlistUniform-K0-T1-Pairwise050-s42,37,0.759986
B,Graded term,RELER,42,G1-R2-RL-GradedNDCG64-CP-Align070-ShortlistUniform-K0-T1-Pairwise050-s42,38,0.751191
B,Graded term,RELER,42,G1-R2-RL-GradedNDCG64-CP-Align070-ShortlistUniform-K0-T1-Pairwise050-s42,39,0.787189
B,Graded term,RELER,42,G1-R2-RL-GradedNDCG64-CP-Align070-ShortlistUniform-K0-T1-Pairwise050-s42,40,0.814008
B,Graded term,RELER,42,G1-R2-RL-GradedNDCG64-CP-Align070-ShortlistUniform-K0-T1-Pairwise050-s42,41,0.781061
B,Graded term,RELER,42,G1-R2-RL-GradedNDCG64-CP-Align070-ShortlistUniform-K0-T1-Pairwise050-s42,42,0.729837
B,Graded term,RELER,42,G1-R2-RL-GradedNDCG64-CP-Align070-ShortlistUniform-K0-T1-Pairwise050-s42,43,0.781566
B,Graded term,RELER,42,G1-R2-RL-GradedNDCG64-CP-Align070-ShortlistUniform-K0-T1-Pairwise050-s42,44,0.758324
B,Graded term,RELER,42,G1-R2-RL-GradedNDCG64-CP-Align070-ShortlistUniform-K0-T1-Pairwise050-s42,45,0.789545
B,Graded term,RELER,42,G1-R2-RL-GradedNDCG64-CP-Align070-ShortlistUniform-K0-T1-Pairwise050-s42,46,0.783544
B,Graded term,RELER,42,G1-R2-RL-GradedNDCG64-CP-Align070-ShortlistUniform-K0-T1-Pairwise050-s42,47,0.737218
B,Graded term,RELER,42,G1-R2-RL-GradedNDCG64-CP-Align070-ShortlistUniform-K0-T1-Pairwise050-s42,48,0.814591
B,Graded term,RELER,42,G1-R2-RL-GradedNDCG64-CP-Align070-ShortlistUniform-K0-T1-Pairwise050-s42,49,0.794629
B,Graded term,RELER,42,G1-R2-RL-GradedNDCG64-CP-Align070-ShortlistUniform-K0-T1-Pairwise050-s42,50,0.772386
B,Graded term,RELER,42,G1-R2-RL-GradedNDCG64-CP-Align070-ShortlistUniform-K0-T1-Pairwise050-s42,51,0.800489
B,Graded term,RELER,42,G1-R2-RL-GradedNDCG64-CP-Align070-ShortlistUniform-K0-T1-Pairwise050-s42,52,0.796855
B,Graded term,RELER,42,G1-R2-RL-GradedNDCG64-CP-Align070-ShortlistUniform-K0-T1-Pairwise050-s42,53,0.814847
B,Graded term,RELER,42,G1-R2-RL-GradedNDCG64-CP-Align070-ShortlistUniform-K0-T1-Pairwise050-s42,54,0.779623
B,Graded term,RELER,42,G1-R2-RL-GradedNDCG64-CP-Align070-ShortlistUniform-K0-T1-Pairwise050-s42,55,0.783385
B,Graded term,RELER,42,G1-R2-RL-GradedNDCG64-CP-Align070-ShortlistUniform-K0-T1-Pairwise050-s42,56,0.797933
B,Graded term,RELER,42,G1-R2-RL-GradedNDCG64-CP-Align070-ShortlistUniform-K0-T1-Pairwise050-s42,57,0.790793
B,Graded term,RELER,42,G1-R2-RL-GradedNDCG64-CP-Align070-ShortlistUniform-K0-T1-Pairwise050-s42,58,0.777597
B,Graded term,RELER,42,G1-R2-RL-GradedNDCG64-CP-Align070-ShortlistUniform-K0-T1-Pairwise050-s42,59,0.786507
B,Graded term,RELER,42,G1-R2-RL-GradedNDCG64-CP-Align070-ShortlistUniform-K0-T1-Pairwise050-s42,60,0.780537
B,Graded term,RELER,42,G1-R2-RL-GradedNDCG64-CP-Align070-ShortlistUniform-K0-T1-Pairwise050-s42,61,0.814996
B,Graded term,RELER,42,G1-R2-RL-GradedNDCG64-CP-Align070-ShortlistUniform-K0-T1-Pairwise050-s42,62,0.757118
B,Graded term,RELER,42,G1-R2-RL-GradedNDCG64-CP-Align070-ShortlistUniform-K0-T1-Pairwise050-s42,63,0.796112
B,Graded term,RELER,42,G1-R2-RL-GradedNDCG64-CP-Align070-ShortlistUniform-K0-T1-Pairwise050-s42,64,0.794468
B,Graded term,RELER,42,G1-R2-RL-GradedNDCG64-CP-Align070-ShortlistUniform-K0-T1-Pairwise050-s42,65,0.808076
B,Graded term,RELER,42,G1-R2-RL-GradedNDCG64-CP-Align070-ShortlistUniform-K0-T1-Pairwise050-s42,66,0.791465
B,Graded term,RELER,42,G1-R2-RL-GradedNDCG64-CP-Align070-ShortlistUniform-K0-T1-Pairwise050-s42,67,0.787275
B,Graded term,RELER,42,G1-R2-RL-GradedNDCG64-CP-Align070-ShortlistUniform-K0-T1-Pairwise050-s42,68,0.78186
B,Graded term,RELER,42,G1-R2-RL-GradedNDCG64-CP-Align070-ShortlistUniform-K0-T1-Pairwise050-s42,69,0.772772
B,Graded term,RELER,42,G1-R2-RL-GradedNDCG64-CP-Align070-ShortlistUniform-K0-T1-Pairwise050-s42,70,0.786072
B,Graded term,RELER,42,G1-R2-RL-GradedNDCG64-CP-Align070-ShortlistUniform-K0-T1-Pairwise050-s42,71,0.812471
B,Graded term,RELER,42,G1-R2-RL-GradedNDCG64-CP-Align070-ShortlistUniform-K0-T1-Pairwise050-s42,72,0.807613
B,Graded term,RELER,42,G1-R2-RL-GradedNDCG64-CP-Align070-ShortlistUniform-K0-T1-Pairwise050-s42,73,0.818748
B,Graded term,RELER,42,G1-R2-RL-GradedNDCG64-CP-Align070-ShortlistUniform-K0-T1-Pairwise050-s42,74,0.806322
B,Graded term,RELER,42,G1-R2-RL-GradedNDCG64-CP-Align070-ShortlistUniform-K0-T1-Pairwise050-s42,75,0.76974
B,Graded term,RELER,42,G1-R2-RL-GradedNDCG64-CP-Align070-ShortlistUniform-K0-T1-Pairwise050-s42,76,0.801238
B,Graded term,RELER,42,G1-R2-RL-GradedNDCG64-CP-Align070-ShortlistUniform-K0-T1-Pairwise050-s42,77,0.809007
B,Graded term,RELER,42,G1-R2-RL-GradedNDCG64-CP-Align070-ShortlistUniform-K0-T1-Pairwise050-s42,78,0.841038
B,Graded term,RELER,42,G1-R2-RL-GradedNDCG64-CP-Align070-ShortlistUniform-K0-T1-Pairwise050-s42,79,0.785944
B,Graded term,RELER,42,G1-R2-RL-GradedNDCG64-CP-Align070-ShortlistUniform-K0-T1-Pairwise050-s42,80,0.802506
B,Graded term,RELER,42,G1-R2-RL-GradedNDCG64-CP-Align070-ShortlistUniform-K0-T1-Pairwise050-s42,81,0.812078
B,Graded term,RELER,42,G1-R2-RL-GradedNDCG64-CP-Align070-ShortlistUniform-K0-T1-Pairwise050-s42,82,0.830894
B,Graded term,RELER,42,G1-R2-RL-GradedNDCG64-CP-Align070-ShortlistUniform-K0-T1-Pairwise050-s42,83,0.815481
B,Graded term,RELER,42,G1-R2-RL-GradedNDCG64-CP-Align070-ShortlistUniform-K0-T1-Pairwise050-s42,84,0.81959
B,Graded term,RELER,42,G1-R2-RL-GradedNDCG64-CP-Align070-ShortlistUniform-K0-T1-Pairwise050-s42,85,0.813296
B,Graded term,RELER,42,G1-R2-RL-GradedNDCG64-CP-Align070-ShortlistUniform-K0-T1-Pairwise050-s42,86,0.828089
B,Graded term,RELER,42,G1-R2-RL-GradedNDCG64-CP-Align070-ShortlistUniform-K0-T1-Pairwise050-s42,87,0.759865
B,Graded term,RELER,42,G1-R2-RL-GradedNDCG64-CP-Align070-ShortlistUniform-K0-T1-Pairwise050-s42,88,0.807533
B,Graded term,RELER,42,G1-R2-RL-GradedNDCG64-CP-Align070-ShortlistUniform-K0-T1-Pairwise050-s42,89,0.827822
B,Graded term,RELER,42,G1-R2-RL-GradedNDCG64-CP-Align070-ShortlistUniform-K0-T1-Pairwise050-s42,90,0.804967
B,Graded term,RELER,42,G1-R2-RL-GradedNDCG64-CP-Align070-ShortlistUniform-K0-T1-Pairwise050-s42,91,0.818026
B,Graded term,RELER,42,G1-R2-RL-GradedNDCG64-CP-Align070-ShortlistUniform-K0-T1-Pairwise050-s42,92,0.815853
B,Graded term,RELER,42,G1-R2-RL-GradedNDCG64-CP-Align070-ShortlistUniform-K0-T1-Pairwise050-s42,93,0.803353
B,Graded term,RELER,42,G1-R2-RL-GradedNDCG64-CP-Align070-ShortlistUniform-K0-T1-Pairwise050-s42,94,0.819633
B,Graded term,RELER,42,G1-R2-RL-GradedNDCG64-CP-Align070-ShortlistUniform-K0-T1-Pairwise050-s42,95,0.818969
B,Graded term,RELER,42,G1-R2-RL-GradedNDCG64-CP-Align070-ShortlistUniform-K0-T1-Pairwise050-s42,96,0.788352
B,Graded term,RELER,42,G1-R2-RL-GradedNDCG64-CP-Align070-ShortlistUniform-K0-T1-Pairwise050-s42,97,0.826475
B,Graded term,RELER,42,G1-R2-RL-GradedNDCG64-CP-Align070-ShortlistUniform-K0-T1-Pairwise050-s42,98,0.814187
B,Graded term,RELER,42,G1-R2-RL-GradedNDCG64-CP-Align070-ShortlistUniform-K0-T1-Pairwise050-s42,99,0.822694
B,Graded term,RELER,42,G1-R2-RL-GradedNDCG64-CP-Align070-ShortlistUniform-K0-T1-Pairwise050-s42,100,0.827826
B,Graded term,RELER,42,G1-R2-RL-GradedNDCG64-CP-Align070-ShortlistUniform-K0-T1-Pairwise050-s42,101,0.806321
B,Graded term,RELER,42,G1-R2-RL-GradedNDCG64-CP-Align070-ShortlistUniform-K0-T1-Pairwise050-s42,102,0.816204
B,Graded term,RELER,42,G1-R2-RL-GradedNDCG64-CP-Align070-ShortlistUniform-K0-T1-Pairwise050-s42,103,0.807673
B,Graded term,RELER,42,G1-R2-RL-GradedNDCG64-CP-Align070-ShortlistUniform-K0-T1-Pairwise050-s42,104,0.798221
B,Graded term,RELER,42,G1-R2-RL-GradedNDCG64-CP-Align070-ShortlistUniform-K0-T1-Pairwise050-s42,105,0.82301
B,Graded term,RELER,42,G1-R2-RL-GradedNDCG64-CP-Align070-ShortlistUniform-K0-T1-Pairwise050-s42,106,0.812841
B,Graded term,RELER,42,G1-R2-RL-GradedNDCG64-CP-Align070-ShortlistUniform-K0-T1-Pairwise050-s42,107,0.801185
B,Graded term,RELER,42,G1-R2-RL-GradedNDCG64-CP-Align070-ShortlistUniform-K0-T1-Pairwise050-s42,108,0.819403
B,Graded term,RELER,42,G1-R2-RL-GradedNDCG64-CP-Align070-ShortlistUniform-K0-T1-Pairwise050-s42,109,0.800008
B,Graded term,RELER,42,G1-R2-RL-GradedNDCG64-CP-Align070-ShortlistUniform-K0-T1-Pairwise050-s42,110,0.844027
B,Graded term,RELER,42,G1-R2-RL-GradedNDCG64-CP-Align070-ShortlistUniform-K0-T1-Pairwise050-s42,111,0.800222
B,Graded term,RELER,42,G1-R2-RL-GradedNDCG64-CP-Align070-ShortlistUniform-K0-T1-Pairwise050-s42,112,0.825125
B,Graded term,RELER,42,G1-R2-RL-GradedNDCG64-CP-Align070-ShortlistUniform-K0-T1-Pairwise050-s42,113,0.829546
B,Graded term,RELER,2026,G1-R2-RL-GradedNDCG64-CP-Align070-ShortlistUniform-K0-T1-Pairwise050-Seed2026-s2026,1,0.631042
B,Graded term,RELER,2026,G1-R2-RL-GradedNDCG64-CP-Align070-ShortlistUniform-K0-T1-Pairwise050-Seed2026-s2026,2,0.698673
B,Graded term,RELER,2026,G1-R2-RL-GradedNDCG64-CP-Align070-ShortlistUniform-K0-T1-Pairwise050-Seed2026-s2026,3,0.703645
B,Graded term,RELER,2026,G1-R2-RL-GradedNDCG64-CP-Align070-ShortlistUniform-K0-T1-Pairwise050-Seed2026-s2026,4,0.645747
B,Graded term,RELER,2026,G1-R2-RL-GradedNDCG64-CP-Align070-ShortlistUniform-K0-T1-Pairwise050-Seed2026-s2026,5,0.747019
B,Graded term,RELER,2026,G1-R2-RL-GradedNDCG64-CP-Align070-ShortlistUniform-K0-T1-Pairwise050-Seed2026-s2026,6,0.684967
B,Graded term,RELER,2026,G1-R2-RL-GradedNDCG64-CP-Align070-ShortlistUniform-K0-T1-Pairwise050-Seed2026-s2026,7,0.690289
B,Graded term,RELER,2026,G1-R2-RL-GradedNDCG64-CP-Align070-ShortlistUniform-K0-T1-Pairwise050-Seed2026-s2026,8,0.688122
B,Graded term,RELER,2026,G1-R2-RL-GradedNDCG64-CP-Align070-ShortlistUniform-K0-T1-Pairwise050-Seed2026-s2026,9,0.655207
B,Graded term,RELER,2026,G1-R2-RL-GradedNDCG64-CP-Align070-ShortlistUniform-K0-T1-Pairwise050-Seed2026-s2026,10,0.687258
B,Graded term,RELER,2026,G1-R2-RL-GradedNDCG64-CP-Align070-ShortlistUniform-K0-T1-Pairwise050-Seed2026-s2026,11,0.7635
B,Graded term,RELER,2026,G1-R2-RL-GradedNDCG64-CP-Align070-ShortlistUniform-K0-T1-Pairwise050-Seed2026-s2026,12,0.719828
B,Graded term,RELER,2026,G1-R2-RL-GradedNDCG64-CP-Align070-ShortlistUniform-K0-T1-Pairwise050-Seed2026-s2026,13,0.708123
B,Graded term,RELER,2026,G1-R2-RL-GradedNDCG64-CP-Align070-ShortlistUniform-K0-T1-Pairwise050-Seed2026-s2026,14,0.740397
B,Graded term,RELER,2026,G1-R2-RL-GradedNDCG64-CP-Align070-ShortlistUniform-K0-T1-Pairwise050-Seed2026-s2026,15,0.731709
B,Graded term,RELER,2026,G1-R2-RL-GradedNDCG64-CP-Align070-ShortlistUniform-K0-T1-Pairwise050-Seed2026-s2026,16,0.742179
B,Graded term,RELER,2026,G1-R2-RL-GradedNDCG64-CP-Align070-ShortlistUniform-K0-T1-Pairwise050-Seed2026-s2026,17,0.750701
B,Graded term,RELER,2026,G1-R2-RL-GradedNDCG64-CP-Align070-ShortlistUniform-K0-T1-Pairwise050-Seed2026-s2026,18,0.74608
B,Graded term,RELER,2026,G1-R2-RL-GradedNDCG64-CP-Align070-ShortlistUniform-K0-T1-Pairwise050-Seed2026-s2026,19,0.715685
B,Graded term,RELER,2026,G1-R2-RL-GradedNDCG64-CP-Align070-ShortlistUniform-K0-T1-Pairwise050-Seed2026-s2026,20,0.744775
B,Graded term,RELER,2026,G1-R2-RL-GradedNDCG64-CP-Align070-ShortlistUniform-K0-T1-Pairwise050-Seed2026-s2026,21,0.783466
B,Graded term,RELER,2026,G1-R2-RL-GradedNDCG64-CP-Align070-ShortlistUniform-K0-T1-Pairwise050-Seed2026-s2026,22,0.741211
B,Graded term,RELER,2026,G1-R2-RL-GradedNDCG64-CP-Align070-ShortlistUniform-K0-T1-Pairwise050-Seed2026-s2026,23,0.747016
B,Graded term,RELER,2026,G1-R2-RL-GradedNDCG64-CP-Align070-ShortlistUniform-K0-T1-Pairwise050-Seed2026-s2026,24,0.740684
B,Graded term,RELER,2026,G1-R2-RL-GradedNDCG64-CP-Align070-ShortlistUniform-K0-T1-Pairwise050-Seed2026-s2026,25,0.701393
B,Graded term,RELER,2026,G1-R2-RL-GradedNDCG64-CP-Align070-ShortlistUniform-K0-T1-Pairwise050-Seed2026-s2026,26,0.732642
B,Graded term,RELER,2026,G1-R2-RL-GradedNDCG64-CP-Align070-ShortlistUniform-K0-T1-Pairwise050-Seed2026-s2026,27,0.770468
B,Graded term,RELER,2026,G1-R2-RL-GradedNDCG64-CP-Align070-ShortlistUniform-K0-T1-Pairwise050-Seed2026-s2026,28,0.748741
B,Graded term,RELER,2026,G1-R2-RL-GradedNDCG64-CP-Align070-ShortlistUniform-K0-T1-Pairwise050-Seed2026-s2026,29,0.774146
B,Graded term,RELER,2026,G1-R2-RL-GradedNDCG64-CP-Align070-ShortlistUniform-K0-T1-Pairwise050-Seed2026-s2026,30,0.719132
B,Graded term,RELER,2026,G1-R2-RL-GradedNDCG64-CP-Align070-ShortlistUniform-K0-T1-Pairwise050-Seed2026-s2026,31,0.755085
B,Graded term,RELER,2026,G1-R2-RL-GradedNDCG64-CP-Align070-ShortlistUniform-K0-T1-Pairwise050-Seed2026-s2026,32,0.740406
B,Graded term,RELER,2026,G1-R2-RL-GradedNDCG64-CP-Align070-ShortlistUniform-K0-T1-Pairwise050-Seed2026-s2026,33,0.782989
B,Graded term,RELER,2026,G1-R2-RL-GradedNDCG64-CP-Align070-ShortlistUniform-K0-T1-Pairwise050-Seed2026-s2026,34,0.751539
B,Graded term,RELER,2026,G1-R2-RL-GradedNDCG64-CP-Align070-ShortlistUniform-K0-T1-Pairwise050-Seed2026-s2026,35,0.726266
B,Graded term,RELER,2026,G1-R2-RL-GradedNDCG64-CP-Align070-ShortlistUniform-K0-T1-Pairwise050-Seed2026-s2026,36,0.791486
B,Graded term,RELER,2026,G1-R2-RL-GradedNDCG64-CP-Align070-ShortlistUniform-K0-T1-Pairwise050-Seed2026-s2026,37,0.755983
B,Graded term,RELER,2026,G1-R2-RL-GradedNDCG64-CP-Align070-ShortlistUniform-K0-T1-Pairwise050-Seed2026-s2026,38,0.759394
B,Graded term,RELER,2026,G1-R2-RL-GradedNDCG64-CP-Align070-ShortlistUniform-K0-T1-Pairwise050-Seed2026-s2026,39,0.774619
B,Graded term,RELER,2026,G1-R2-RL-GradedNDCG64-CP-Align070-ShortlistUniform-K0-T1-Pairwise050-Seed2026-s2026,40,0.807849
B,Graded term,RELER,2026,G1-R2-RL-GradedNDCG64-CP-Align070-ShortlistUniform-K0-T1-Pairwise050-Seed2026-s2026,41,0.782823
B,Graded term,RELER,2026,G1-R2-RL-GradedNDCG64-CP-Align070-ShortlistUniform-K0-T1-Pairwise050-Seed2026-s2026,42,0.807638
B,Graded term,RELER,2026,G1-R2-RL-GradedNDCG64-CP-Align070-ShortlistUniform-K0-T1-Pairwise050-Seed2026-s2026,43,0.809654
B,Graded term,RELER,2026,G1-R2-RL-GradedNDCG64-CP-Align070-ShortlistUniform-K0-T1-Pairwise050-Seed2026-s2026,44,0.794453
B,Graded term,RELER,2026,G1-R2-RL-GradedNDCG64-CP-Align070-ShortlistUniform-K0-T1-Pairwise050-Seed2026-s2026,45,0.75438
B,Graded term,RELER,2026,G1-R2-RL-GradedNDCG64-CP-Align070-ShortlistUniform-K0-T1-Pairwise050-Seed2026-s2026,46,0.747403
B,Graded term,RELER,2026,G1-R2-RL-GradedNDCG64-CP-Align070-ShortlistUniform-K0-T1-Pairwise050-Seed2026-s2026,47,0.794712
B,Graded term,RELER,2026,G1-R2-RL-GradedNDCG64-CP-Align070-ShortlistUniform-K0-T1-Pairwise050-Seed2026-s2026,48,0.787154
B,Graded term,RELER,2026,G1-R2-RL-GradedNDCG64-CP-Align070-ShortlistUniform-K0-T1-Pairwise050-Seed2026-s2026,49,0.78362
B,Graded term,RELER,2026,G1-R2-RL-GradedNDCG64-CP-Align070-ShortlistUniform-K0-T1-Pairwise050-Seed2026-s2026,50,0.792758
B,Graded term,RELER,2026,G1-R2-RL-GradedNDCG64-CP-Align070-ShortlistUniform-K0-T1-Pairwise050-Seed2026-s2026,51,0.798589
B,Graded term,RELER,2026,G1-R2-RL-GradedNDCG64-CP-Align070-ShortlistUniform-K0-T1-Pairwise050-Seed2026-s2026,52,0.749639
B,Graded term,RELER,2026,G1-R2-RL-GradedNDCG64-CP-Align070-ShortlistUniform-K0-T1-Pairwise050-Seed2026-s2026,53,0.816594
B,Graded term,RELER,2026,G1-R2-RL-GradedNDCG64-CP-Align070-ShortlistUniform-K0-T1-Pairwise050-Seed2026-s2026,54,0.79376
B,Graded term,RELER,2026,G1-R2-RL-GradedNDCG64-CP-Align070-ShortlistUniform-K0-T1-Pairwise050-Seed2026-s2026,55,0.799239
B,Graded term,RELER,2026,G1-R2-RL-GradedNDCG64-CP-Align070-ShortlistUniform-K0-T1-Pairwise050-Seed2026-s2026,56,0.782258
B,Graded term,RELER,2026,G1-R2-RL-GradedNDCG64-CP-Align070-ShortlistUniform-K0-T1-Pairwise050-Seed2026-s2026,57,0.792083
B,Graded term,RELER,2026,G1-R2-RL-GradedNDCG64-CP-Align070-ShortlistUniform-K0-T1-Pairwise050-Seed2026-s2026,58,0.786649
B,Graded term,RELER,2026,G1-R2-RL-GradedNDCG64-CP-Align070-ShortlistUniform-K0-T1-Pairwise050-Seed2026-s2026,59,0.757988
B,Graded term,RELER,2026,G1-R2-RL-GradedNDCG64-CP-Align070-ShortlistUniform-K0-T1-Pairwise050-Seed2026-s2026,60,0.798493
B,Graded term,RELER,2026,G1-R2-RL-GradedNDCG64-CP-Align070-ShortlistUniform-K0-T1-Pairwise050-Seed2026-s2026,61,0.794803
B,Graded term,RELER,2026,G1-R2-RL-GradedNDCG64-CP-Align070-ShortlistUniform-K0-T1-Pairwise050-Seed2026-s2026,62,0.811621
B,Graded term,RELER,2026,G1-R2-RL-GradedNDCG64-CP-Align070-ShortlistUniform-K0-T1-Pairwise050-Seed2026-s2026,63,0.777727
B,Graded term,RELER,2026,G1-R2-RL-GradedNDCG64-CP-Align070-ShortlistUniform-K0-T1-Pairwise050-Seed2026-s2026,64,0.75663
B,Graded term,RELER,2026,G1-R2-RL-GradedNDCG64-CP-Align070-ShortlistUniform-K0-T1-Pairwise050-Seed2026-s2026,65,0.7812
B,Graded term,RELER,2026,G1-R2-RL-GradedNDCG64-CP-Align070-ShortlistUniform-K0-T1-Pairwise050-Seed2026-s2026,66,0.807133
B,Graded term,RELER,2026,G1-R2-RL-GradedNDCG64-CP-Align070-ShortlistUniform-K0-T1-Pairwise050-Seed2026-s2026,67,0.793662
B,Graded term,RELER,2026,G1-R2-RL-GradedNDCG64-CP-Align070-ShortlistUniform-K0-T1-Pairwise050-Seed2026-s2026,68,0.825342
B,Graded term,RELER,2026,G1-R2-RL-GradedNDCG64-CP-Align070-ShortlistUniform-K0-T1-Pairwise050-Seed2026-s2026,69,0.768904
B,Graded term,RELER,2026,G1-R2-RL-GradedNDCG64-CP-Align070-ShortlistUniform-K0-T1-Pairwise050-Seed2026-s2026,70,0.802097
B,Graded term,RELER,2026,G1-R2-RL-GradedNDCG64-CP-Align070-ShortlistUniform-K0-T1-Pairwise050-Seed2026-s2026,71,0.801118
B,Graded term,RELER,2026,G1-R2-RL-GradedNDCG64-CP-Align070-ShortlistUniform-K0-T1-Pairwise050-Seed2026-s2026,72,0.81789
B,Graded term,RELER,2026,G1-R2-RL-GradedNDCG64-CP-Align070-ShortlistUniform-K0-T1-Pairwise050-Seed2026-s2026,73,0.774809
B,Graded term,RELER,2026,G1-R2-RL-GradedNDCG64-CP-Align070-ShortlistUniform-K0-T1-Pairwise050-Seed2026-s2026,74,0.790604
B,Graded term,RELER,2026,G1-R2-RL-GradedNDCG64-CP-Align070-ShortlistUniform-K0-T1-Pairwise050-Seed2026-s2026,75,0.815034
B,Graded term,RELER,2026,G1-R2-RL-GradedNDCG64-CP-Align070-ShortlistUniform-K0-T1-Pairwise050-Seed2026-s2026,76,0.773444
B,Graded term,RELER,2026,G1-R2-RL-GradedNDCG64-CP-Align070-ShortlistUniform-K0-T1-Pairwise050-Seed2026-s2026,77,0.77736
B,Graded term,RELER,2026,G1-R2-RL-GradedNDCG64-CP-Align070-ShortlistUniform-K0-T1-Pairwise050-Seed2026-s2026,78,0.846176
B,Graded term,RELER,2026,G1-R2-RL-GradedNDCG64-CP-Align070-ShortlistUniform-K0-T1-Pairwise050-Seed2026-s2026,79,0.797688
B,Graded term,RELER,2026,G1-R2-RL-GradedNDCG64-CP-Align070-ShortlistUniform-K0-T1-Pairwise050-Seed2026-s2026,80,0.853426
B,Graded term,RELER,2026,G1-R2-RL-GradedNDCG64-CP-Align070-ShortlistUniform-K0-T1-Pairwise050-Seed2026-s2026,81,0.83209
B,Graded term,RELER,2026,G1-R2-RL-GradedNDCG64-CP-Align070-ShortlistUniform-K0-T1-Pairwise050-Seed2026-s2026,82,0.789847
B,Graded term,RELER,2026,G1-R2-RL-GradedNDCG64-CP-Align070-ShortlistUniform-K0-T1-Pairwise050-Seed2026-s2026,83,0.822496
B,Graded term,RELER,2026,G1-R2-RL-GradedNDCG64-CP-Align070-ShortlistUniform-K0-T1-Pairwise050-Seed2026-s2026,84,0.831042
B,Graded term,RELER,2026,G1-R2-RL-GradedNDCG64-CP-Align070-ShortlistUniform-K0-T1-Pairwise050-Seed2026-s2026,85,0.833995
B,Graded term,RELER,2026,G1-R2-RL-GradedNDCG64-CP-Align070-ShortlistUniform-K0-T1-Pairwise050-Seed2026-s2026,86,0.774015
B,Graded term,RELER,2026,G1-R2-RL-GradedNDCG64-CP-Align070-ShortlistUniform-K0-T1-Pairwise050-Seed2026-s2026,87,0.856672
B,Graded term,RELER,2026,G1-R2-RL-GradedNDCG64-CP-Align070-ShortlistUniform-K0-T1-Pairwise050-Seed2026-s2026,88,0.822945
B,Graded term,RELER,2026,G1-R2-RL-GradedNDCG64-CP-Align070-ShortlistUniform-K0-T1-Pairwise050-Seed2026-s2026,89,0.786018
B,Graded term,RELER,2026,G1-R2-RL-GradedNDCG64-CP-Align070-ShortlistUniform-K0-T1-Pairwise050-Seed2026-s2026,90,0.808736
B,Graded term,RELER,2026,G1-R2-RL-GradedNDCG64-CP-Align070-ShortlistUniform-K0-T1-Pairwise050-Seed2026-s2026,91,0.802433
B,Graded term,RELER,2026,G1-R2-RL-GradedNDCG64-CP-Align070-ShortlistUniform-K0-T1-Pairwise050-Seed2026-s2026,92,0.832682
B,Graded term,RELER,2026,G1-R2-RL-GradedNDCG64-CP-Align070-ShortlistUniform-K0-T1-Pairwise050-Seed2026-s2026,93,0.803724
B,Graded term,RELER,2026,G1-R2-RL-GradedNDCG64-CP-Align070-ShortlistUniform-K0-T1-Pairwise050-Seed2026-s2026,94,0.808479
B,Graded term,RELER,2026,G1-R2-RL-GradedNDCG64-CP-Align070-ShortlistUniform-K0-T1-Pairwise050-Seed2026-s2026,95,0.787489
B,Graded term,RELER,2026,G1-R2-RL-GradedNDCG64-CP-Align070-ShortlistUniform-K0-T1-Pairwise050-Seed2026-s2026,96,0.830107
B,Graded term,RELER,2026,G1-R2-RL-GradedNDCG64-CP-Align070-ShortlistUniform-K0-T1-Pairwise050-Seed2026-s2026,97,0.794771
B,Graded term,RELER,2026,G1-R2-RL-GradedNDCG64-CP-Align070-ShortlistUniform-K0-T1-Pairwise050-Seed2026-s2026,98,0.821301
B,Graded term,RELER,2026,G1-R2-RL-GradedNDCG64-CP-Align070-ShortlistUniform-K0-T1-Pairwise050-Seed2026-s2026,99,0.816917
B,Graded term,RELER,2026,G1-R2-RL-GradedNDCG64-CP-Align070-ShortlistUniform-K0-T1-Pairwise050-Seed2026-s2026,100,0.82959
B,Graded term,RELER,2026,G1-R2-RL-GradedNDCG64-CP-Align070-ShortlistUniform-K0-T1-Pairwise050-Seed2026-s2026,101,0.793644
B,Graded term,RELER,2026,G1-R2-RL-GradedNDCG64-CP-Align070-ShortlistUniform-K0-T1-Pairwise050-Seed2026-s2026,102,0.812772
B,Graded term,RELER,2026,G1-R2-RL-GradedNDCG64-CP-Align070-ShortlistUniform-K0-T1-Pairwise050-Seed2026-s2026,103,0.83261
B,Graded term,RELER,2026,G1-R2-RL-GradedNDCG64-CP-Align070-ShortlistUniform-K0-T1-Pairwise050-Seed2026-s2026,104,0.813645
B,Graded term,RELER,2026,G1-R2-RL-GradedNDCG64-CP-Align070-ShortlistUniform-K0-T1-Pairwise050-Seed2026-s2026,105,0.793743
B,Graded term,RELER,2026,G1-R2-RL-GradedNDCG64-CP-Align070-ShortlistUniform-K0-T1-Pairwise050-Seed2026-s2026,106,0.846964
B,Graded term,RELER,2026,G1-R2-RL-GradedNDCG64-CP-Align070-ShortlistUniform-K0-T1-Pairwise050-Seed2026-s2026,107,0.799699
B,Graded term,RELER,2026,G1-R2-RL-GradedNDCG64-CP-Align070-ShortlistUniform-K0-T1-Pairwise050-Seed2026-s2026,108,0.812658
B,Graded term,RELER,2026,G1-R2-RL-GradedNDCG64-CP-Align070-ShortlistUniform-K0-T1-Pairwise050-Seed2026-s2026,109,0.813754
B,Graded term,RELER,2026,G1-R2-RL-GradedNDCG64-CP-Align070-ShortlistUniform-K0-T1-Pairwise050-Seed2026-s2026,110,0.805965
B,Graded term,RELER,2026,G1-R2-RL-GradedNDCG64-CP-Align070-ShortlistUniform-K0-T1-Pairwise050-Seed2026-s2026,111,0.80577
B,Graded term,RELER,2026,G1-R2-RL-GradedNDCG64-CP-Align070-ShortlistUniform-K0-T1-Pairwise050-Seed2026-s2026,112,0.803267
B,Graded term,RELER,2026,G1-R2-RL-GradedNDCG64-CP-Align070-ShortlistUniform-K0-T1-Pairwise050-Seed2026-s2026,113,0.815015
B,Graded term,RELER,3407,G1-R2-RL-GradedNDCG64-CP-Align070-ShortlistUniform-K0-T1-Pairwise050-Seed3407-s3407,1,0.667828
B,Graded term,RELER,3407,G1-R2-RL-GradedNDCG64-CP-Align070-ShortlistUniform-K0-T1-Pairwise050-Seed3407-s3407,2,0.650589
B,Graded term,RELER,3407,G1-R2-RL-GradedNDCG64-CP-Align070-ShortlistUniform-K0-T1-Pairwise050-Seed3407-s3407,3,0.6321
B,Graded term,RELER,3407,G1-R2-RL-GradedNDCG64-CP-Align070-ShortlistUniform-K0-T1-Pairwise050-Seed3407-s3407,4,0.639344
B,Graded term,RELER,3407,G1-R2-RL-GradedNDCG64-CP-Align070-ShortlistUniform-K0-T1-Pairwise050-Seed3407-s3407,5,0.635105
B,Graded term,RELER,3407,G1-R2-RL-GradedNDCG64-CP-Align070-ShortlistUniform-K0-T1-Pairwise050-Seed3407-s3407,6,0.689205
B,Graded term,RELER,3407,G1-R2-RL-GradedNDCG64-CP-Align070-ShortlistUniform-K0-T1-Pairwise050-Seed3407-s3407,7,0.617346
B,Graded term,RELER,3407,G1-R2-RL-GradedNDCG64-CP-Align070-ShortlistUniform-K0-T1-Pairwise050-Seed3407-s3407,8,0.702677
B,Graded term,RELER,3407,G1-R2-RL-GradedNDCG64-CP-Align070-ShortlistUniform-K0-T1-Pairwise050-Seed3407-s3407,9,0.740951
B,Graded term,RELER,3407,G1-R2-RL-GradedNDCG64-CP-Align070-ShortlistUniform-K0-T1-Pairwise050-Seed3407-s3407,10,0.707217
B,Graded term,RELER,3407,G1-R2-RL-GradedNDCG64-CP-Align070-ShortlistUniform-K0-T1-Pairwise050-Seed3407-s3407,11,0.755806
B,Graded term,RELER,3407,G1-R2-RL-GradedNDCG64-CP-Align070-ShortlistUniform-K0-T1-Pairwise050-Seed3407-s3407,12,0.757459
B,Graded term,RELER,3407,G1-R2-RL-GradedNDCG64-CP-Align070-ShortlistUniform-K0-T1-Pairwise050-Seed3407-s3407,13,0.753356
B,Graded term,RELER,3407,G1-R2-RL-GradedNDCG64-CP-Align070-ShortlistUniform-K0-T1-Pairwise050-Seed3407-s3407,14,0.775109
B,Graded term,RELER,3407,G1-R2-RL-GradedNDCG64-CP-Align070-ShortlistUniform-K0-T1-Pairwise050-Seed3407-s3407,15,0.734965
B,Graded term,RELER,3407,G1-R2-RL-GradedNDCG64-CP-Align070-ShortlistUniform-K0-T1-Pairwise050-Seed3407-s3407,16,0.761359
B,Graded term,RELER,3407,G1-R2-RL-GradedNDCG64-CP-Align070-ShortlistUniform-K0-T1-Pairwise050-Seed3407-s3407,17,0.70909
B,Graded term,RELER,3407,G1-R2-RL-GradedNDCG64-CP-Align070-ShortlistUniform-K0-T1-Pairwise050-Seed3407-s3407,18,0.709049
B,Graded term,RELER,3407,G1-R2-RL-GradedNDCG64-CP-Align070-ShortlistUniform-K0-T1-Pairwise050-Seed3407-s3407,19,0.696174
B,Graded term,RELER,3407,G1-R2-RL-GradedNDCG64-CP-Align070-ShortlistUniform-K0-T1-Pairwise050-Seed3407-s3407,20,0.76711
B,Graded term,RELER,3407,G1-R2-RL-GradedNDCG64-CP-Align070-ShortlistUniform-K0-T1-Pairwise050-Seed3407-s3407,21,0.76379
B,Graded term,RELER,3407,G1-R2-RL-GradedNDCG64-CP-Align070-ShortlistUniform-K0-T1-Pairwise050-Seed3407-s3407,22,0.74137
B,Graded term,RELER,3407,G1-R2-RL-GradedNDCG64-CP-Align070-ShortlistUniform-K0-T1-Pairwise050-Seed3407-s3407,23,0.780744
B,Graded term,RELER,3407,G1-R2-RL-GradedNDCG64-CP-Align070-ShortlistUniform-K0-T1-Pairwise050-Seed3407-s3407,24,0.753401
B,Graded term,RELER,3407,G1-R2-RL-GradedNDCG64-CP-Align070-ShortlistUniform-K0-T1-Pairwise050-Seed3407-s3407,25,0.760949
B,Graded term,RELER,3407,G1-R2-RL-GradedNDCG64-CP-Align070-ShortlistUniform-K0-T1-Pairwise050-Seed3407-s3407,26,0.726041
B,Graded term,RELER,3407,G1-R2-RL-GradedNDCG64-CP-Align070-ShortlistUniform-K0-T1-Pairwise050-Seed3407-s3407,27,0.768062
B,Graded term,RELER,3407,G1-R2-RL-GradedNDCG64-CP-Align070-ShortlistUniform-K0-T1-Pairwise050-Seed3407-s3407,28,0.765872
B,Graded term,RELER,3407,G1-R2-RL-GradedNDCG64-CP-Align070-ShortlistUniform-K0-T1-Pairwise050-Seed3407-s3407,29,0.770519
B,Graded term,RELER,3407,G1-R2-RL-GradedNDCG64-CP-Align070-ShortlistUniform-K0-T1-Pairwise050-Seed3407-s3407,30,0.719004
B,Graded term,RELER,3407,G1-R2-RL-GradedNDCG64-CP-Align070-ShortlistUniform-K0-T1-Pairwise050-Seed3407-s3407,31,0.768812
B,Graded term,RELER,3407,G1-R2-RL-GradedNDCG64-CP-Align070-ShortlistUniform-K0-T1-Pairwise050-Seed3407-s3407,32,0.750965
B,Graded term,RELER,3407,G1-R2-RL-GradedNDCG64-CP-Align070-ShortlistUniform-K0-T1-Pairwise050-Seed3407-s3407,33,0.777392
B,Graded term,RELER,3407,G1-R2-RL-GradedNDCG64-CP-Align070-ShortlistUniform-K0-T1-Pairwise050-Seed3407-s3407,34,0.750068
B,Graded term,RELER,3407,G1-R2-RL-GradedNDCG64-CP-Align070-ShortlistUniform-K0-T1-Pairwise050-Seed3407-s3407,35,0.753053
B,Graded term,RELER,3407,G1-R2-RL-GradedNDCG64-CP-Align070-ShortlistUniform-K0-T1-Pairwise050-Seed3407-s3407,36,0.741308
B,Graded term,RELER,3407,G1-R2-RL-GradedNDCG64-CP-Align070-ShortlistUniform-K0-T1-Pairwise050-Seed3407-s3407,37,0.748664
B,Graded term,RELER,3407,G1-R2-RL-GradedNDCG64-CP-Align070-ShortlistUniform-K0-T1-Pairwise050-Seed3407-s3407,38,0.779297
B,Graded term,RELER,3407,G1-R2-RL-GradedNDCG64-CP-Align070-ShortlistUniform-K0-T1-Pairwise050-Seed3407-s3407,39,0.747906
B,Graded term,RELER,3407,G1-R2-RL-GradedNDCG64-CP-Align070-ShortlistUniform-K0-T1-Pairwise050-Seed3407-s3407,40,0.797309
B,Graded term,RELER,3407,G1-R2-RL-GradedNDCG64-CP-Align070-ShortlistUniform-K0-T1-Pairwise050-Seed3407-s3407,41,0.80748
B,Graded term,RELER,3407,G1-R2-RL-GradedNDCG64-CP-Align070-ShortlistUniform-K0-T1-Pairwise050-Seed3407-s3407,42,0.760133
B,Graded term,RELER,3407,G1-R2-RL-GradedNDCG64-CP-Align070-ShortlistUniform-K0-T1-Pairwise050-Seed3407-s3407,43,0.76145
B,Graded term,RELER,3407,G1-R2-RL-GradedNDCG64-CP-Align070-ShortlistUniform-K0-T1-Pairwise050-Seed3407-s3407,44,0.770614
B,Graded term,RELER,3407,G1-R2-RL-GradedNDCG64-CP-Align070-ShortlistUniform-K0-T1-Pairwise050-Seed3407-s3407,45,0.805665
B,Graded term,RELER,3407,G1-R2-RL-GradedNDCG64-CP-Align070-ShortlistUniform-K0-T1-Pairwise050-Seed3407-s3407,46,0.781249
B,Graded term,RELER,3407,G1-R2-RL-GradedNDCG64-CP-Align070-ShortlistUniform-K0-T1-Pairwise050-Seed3407-s3407,47,0.76918
B,Graded term,RELER,3407,G1-R2-RL-GradedNDCG64-CP-Align070-ShortlistUniform-K0-T1-Pairwise050-Seed3407-s3407,48,0.805221
B,Graded term,RELER,3407,G1-R2-RL-GradedNDCG64-CP-Align070-ShortlistUniform-K0-T1-Pairwise050-Seed3407-s3407,49,0.79866
B,Graded term,RELER,3407,G1-R2-RL-GradedNDCG64-CP-Align070-ShortlistUniform-K0-T1-Pairwise050-Seed3407-s3407,50,0.799227
B,Graded term,RELER,3407,G1-R2-RL-GradedNDCG64-CP-Align070-ShortlistUniform-K0-T1-Pairwise050-Seed3407-s3407,51,0.781167
B,Graded term,RELER,3407,G1-R2-RL-GradedNDCG64-CP-Align070-ShortlistUniform-K0-T1-Pairwise050-Seed3407-s3407,52,0.756458
B,Graded term,RELER,3407,G1-R2-RL-GradedNDCG64-CP-Align070-ShortlistUniform-K0-T1-Pairwise050-Seed3407-s3407,53,0.839144
B,Graded term,RELER,3407,G1-R2-RL-GradedNDCG64-CP-Align070-ShortlistUniform-K0-T1-Pairwise050-Seed3407-s3407,54,0.786754
B,Graded term,RELER,3407,G1-R2-RL-GradedNDCG64-CP-Align070-ShortlistUniform-K0-T1-Pairwise050-Seed3407-s3407,55,0.803231
B,Graded term,RELER,3407,G1-R2-RL-GradedNDCG64-CP-Align070-ShortlistUniform-K0-T1-Pairwise050-Seed3407-s3407,56,0.792278
B,Graded term,RELER,3407,G1-R2-RL-GradedNDCG64-CP-Align070-ShortlistUniform-K0-T1-Pairwise050-Seed3407-s3407,57,0.786104
B,Graded term,RELER,3407,G1-R2-RL-GradedNDCG64-CP-Align070-ShortlistUniform-K0-T1-Pairwise050-Seed3407-s3407,58,0.82313
B,Graded term,RELER,3407,G1-R2-RL-GradedNDCG64-CP-Align070-ShortlistUniform-K0-T1-Pairwise050-Seed3407-s3407,59,0.760553
B,Graded term,RELER,3407,G1-R2-RL-GradedNDCG64-CP-Align070-ShortlistUniform-K0-T1-Pairwise050-Seed3407-s3407,60,0.813335
B,Graded term,RELER,3407,G1-R2-RL-GradedNDCG64-CP-Align070-ShortlistUniform-K0-T1-Pairwise050-Seed3407-s3407,61,0.79432
B,Graded term,RELER,3407,G1-R2-RL-GradedNDCG64-CP-Align070-ShortlistUniform-K0-T1-Pairwise050-Seed3407-s3407,62,0.797228
B,Graded term,RELER,3407,G1-R2-RL-GradedNDCG64-CP-Align070-ShortlistUniform-K0-T1-Pairwise050-Seed3407-s3407,63,0.820537
B,Graded term,RELER,3407,G1-R2-RL-GradedNDCG64-CP-Align070-ShortlistUniform-K0-T1-Pairwise050-Seed3407-s3407,64,0.77894
B,Graded term,RELER,3407,G1-R2-RL-GradedNDCG64-CP-Align070-ShortlistUniform-K0-T1-Pairwise050-Seed3407-s3407,65,0.772492
B,Graded term,RELER,3407,G1-R2-RL-GradedNDCG64-CP-Align070-ShortlistUniform-K0-T1-Pairwise050-Seed3407-s3407,66,0.783998
B,Graded term,RELER,3407,G1-R2-RL-GradedNDCG64-CP-Align070-ShortlistUniform-K0-T1-Pairwise050-Seed3407-s3407,67,0.80773
B,Graded term,RELER,3407,G1-R2-RL-GradedNDCG64-CP-Align070-ShortlistUniform-K0-T1-Pairwise050-Seed3407-s3407,68,0.762686
B,Graded term,RELER,3407,G1-R2-RL-GradedNDCG64-CP-Align070-ShortlistUniform-K0-T1-Pairwise050-Seed3407-s3407,69,0.785224
B,Graded term,RELER,3407,G1-R2-RL-GradedNDCG64-CP-Align070-ShortlistUniform-K0-T1-Pairwise050-Seed3407-s3407,70,0.76094
B,Graded term,RELER,3407,G1-R2-RL-GradedNDCG64-CP-Align070-ShortlistUniform-K0-T1-Pairwise050-Seed3407-s3407,71,0.79386
B,Graded term,RELER,3407,G1-R2-RL-GradedNDCG64-CP-Align070-ShortlistUniform-K0-T1-Pairwise050-Seed3407-s3407,72,0.805627
B,Graded term,RELER,3407,G1-R2-RL-GradedNDCG64-CP-Align070-ShortlistUniform-K0-T1-Pairwise050-Seed3407-s3407,73,0.787145
B,Graded term,RELER,3407,G1-R2-RL-GradedNDCG64-CP-Align070-ShortlistUniform-K0-T1-Pairwise050-Seed3407-s3407,74,0.80038
B,Graded term,RELER,3407,G1-R2-RL-GradedNDCG64-CP-Align070-ShortlistUniform-K0-T1-Pairwise050-Seed3407-s3407,75,0.796503
B,Graded term,RELER,3407,G1-R2-RL-GradedNDCG64-CP-Align070-ShortlistUniform-K0-T1-Pairwise050-Seed3407-s3407,76,0.775087
B,Graded term,RELER,3407,G1-R2-RL-GradedNDCG64-CP-Align070-ShortlistUniform-K0-T1-Pairwise050-Seed3407-s3407,77,0.802042
B,Graded term,RELER,3407,G1-R2-RL-GradedNDCG64-CP-Align070-ShortlistUniform-K0-T1-Pairwise050-Seed3407-s3407,78,0.829386
B,Graded term,RELER,3407,G1-R2-RL-GradedNDCG64-CP-Align070-ShortlistUniform-K0-T1-Pairwise050-Seed3407-s3407,79,0.814193
B,Graded term,RELER,3407,G1-R2-RL-GradedNDCG64-CP-Align070-ShortlistUniform-K0-T1-Pairwise050-Seed3407-s3407,80,0.812203
B,Graded term,RELER,3407,G1-R2-RL-GradedNDCG64-CP-Align070-ShortlistUniform-K0-T1-Pairwise050-Seed3407-s3407,81,0.819902
B,Graded term,RELER,3407,G1-R2-RL-GradedNDCG64-CP-Align070-ShortlistUniform-K0-T1-Pairwise050-Seed3407-s3407,82,0.812647
B,Graded term,RELER,3407,G1-R2-RL-GradedNDCG64-CP-Align070-ShortlistUniform-K0-T1-Pairwise050-Seed3407-s3407,83,0.796877
B,Graded term,RELER,3407,G1-R2-RL-GradedNDCG64-CP-Align070-ShortlistUniform-K0-T1-Pairwise050-Seed3407-s3407,84,0.835809
B,Graded term,RELER,3407,G1-R2-RL-GradedNDCG64-CP-Align070-ShortlistUniform-K0-T1-Pairwise050-Seed3407-s3407,85,0.8001
B,Graded term,RELER,3407,G1-R2-RL-GradedNDCG64-CP-Align070-ShortlistUniform-K0-T1-Pairwise050-Seed3407-s3407,86,0.810046
B,Graded term,RELER,3407,G1-R2-RL-GradedNDCG64-CP-Align070-ShortlistUniform-K0-T1-Pairwise050-Seed3407-s3407,87,0.802809
B,Graded term,RELER,3407,G1-R2-RL-GradedNDCG64-CP-Align070-ShortlistUniform-K0-T1-Pairwise050-Seed3407-s3407,88,0.779227
B,Graded term,RELER,3407,G1-R2-RL-GradedNDCG64-CP-Align070-ShortlistUniform-K0-T1-Pairwise050-Seed3407-s3407,89,0.792226
B,Graded term,RELER,3407,G1-R2-RL-GradedNDCG64-CP-Align070-ShortlistUniform-K0-T1-Pairwise050-Seed3407-s3407,90,0.82909
B,Graded term,RELER,3407,G1-R2-RL-GradedNDCG64-CP-Align070-ShortlistUniform-K0-T1-Pairwise050-Seed3407-s3407,91,0.820311
B,Graded term,RELER,3407,G1-R2-RL-GradedNDCG64-CP-Align070-ShortlistUniform-K0-T1-Pairwise050-Seed3407-s3407,92,0.828438
B,Graded term,RELER,3407,G1-R2-RL-GradedNDCG64-CP-Align070-ShortlistUniform-K0-T1-Pairwise050-Seed3407-s3407,93,0.808754
B,Graded term,RELER,3407,G1-R2-RL-GradedNDCG64-CP-Align070-ShortlistUniform-K0-T1-Pairwise050-Seed3407-s3407,94,0.779722
B,Graded term,RELER,3407,G1-R2-RL-GradedNDCG64-CP-Align070-ShortlistUniform-K0-T1-Pairwise050-Seed3407-s3407,95,0.813107
B,Graded term,RELER,3407,G1-R2-RL-GradedNDCG64-CP-Align070-ShortlistUniform-K0-T1-Pairwise050-Seed3407-s3407,96,0.828602
B,Graded term,RELER,3407,G1-R2-RL-GradedNDCG64-CP-Align070-ShortlistUniform-K0-T1-Pairwise050-Seed3407-s3407,97,0.80983
B,Graded term,RELER,3407,G1-R2-RL-GradedNDCG64-CP-Align070-ShortlistUniform-K0-T1-Pairwise050-Seed3407-s3407,98,0.833221
B,Graded term,RELER,3407,G1-R2-RL-GradedNDCG64-CP-Align070-ShortlistUniform-K0-T1-Pairwise050-Seed3407-s3407,99,0.811237
B,Graded term,RELER,3407,G1-R2-RL-GradedNDCG64-CP-Align070-ShortlistUniform-K0-T1-Pairwise050-Seed3407-s3407,100,0.818634
B,Graded term,RELER,3407,G1-R2-RL-GradedNDCG64-CP-Align070-ShortlistUniform-K0-T1-Pairwise050-Seed3407-s3407,101,0.818873
B,Graded term,RELER,3407,G1-R2-RL-GradedNDCG64-CP-Align070-ShortlistUniform-K0-T1-Pairwise050-Seed3407-s3407,102,0.8133
B,Graded term,RELER,3407,G1-R2-RL-GradedNDCG64-CP-Align070-ShortlistUniform-K0-T1-Pairwise050-Seed3407-s3407,103,0.815286
B,Graded term,RELER,3407,G1-R2-RL-GradedNDCG64-CP-Align070-ShortlistUniform-K0-T1-Pairwise050-Seed3407-s3407,104,0.803653
B,Graded term,RELER,3407,G1-R2-RL-GradedNDCG64-CP-Align070-ShortlistUniform-K0-T1-Pairwise050-Seed3407-s3407,105,0.821186
B,Graded term,RELER,3407,G1-R2-RL-GradedNDCG64-CP-Align070-ShortlistUniform-K0-T1-Pairwise050-Seed3407-s3407,106,0.809781
B,Graded term,RELER,3407,G1-R2-RL-GradedNDCG64-CP-Align070-ShortlistUniform-K0-T1-Pairwise050-Seed3407-s3407,107,0.824636
B,Graded term,RELER,3407,G1-R2-RL-GradedNDCG64-CP-Align070-ShortlistUniform-K0-T1-Pairwise050-Seed3407-s3407,108,0.809935
B,Graded term,RELER,3407,G1-R2-RL-GradedNDCG64-CP-Align070-ShortlistUniform-K0-T1-Pairwise050-Seed3407-s3407,109,0.803938
B,Graded term,RELER,3407,G1-R2-RL-GradedNDCG64-CP-Align070-ShortlistUniform-K0-T1-Pairwise050-Seed3407-s3407,110,0.813229
B,Graded term,RELER,3407,G1-R2-RL-GradedNDCG64-CP-Align070-ShortlistUniform-K0-T1-Pairwise050-Seed3407-s3407,111,0.833744
B,Graded term,RELER,3407,G1-R2-RL-GradedNDCG64-CP-Align070-ShortlistUniform-K0-T1-Pairwise050-Seed3407-s3407,112,0.834743
B,Graded term,RELER,3407,G1-R2-RL-GradedNDCG64-CP-Align070-ShortlistUniform-K0-T1-Pairwise050-Seed3407-s3407,113,0.832649
B,Pairwise term (0.5·r),RELER,42,G1-R2-RL-GradedNDCG64-CP-Align070-ShortlistUniform-K0-T1-Pairwise050-s42,1,0.3286165
B,Pairwise term (0.5·r),RELER,42,G1-R2-RL-GradedNDCG64-CP-Align070-ShortlistUniform-K0-T1-Pairwise050-s42,2,0.3457515
B,Pairwise term (0.5·r),RELER,42,G1-R2-RL-GradedNDCG64-CP-Align070-ShortlistUniform-K0-T1-Pairwise050-s42,3,0.3441535
B,Pairwise term (0.5·r),RELER,42,G1-R2-RL-GradedNDCG64-CP-Align070-ShortlistUniform-K0-T1-Pairwise050-s42,4,0.316743
B,Pairwise term (0.5·r),RELER,42,G1-R2-RL-GradedNDCG64-CP-Align070-ShortlistUniform-K0-T1-Pairwise050-s42,5,0.3263145
B,Pairwise term (0.5·r),RELER,42,G1-R2-RL-GradedNDCG64-CP-Align070-ShortlistUniform-K0-T1-Pairwise050-s42,6,0.341359
B,Pairwise term (0.5·r),RELER,42,G1-R2-RL-GradedNDCG64-CP-Align070-ShortlistUniform-K0-T1-Pairwise050-s42,7,0.3636945
B,Pairwise term (0.5·r),RELER,42,G1-R2-RL-GradedNDCG64-CP-Align070-ShortlistUniform-K0-T1-Pairwise050-s42,8,0.3621055
B,Pairwise term (0.5·r),RELER,42,G1-R2-RL-GradedNDCG64-CP-Align070-ShortlistUniform-K0-T1-Pairwise050-s42,9,0.3299775
B,Pairwise term (0.5·r),RELER,42,G1-R2-RL-GradedNDCG64-CP-Align070-ShortlistUniform-K0-T1-Pairwise050-s42,10,0.345102
B,Pairwise term (0.5·r),RELER,42,G1-R2-RL-GradedNDCG64-CP-Align070-ShortlistUniform-K0-T1-Pairwise050-s42,11,0.351106
B,Pairwise term (0.5·r),RELER,42,G1-R2-RL-GradedNDCG64-CP-Align070-ShortlistUniform-K0-T1-Pairwise050-s42,12,0.358761
B,Pairwise term (0.5·r),RELER,42,G1-R2-RL-GradedNDCG64-CP-Align070-ShortlistUniform-K0-T1-Pairwise050-s42,13,0.3716925
B,Pairwise term (0.5·r),RELER,42,G1-R2-RL-GradedNDCG64-CP-Align070-ShortlistUniform-K0-T1-Pairwise050-s42,14,0.3808765
B,Pairwise term (0.5·r),RELER,42,G1-R2-RL-GradedNDCG64-CP-Align070-ShortlistUniform-K0-T1-Pairwise050-s42,15,0.3642265
B,Pairwise term (0.5·r),RELER,42,G1-R2-RL-GradedNDCG64-CP-Align070-ShortlistUniform-K0-T1-Pairwise050-s42,16,0.372803
B,Pairwise term (0.5·r),RELER,42,G1-R2-RL-GradedNDCG64-CP-Align070-ShortlistUniform-K0-T1-Pairwise050-s42,17,0.3860015
B,Pairwise term (0.5·r),RELER,42,G1-R2-RL-GradedNDCG64-CP-Align070-ShortlistUniform-K0-T1-Pairwise050-s42,18,0.3716065
B,Pairwise term (0.5·r),RELER,42,G1-R2-RL-GradedNDCG64-CP-Align070-ShortlistUniform-K0-T1-Pairwise050-s42,19,0.383322
B,Pairwise term (0.5·r),RELER,42,G1-R2-RL-GradedNDCG64-CP-Align070-ShortlistUniform-K0-T1-Pairwise050-s42,20,0.391347
B,Pairwise term (0.5·r),RELER,42,G1-R2-RL-GradedNDCG64-CP-Align070-ShortlistUniform-K0-T1-Pairwise050-s42,21,0.376023
B,Pairwise term (0.5·r),RELER,42,G1-R2-RL-GradedNDCG64-CP-Align070-ShortlistUniform-K0-T1-Pairwise050-s42,22,0.4046255
B,Pairwise term (0.5·r),RELER,42,G1-R2-RL-GradedNDCG64-CP-Align070-ShortlistUniform-K0-T1-Pairwise050-s42,23,0.404744
B,Pairwise term (0.5·r),RELER,42,G1-R2-RL-GradedNDCG64-CP-Align070-ShortlistUniform-K0-T1-Pairwise050-s42,24,0.4037195
B,Pairwise term (0.5·r),RELER,42,G1-R2-RL-GradedNDCG64-CP-Align070-ShortlistUniform-K0-T1-Pairwise050-s42,25,0.399676
B,Pairwise term (0.5·r),RELER,42,G1-R2-RL-GradedNDCG64-CP-Align070-ShortlistUniform-K0-T1-Pairwise050-s42,26,0.40158
B,Pairwise term (0.5·r),RELER,42,G1-R2-RL-GradedNDCG64-CP-Align070-ShortlistUniform-K0-T1-Pairwise050-s42,27,0.416321
B,Pairwise term (0.5·r),RELER,42,G1-R2-RL-GradedNDCG64-CP-Align070-ShortlistUniform-K0-T1-Pairwise050-s42,28,0.412299
B,Pairwise term (0.5·r),RELER,42,G1-R2-RL-GradedNDCG64-CP-Align070-ShortlistUniform-K0-T1-Pairwise050-s42,29,0.3970555
B,Pairwise term (0.5·r),RELER,42,G1-R2-RL-GradedNDCG64-CP-Align070-ShortlistUniform-K0-T1-Pairwise050-s42,30,0.406516
B,Pairwise term (0.5·r),RELER,42,G1-R2-RL-GradedNDCG64-CP-Align070-ShortlistUniform-K0-T1-Pairwise050-s42,31,0.4058775
B,Pairwise term (0.5·r),RELER,42,G1-R2-RL-GradedNDCG64-CP-Align070-ShortlistUniform-K0-T1-Pairwise050-s42,32,0.3938005
B,Pairwise term (0.5·r),RELER,42,G1-R2-RL-GradedNDCG64-CP-Align070-ShortlistUniform-K0-T1-Pairwise050-s42,33,0.42472
B,Pairwise term (0.5·r),RELER,42,G1-R2-RL-GradedNDCG64-CP-Align070-ShortlistUniform-K0-T1-Pairwise050-s42,34,0.399792
B,Pairwise term (0.5·r),RELER,42,G1-R2-RL-GradedNDCG64-CP-Align070-ShortlistUniform-K0-T1-Pairwise050-s42,35,0.4168845
B,Pairwise term (0.5·r),RELER,42,G1-R2-RL-GradedNDCG64-CP-Align070-ShortlistUniform-K0-T1-Pairwise050-s42,36,0.4128705
B,Pairwise term (0.5·r),RELER,42,G1-R2-RL-GradedNDCG64-CP-Align070-ShortlistUniform-K0-T1-Pairwise050-s42,37,0.39978
B,Pairwise term (0.5·r),RELER,42,G1-R2-RL-GradedNDCG64-CP-Align070-ShortlistUniform-K0-T1-Pairwise050-s42,38,0.408541
B,Pairwise term (0.5·r),RELER,42,G1-R2-RL-GradedNDCG64-CP-Align070-ShortlistUniform-K0-T1-Pairwise050-s42,39,0.407877
B,Pairwise term (0.5·r),RELER,42,G1-R2-RL-GradedNDCG64-CP-Align070-ShortlistUniform-K0-T1-Pairwise050-s42,40,0.423785
B,Pairwise term (0.5·r),RELER,42,G1-R2-RL-GradedNDCG64-CP-Align070-ShortlistUniform-K0-T1-Pairwise050-s42,41,0.4156325
B,Pairwise term (0.5·r),RELER,42,G1-R2-RL-GradedNDCG64-CP-Align070-ShortlistUniform-K0-T1-Pairwise050-s42,42,0.3934415
B,Pairwise term (0.5·r),RELER,42,G1-R2-RL-GradedNDCG64-CP-Align070-ShortlistUniform-K0-T1-Pairwise050-s42,43,0.402
B,Pairwise term (0.5·r),RELER,42,G1-R2-RL-GradedNDCG64-CP-Align070-ShortlistUniform-K0-T1-Pairwise050-s42,44,0.417679
B,Pairwise term (0.5·r),RELER,42,G1-R2-RL-GradedNDCG64-CP-Align070-ShortlistUniform-K0-T1-Pairwise050-s42,45,0.410084
B,Pairwise term (0.5·r),RELER,42,G1-R2-RL-GradedNDCG64-CP-Align070-ShortlistUniform-K0-T1-Pairwise050-s42,46,0.4241385
B,Pairwise term (0.5·r),RELER,42,G1-R2-RL-GradedNDCG64-CP-Align070-ShortlistUniform-K0-T1-Pairwise050-s42,47,0.4016085
B,Pairwise term (0.5·r),RELER,42,G1-R2-RL-GradedNDCG64-CP-Align070-ShortlistUniform-K0-T1-Pairwise050-s42,48,0.413353
B,Pairwise term (0.5·r),RELER,42,G1-R2-RL-GradedNDCG64-CP-Align070-ShortlistUniform-K0-T1-Pairwise050-s42,49,0.4111175
B,Pairwise term (0.5·r),RELER,42,G1-R2-RL-GradedNDCG64-CP-Align070-ShortlistUniform-K0-T1-Pairwise050-s42,50,0.4131395
B,Pairwise term (0.5·r),RELER,42,G1-R2-RL-GradedNDCG64-CP-Align070-ShortlistUniform-K0-T1-Pairwise050-s42,51,0.4091355
B,Pairwise term (0.5·r),RELER,42,G1-R2-RL-GradedNDCG64-CP-Align070-ShortlistUniform-K0-T1-Pairwise050-s42,52,0.425029
B,Pairwise term (0.5·r),RELER,42,G1-R2-RL-GradedNDCG64-CP-Align070-ShortlistUniform-K0-T1-Pairwise050-s42,53,0.425424
B,Pairwise term (0.5·r),RELER,42,G1-R2-RL-GradedNDCG64-CP-Align070-ShortlistUniform-K0-T1-Pairwise050-s42,54,0.4183595
B,Pairwise term (0.5·r),RELER,42,G1-R2-RL-GradedNDCG64-CP-Align070-ShortlistUniform-K0-T1-Pairwise050-s42,55,0.417651
B,Pairwise term (0.5·r),RELER,42,G1-R2-RL-GradedNDCG64-CP-Align070-ShortlistUniform-K0-T1-Pairwise050-s42,56,0.425991
B,Pairwise term (0.5·r),RELER,42,G1-R2-RL-GradedNDCG64-CP-Align070-ShortlistUniform-K0-T1-Pairwise050-s42,57,0.4190025
B,Pairwise term (0.5·r),RELER,42,G1-R2-RL-GradedNDCG64-CP-Align070-ShortlistUniform-K0-T1-Pairwise050-s42,58,0.4161965
B,Pairwise term (0.5·r),RELER,42,G1-R2-RL-GradedNDCG64-CP-Align070-ShortlistUniform-K0-T1-Pairwise050-s42,59,0.4234945
B,Pairwise term (0.5·r),RELER,42,G1-R2-RL-GradedNDCG64-CP-Align070-ShortlistUniform-K0-T1-Pairwise050-s42,60,0.422366
B,Pairwise term (0.5·r),RELER,42,G1-R2-RL-GradedNDCG64-CP-Align070-ShortlistUniform-K0-T1-Pairwise050-s42,61,0.4184725
B,Pairwise term (0.5·r),RELER,42,G1-R2-RL-GradedNDCG64-CP-Align070-ShortlistUniform-K0-T1-Pairwise050-s42,62,0.407093
B,Pairwise term (0.5·r),RELER,42,G1-R2-RL-GradedNDCG64-CP-Align070-ShortlistUniform-K0-T1-Pairwise050-s42,63,0.4225675
B,Pairwise term (0.5·r),RELER,42,G1-R2-RL-GradedNDCG64-CP-Align070-ShortlistUniform-K0-T1-Pairwise050-s42,64,0.434997
B,Pairwise term (0.5·r),RELER,42,G1-R2-RL-GradedNDCG64-CP-Align070-ShortlistUniform-K0-T1-Pairwise050-s42,65,0.426633
B,Pairwise term (0.5·r),RELER,42,G1-R2-RL-GradedNDCG64-CP-Align070-ShortlistUniform-K0-T1-Pairwise050-s42,66,0.429421
B,Pairwise term (0.5·r),RELER,42,G1-R2-RL-GradedNDCG64-CP-Align070-ShortlistUniform-K0-T1-Pairwise050-s42,67,0.426279
B,Pairwise term (0.5·r),RELER,42,G1-R2-RL-GradedNDCG64-CP-Align070-ShortlistUniform-K0-T1-Pairwise050-s42,68,0.418761
B,Pairwise term (0.5·r),RELER,42,G1-R2-RL-GradedNDCG64-CP-Align070-ShortlistUniform-K0-T1-Pairwise050-s42,69,0.41324
B,Pairwise term (0.5·r),RELER,42,G1-R2-RL-GradedNDCG64-CP-Align070-ShortlistUniform-K0-T1-Pairwise050-s42,70,0.430621
B,Pairwise term (0.5·r),RELER,42,G1-R2-RL-GradedNDCG64-CP-Align070-ShortlistUniform-K0-T1-Pairwise050-s42,71,0.434172
B,Pairwise term (0.5·r),RELER,42,G1-R2-RL-GradedNDCG64-CP-Align070-ShortlistUniform-K0-T1-Pairwise050-s42,72,0.427942
B,Pairwise term (0.5·r),RELER,42,G1-R2-RL-GradedNDCG64-CP-Align070-ShortlistUniform-K0-T1-Pairwise050-s42,73,0.4229405
B,Pairwise term (0.5·r),RELER,42,G1-R2-RL-GradedNDCG64-CP-Align070-ShortlistUniform-K0-T1-Pairwise050-s42,74,0.4265535
B,Pairwise term (0.5·r),RELER,42,G1-R2-RL-GradedNDCG64-CP-Align070-ShortlistUniform-K0-T1-Pairwise050-s42,75,0.426606
B,Pairwise term (0.5·r),RELER,42,G1-R2-RL-GradedNDCG64-CP-Align070-ShortlistUniform-K0-T1-Pairwise050-s42,76,0.4359795
B,Pairwise term (0.5·r),RELER,42,G1-R2-RL-GradedNDCG64-CP-Align070-ShortlistUniform-K0-T1-Pairwise050-s42,77,0.4293845
B,Pairwise term (0.5·r),RELER,42,G1-R2-RL-GradedNDCG64-CP-Align070-ShortlistUniform-K0-T1-Pairwise050-s42,78,0.42959
B,Pairwise term (0.5·r),RELER,42,G1-R2-RL-GradedNDCG64-CP-Align070-ShortlistUniform-K0-T1-Pairwise050-s42,79,0.429868
B,Pairwise term (0.5·r),RELER,42,G1-R2-RL-GradedNDCG64-CP-Align070-ShortlistUniform-K0-T1-Pairwise050-s42,80,0.429844
B,Pairwise term (0.5·r),RELER,42,G1-R2-RL-GradedNDCG64-CP-Align070-ShortlistUniform-K0-T1-Pairwise050-s42,81,0.4226665
B,Pairwise term (0.5·r),RELER,42,G1-R2-RL-GradedNDCG64-CP-Align070-ShortlistUniform-K0-T1-Pairwise050-s42,82,0.432154
B,Pairwise term (0.5·r),RELER,42,G1-R2-RL-GradedNDCG64-CP-Align070-ShortlistUniform-K0-T1-Pairwise050-s42,83,0.4256435
B,Pairwise term (0.5·r),RELER,42,G1-R2-RL-GradedNDCG64-CP-Align070-ShortlistUniform-K0-T1-Pairwise050-s42,84,0.4378445
B,Pairwise term (0.5·r),RELER,42,G1-R2-RL-GradedNDCG64-CP-Align070-ShortlistUniform-K0-T1-Pairwise050-s42,85,0.4361335
B,Pairwise term (0.5·r),RELER,42,G1-R2-RL-GradedNDCG64-CP-Align070-ShortlistUniform-K0-T1-Pairwise050-s42,86,0.4366965
B,Pairwise term (0.5·r),RELER,42,G1-R2-RL-GradedNDCG64-CP-Align070-ShortlistUniform-K0-T1-Pairwise050-s42,87,0.4223635
B,Pairwise term (0.5·r),RELER,42,G1-R2-RL-GradedNDCG64-CP-Align070-ShortlistUniform-K0-T1-Pairwise050-s42,88,0.430691
B,Pairwise term (0.5·r),RELER,42,G1-R2-RL-GradedNDCG64-CP-Align070-ShortlistUniform-K0-T1-Pairwise050-s42,89,0.418817
B,Pairwise term (0.5·r),RELER,42,G1-R2-RL-GradedNDCG64-CP-Align070-ShortlistUniform-K0-T1-Pairwise050-s42,90,0.421954
B,Pairwise term (0.5·r),RELER,42,G1-R2-RL-GradedNDCG64-CP-Align070-ShortlistUniform-K0-T1-Pairwise050-s42,91,0.4341055
B,Pairwise term (0.5·r),RELER,42,G1-R2-RL-GradedNDCG64-CP-Align070-ShortlistUniform-K0-T1-Pairwise050-s42,92,0.4341545
B,Pairwise term (0.5·r),RELER,42,G1-R2-RL-GradedNDCG64-CP-Align070-ShortlistUniform-K0-T1-Pairwise050-s42,93,0.425121
B,Pairwise term (0.5·r),RELER,42,G1-R2-RL-GradedNDCG64-CP-Align070-ShortlistUniform-K0-T1-Pairwise050-s42,94,0.4363875
B,Pairwise term (0.5·r),RELER,42,G1-R2-RL-GradedNDCG64-CP-Align070-ShortlistUniform-K0-T1-Pairwise050-s42,95,0.437184
B,Pairwise term (0.5·r),RELER,42,G1-R2-RL-GradedNDCG64-CP-Align070-ShortlistUniform-K0-T1-Pairwise050-s42,96,0.438176
B,Pairwise term (0.5·r),RELER,42,G1-R2-RL-GradedNDCG64-CP-Align070-ShortlistUniform-K0-T1-Pairwise050-s42,97,0.443928
B,Pairwise term (0.5·r),RELER,42,G1-R2-RL-GradedNDCG64-CP-Align070-ShortlistUniform-K0-T1-Pairwise050-s42,98,0.430355
B,Pairwise term (0.5·r),RELER,42,G1-R2-RL-GradedNDCG64-CP-Align070-ShortlistUniform-K0-T1-Pairwise050-s42,99,0.4337795
B,Pairwise term (0.5·r),RELER,42,G1-R2-RL-GradedNDCG64-CP-Align070-ShortlistUniform-K0-T1-Pairwise050-s42,100,0.436346
B,Pairwise term (0.5·r),RELER,42,G1-R2-RL-GradedNDCG64-CP-Align070-ShortlistUniform-K0-T1-Pairwise050-s42,101,0.443305
B,Pairwise term (0.5·r),RELER,42,G1-R2-RL-GradedNDCG64-CP-Align070-ShortlistUniform-K0-T1-Pairwise050-s42,102,0.4245585
B,Pairwise term (0.5·r),RELER,42,G1-R2-RL-GradedNDCG64-CP-Align070-ShortlistUniform-K0-T1-Pairwise050-s42,103,0.4383575
B,Pairwise term (0.5·r),RELER,42,G1-R2-RL-GradedNDCG64-CP-Align070-ShortlistUniform-K0-T1-Pairwise050-s42,104,0.4359925
B,Pairwise term (0.5·r),RELER,42,G1-R2-RL-GradedNDCG64-CP-Align070-ShortlistUniform-K0-T1-Pairwise050-s42,105,0.431223
B,Pairwise term (0.5·r),RELER,42,G1-R2-RL-GradedNDCG64-CP-Align070-ShortlistUniform-K0-T1-Pairwise050-s42,106,0.4292005
B,Pairwise term (0.5·r),RELER,42,G1-R2-RL-GradedNDCG64-CP-Align070-ShortlistUniform-K0-T1-Pairwise050-s42,107,0.4183565
B,Pairwise term (0.5·r),RELER,42,G1-R2-RL-GradedNDCG64-CP-Align070-ShortlistUniform-K0-T1-Pairwise050-s42,108,0.431544
B,Pairwise term (0.5·r),RELER,42,G1-R2-RL-GradedNDCG64-CP-Align070-ShortlistUniform-K0-T1-Pairwise050-s42,109,0.418601
B,Pairwise term (0.5·r),RELER,42,G1-R2-RL-GradedNDCG64-CP-Align070-ShortlistUniform-K0-T1-Pairwise050-s42,110,0.4370135
B,Pairwise term (0.5·r),RELER,42,G1-R2-RL-GradedNDCG64-CP-Align070-ShortlistUniform-K0-T1-Pairwise050-s42,111,0.440175
B,Pairwise term (0.5·r),RELER,42,G1-R2-RL-GradedNDCG64-CP-Align070-ShortlistUniform-K0-T1-Pairwise050-s42,112,0.4340705
B,Pairwise term (0.5·r),RELER,42,G1-R2-RL-GradedNDCG64-CP-Align070-ShortlistUniform-K0-T1-Pairwise050-s42,113,0.4280065
B,Pairwise term (0.5·r),RELER,2026,G1-R2-RL-GradedNDCG64-CP-Align070-ShortlistUniform-K0-T1-Pairwise050-Seed2026-s2026,1,0.310498
B,Pairwise term (0.5·r),RELER,2026,G1-R2-RL-GradedNDCG64-CP-Align070-ShortlistUniform-K0-T1-Pairwise050-Seed2026-s2026,2,0.356336
B,Pairwise term (0.5·r),RELER,2026,G1-R2-RL-GradedNDCG64-CP-Align070-ShortlistUniform-K0-T1-Pairwise050-Seed2026-s2026,3,0.333065
B,Pairwise term (0.5·r),RELER,2026,G1-R2-RL-GradedNDCG64-CP-Align070-ShortlistUniform-K0-T1-Pairwise050-Seed2026-s2026,4,0.3257055
B,Pairwise term (0.5·r),RELER,2026,G1-R2-RL-GradedNDCG64-CP-Align070-ShortlistUniform-K0-T1-Pairwise050-Seed2026-s2026,5,0.323765
B,Pairwise term (0.5·r),RELER,2026,G1-R2-RL-GradedNDCG64-CP-Align070-ShortlistUniform-K0-T1-Pairwise050-Seed2026-s2026,6,0.3219875
B,Pairwise term (0.5·r),RELER,2026,G1-R2-RL-GradedNDCG64-CP-Align070-ShortlistUniform-K0-T1-Pairwise050-Seed2026-s2026,7,0.3426695
B,Pairwise term (0.5·r),RELER,2026,G1-R2-RL-GradedNDCG64-CP-Align070-ShortlistUniform-K0-T1-Pairwise050-Seed2026-s2026,8,0.34792
B,Pairwise term (0.5·r),RELER,2026,G1-R2-RL-GradedNDCG64-CP-Align070-ShortlistUniform-K0-T1-Pairwise050-Seed2026-s2026,9,0.3410985
B,Pairwise term (0.5·r),RELER,2026,G1-R2-RL-GradedNDCG64-CP-Align070-ShortlistUniform-K0-T1-Pairwise050-Seed2026-s2026,10,0.3557875
B,Pairwise term (0.5·r),RELER,2026,G1-R2-RL-GradedNDCG64-CP-Align070-ShortlistUniform-K0-T1-Pairwise050-Seed2026-s2026,11,0.3793035
B,Pairwise term (0.5·r),RELER,2026,G1-R2-RL-GradedNDCG64-CP-Align070-ShortlistUniform-K0-T1-Pairwise050-Seed2026-s2026,12,0.3760995
B,Pairwise term (0.5·r),RELER,2026,G1-R2-RL-GradedNDCG64-CP-Align070-ShortlistUniform-K0-T1-Pairwise050-Seed2026-s2026,13,0.3707135
B,Pairwise term (0.5·r),RELER,2026,G1-R2-RL-GradedNDCG64-CP-Align070-ShortlistUniform-K0-T1-Pairwise050-Seed2026-s2026,14,0.373008
B,Pairwise term (0.5·r),RELER,2026,G1-R2-RL-GradedNDCG64-CP-Align070-ShortlistUniform-K0-T1-Pairwise050-Seed2026-s2026,15,0.3691465
B,Pairwise term (0.5·r),RELER,2026,G1-R2-RL-GradedNDCG64-CP-Align070-ShortlistUniform-K0-T1-Pairwise050-Seed2026-s2026,16,0.3890375
B,Pairwise term (0.5·r),RELER,2026,G1-R2-RL-GradedNDCG64-CP-Align070-ShortlistUniform-K0-T1-Pairwise050-Seed2026-s2026,17,0.38545
B,Pairwise term (0.5·r),RELER,2026,G1-R2-RL-GradedNDCG64-CP-Align070-ShortlistUniform-K0-T1-Pairwise050-Seed2026-s2026,18,0.3942815
B,Pairwise term (0.5·r),RELER,2026,G1-R2-RL-GradedNDCG64-CP-Align070-ShortlistUniform-K0-T1-Pairwise050-Seed2026-s2026,19,0.3850165
B,Pairwise term (0.5·r),RELER,2026,G1-R2-RL-GradedNDCG64-CP-Align070-ShortlistUniform-K0-T1-Pairwise050-Seed2026-s2026,20,0.3994085
B,Pairwise term (0.5·r),RELER,2026,G1-R2-RL-GradedNDCG64-CP-Align070-ShortlistUniform-K0-T1-Pairwise050-Seed2026-s2026,21,0.401881
B,Pairwise term (0.5·r),RELER,2026,G1-R2-RL-GradedNDCG64-CP-Align070-ShortlistUniform-K0-T1-Pairwise050-Seed2026-s2026,22,0.405428
B,Pairwise term (0.5·r),RELER,2026,G1-R2-RL-GradedNDCG64-CP-Align070-ShortlistUniform-K0-T1-Pairwise050-Seed2026-s2026,23,0.409053
B,Pairwise term (0.5·r),RELER,2026,G1-R2-RL-GradedNDCG64-CP-Align070-ShortlistUniform-K0-T1-Pairwise050-Seed2026-s2026,24,0.4039535
B,Pairwise term (0.5·r),RELER,2026,G1-R2-RL-GradedNDCG64-CP-Align070-ShortlistUniform-K0-T1-Pairwise050-Seed2026-s2026,25,0.3829435
B,Pairwise term (0.5·r),RELER,2026,G1-R2-RL-GradedNDCG64-CP-Align070-ShortlistUniform-K0-T1-Pairwise050-Seed2026-s2026,26,0.40145
B,Pairwise term (0.5·r),RELER,2026,G1-R2-RL-GradedNDCG64-CP-Align070-ShortlistUniform-K0-T1-Pairwise050-Seed2026-s2026,27,0.416946
B,Pairwise term (0.5·r),RELER,2026,G1-R2-RL-GradedNDCG64-CP-Align070-ShortlistUniform-K0-T1-Pairwise050-Seed2026-s2026,28,0.4068345
B,Pairwise term (0.5·r),RELER,2026,G1-R2-RL-GradedNDCG64-CP-Align070-ShortlistUniform-K0-T1-Pairwise050-Seed2026-s2026,29,0.4119935
B,Pairwise term (0.5·r),RELER,2026,G1-R2-RL-GradedNDCG64-CP-Align070-ShortlistUniform-K0-T1-Pairwise050-Seed2026-s2026,30,0.3977545
B,Pairwise term (0.5·r),RELER,2026,G1-R2-RL-GradedNDCG64-CP-Align070-ShortlistUniform-K0-T1-Pairwise050-Seed2026-s2026,31,0.39275
B,Pairwise term (0.5·r),RELER,2026,G1-R2-RL-GradedNDCG64-CP-Align070-ShortlistUniform-K0-T1-Pairwise050-Seed2026-s2026,32,0.3968705
B,Pairwise term (0.5·r),RELER,2026,G1-R2-RL-GradedNDCG64-CP-Align070-ShortlistUniform-K0-T1-Pairwise050-Seed2026-s2026,33,0.4130925
B,Pairwise term (0.5·r),RELER,2026,G1-R2-RL-GradedNDCG64-CP-Align070-ShortlistUniform-K0-T1-Pairwise050-Seed2026-s2026,34,0.3997365
B,Pairwise term (0.5·r),RELER,2026,G1-R2-RL-GradedNDCG64-CP-Align070-ShortlistUniform-K0-T1-Pairwise050-Seed2026-s2026,35,0.3858565
B,Pairwise term (0.5·r),RELER,2026,G1-R2-RL-GradedNDCG64-CP-Align070-ShortlistUniform-K0-T1-Pairwise050-Seed2026-s2026,36,0.421816
B,Pairwise term (0.5·r),RELER,2026,G1-R2-RL-GradedNDCG64-CP-Align070-ShortlistUniform-K0-T1-Pairwise050-Seed2026-s2026,37,0.4045735
B,Pairwise term (0.5·r),RELER,2026,G1-R2-RL-GradedNDCG64-CP-Align070-ShortlistUniform-K0-T1-Pairwise050-Seed2026-s2026,38,0.407607
B,Pairwise term (0.5·r),RELER,2026,G1-R2-RL-GradedNDCG64-CP-Align070-ShortlistUniform-K0-T1-Pairwise050-Seed2026-s2026,39,0.4163305
B,Pairwise term (0.5·r),RELER,2026,G1-R2-RL-GradedNDCG64-CP-Align070-ShortlistUniform-K0-T1-Pairwise050-Seed2026-s2026,40,0.4258655
B,Pairwise term (0.5·r),RELER,2026,G1-R2-RL-GradedNDCG64-CP-Align070-ShortlistUniform-K0-T1-Pairwise050-Seed2026-s2026,41,0.4224085
B,Pairwise term (0.5·r),RELER,2026,G1-R2-RL-GradedNDCG64-CP-Align070-ShortlistUniform-K0-T1-Pairwise050-Seed2026-s2026,42,0.417127
B,Pairwise term (0.5·r),RELER,2026,G1-R2-RL-GradedNDCG64-CP-Align070-ShortlistUniform-K0-T1-Pairwise050-Seed2026-s2026,43,0.4398335
B,Pairwise term (0.5·r),RELER,2026,G1-R2-RL-GradedNDCG64-CP-Align070-ShortlistUniform-K0-T1-Pairwise050-Seed2026-s2026,44,0.4242155
B,Pairwise term (0.5·r),RELER,2026,G1-R2-RL-GradedNDCG64-CP-Align070-ShortlistUniform-K0-T1-Pairwise050-Seed2026-s2026,45,0.416113
B,Pairwise term (0.5·r),RELER,2026,G1-R2-RL-GradedNDCG64-CP-Align070-ShortlistUniform-K0-T1-Pairwise050-Seed2026-s2026,46,0.4211535
B,Pairwise term (0.5·r),RELER,2026,G1-R2-RL-GradedNDCG64-CP-Align070-ShortlistUniform-K0-T1-Pairwise050-Seed2026-s2026,47,0.4171145
B,Pairwise term (0.5·r),RELER,2026,G1-R2-RL-GradedNDCG64-CP-Align070-ShortlistUniform-K0-T1-Pairwise050-Seed2026-s2026,48,0.4095445
B,Pairwise term (0.5·r),RELER,2026,G1-R2-RL-GradedNDCG64-CP-Align070-ShortlistUniform-K0-T1-Pairwise050-Seed2026-s2026,49,0.408918
B,Pairwise term (0.5·r),RELER,2026,G1-R2-RL-GradedNDCG64-CP-Align070-ShortlistUniform-K0-T1-Pairwise050-Seed2026-s2026,50,0.419427
B,Pairwise term (0.5·r),RELER,2026,G1-R2-RL-GradedNDCG64-CP-Align070-ShortlistUniform-K0-T1-Pairwise050-Seed2026-s2026,51,0.4241135
B,Pairwise term (0.5·r),RELER,2026,G1-R2-RL-GradedNDCG64-CP-Align070-ShortlistUniform-K0-T1-Pairwise050-Seed2026-s2026,52,0.40618
B,Pairwise term (0.5·r),RELER,2026,G1-R2-RL-GradedNDCG64-CP-Align070-ShortlistUniform-K0-T1-Pairwise050-Seed2026-s2026,53,0.4206515
B,Pairwise term (0.5·r),RELER,2026,G1-R2-RL-GradedNDCG64-CP-Align070-ShortlistUniform-K0-T1-Pairwise050-Seed2026-s2026,54,0.402812
B,Pairwise term (0.5·r),RELER,2026,G1-R2-RL-GradedNDCG64-CP-Align070-ShortlistUniform-K0-T1-Pairwise050-Seed2026-s2026,55,0.429883
B,Pairwise term (0.5·r),RELER,2026,G1-R2-RL-GradedNDCG64-CP-Align070-ShortlistUniform-K0-T1-Pairwise050-Seed2026-s2026,56,0.437652
B,Pairwise term (0.5·r),RELER,2026,G1-R2-RL-GradedNDCG64-CP-Align070-ShortlistUniform-K0-T1-Pairwise050-Seed2026-s2026,57,0.435776
B,Pairwise term (0.5·r),RELER,2026,G1-R2-RL-GradedNDCG64-CP-Align070-ShortlistUniform-K0-T1-Pairwise050-Seed2026-s2026,58,0.4263205
B,Pairwise term (0.5·r),RELER,2026,G1-R2-RL-GradedNDCG64-CP-Align070-ShortlistUniform-K0-T1-Pairwise050-Seed2026-s2026,59,0.419752
B,Pairwise term (0.5·r),RELER,2026,G1-R2-RL-GradedNDCG64-CP-Align070-ShortlistUniform-K0-T1-Pairwise050-Seed2026-s2026,60,0.418786
B,Pairwise term (0.5·r),RELER,2026,G1-R2-RL-GradedNDCG64-CP-Align070-ShortlistUniform-K0-T1-Pairwise050-Seed2026-s2026,61,0.4300325
B,Pairwise term (0.5·r),RELER,2026,G1-R2-RL-GradedNDCG64-CP-Align070-ShortlistUniform-K0-T1-Pairwise050-Seed2026-s2026,62,0.4128075
B,Pairwise term (0.5·r),RELER,2026,G1-R2-RL-GradedNDCG64-CP-Align070-ShortlistUniform-K0-T1-Pairwise050-Seed2026-s2026,63,0.420237
B,Pairwise term (0.5·r),RELER,2026,G1-R2-RL-GradedNDCG64-CP-Align070-ShortlistUniform-K0-T1-Pairwise050-Seed2026-s2026,64,0.418043
B,Pairwise term (0.5·r),RELER,2026,G1-R2-RL-GradedNDCG64-CP-Align070-ShortlistUniform-K0-T1-Pairwise050-Seed2026-s2026,65,0.4091735
B,Pairwise term (0.5·r),RELER,2026,G1-R2-RL-GradedNDCG64-CP-Align070-ShortlistUniform-K0-T1-Pairwise050-Seed2026-s2026,66,0.433116
B,Pairwise term (0.5·r),RELER,2026,G1-R2-RL-GradedNDCG64-CP-Align070-ShortlistUniform-K0-T1-Pairwise050-Seed2026-s2026,67,0.420218
B,Pairwise term (0.5·r),RELER,2026,G1-R2-RL-GradedNDCG64-CP-Align070-ShortlistUniform-K0-T1-Pairwise050-Seed2026-s2026,68,0.4308365
B,Pairwise term (0.5·r),RELER,2026,G1-R2-RL-GradedNDCG64-CP-Align070-ShortlistUniform-K0-T1-Pairwise050-Seed2026-s2026,69,0.413122
B,Pairwise term (0.5·r),RELER,2026,G1-R2-RL-GradedNDCG64-CP-Align070-ShortlistUniform-K0-T1-Pairwise050-Seed2026-s2026,70,0.42607
B,Pairwise term (0.5·r),RELER,2026,G1-R2-RL-GradedNDCG64-CP-Align070-ShortlistUniform-K0-T1-Pairwise050-Seed2026-s2026,71,0.4272595
B,Pairwise term (0.5·r),RELER,2026,G1-R2-RL-GradedNDCG64-CP-Align070-ShortlistUniform-K0-T1-Pairwise050-Seed2026-s2026,72,0.4308645
B,Pairwise term (0.5·r),RELER,2026,G1-R2-RL-GradedNDCG64-CP-Align070-ShortlistUniform-K0-T1-Pairwise050-Seed2026-s2026,73,0.423839
B,Pairwise term (0.5·r),RELER,2026,G1-R2-RL-GradedNDCG64-CP-Align070-ShortlistUniform-K0-T1-Pairwise050-Seed2026-s2026,74,0.4278425
B,Pairwise term (0.5·r),RELER,2026,G1-R2-RL-GradedNDCG64-CP-Align070-ShortlistUniform-K0-T1-Pairwise050-Seed2026-s2026,75,0.4290395
B,Pairwise term (0.5·r),RELER,2026,G1-R2-RL-GradedNDCG64-CP-Align070-ShortlistUniform-K0-T1-Pairwise050-Seed2026-s2026,76,0.409831
B,Pairwise term (0.5·r),RELER,2026,G1-R2-RL-GradedNDCG64-CP-Align070-ShortlistUniform-K0-T1-Pairwise050-Seed2026-s2026,77,0.4224055
B,Pairwise term (0.5·r),RELER,2026,G1-R2-RL-GradedNDCG64-CP-Align070-ShortlistUniform-K0-T1-Pairwise050-Seed2026-s2026,78,0.4455955
B,Pairwise term (0.5·r),RELER,2026,G1-R2-RL-GradedNDCG64-CP-Align070-ShortlistUniform-K0-T1-Pairwise050-Seed2026-s2026,79,0.430448
B,Pairwise term (0.5·r),RELER,2026,G1-R2-RL-GradedNDCG64-CP-Align070-ShortlistUniform-K0-T1-Pairwise050-Seed2026-s2026,80,0.4428505
B,Pairwise term (0.5·r),RELER,2026,G1-R2-RL-GradedNDCG64-CP-Align070-ShortlistUniform-K0-T1-Pairwise050-Seed2026-s2026,81,0.429664
B,Pairwise term (0.5·r),RELER,2026,G1-R2-RL-GradedNDCG64-CP-Align070-ShortlistUniform-K0-T1-Pairwise050-Seed2026-s2026,82,0.423368
B,Pairwise term (0.5·r),RELER,2026,G1-R2-RL-GradedNDCG64-CP-Align070-ShortlistUniform-K0-T1-Pairwise050-Seed2026-s2026,83,0.4364715
B,Pairwise term (0.5·r),RELER,2026,G1-R2-RL-GradedNDCG64-CP-Align070-ShortlistUniform-K0-T1-Pairwise050-Seed2026-s2026,84,0.4302355
B,Pairwise term (0.5·r),RELER,2026,G1-R2-RL-GradedNDCG64-CP-Align070-ShortlistUniform-K0-T1-Pairwise050-Seed2026-s2026,85,0.439914
B,Pairwise term (0.5·r),RELER,2026,G1-R2-RL-GradedNDCG64-CP-Align070-ShortlistUniform-K0-T1-Pairwise050-Seed2026-s2026,86,0.420318
B,Pairwise term (0.5·r),RELER,2026,G1-R2-RL-GradedNDCG64-CP-Align070-ShortlistUniform-K0-T1-Pairwise050-Seed2026-s2026,87,0.454126
B,Pairwise term (0.5·r),RELER,2026,G1-R2-RL-GradedNDCG64-CP-Align070-ShortlistUniform-K0-T1-Pairwise050-Seed2026-s2026,88,0.4322685
B,Pairwise term (0.5·r),RELER,2026,G1-R2-RL-GradedNDCG64-CP-Align070-ShortlistUniform-K0-T1-Pairwise050-Seed2026-s2026,89,0.4231495
B,Pairwise term (0.5·r),RELER,2026,G1-R2-RL-GradedNDCG64-CP-Align070-ShortlistUniform-K0-T1-Pairwise050-Seed2026-s2026,90,0.427364
B,Pairwise term (0.5·r),RELER,2026,G1-R2-RL-GradedNDCG64-CP-Align070-ShortlistUniform-K0-T1-Pairwise050-Seed2026-s2026,91,0.434315
B,Pairwise term (0.5·r),RELER,2026,G1-R2-RL-GradedNDCG64-CP-Align070-ShortlistUniform-K0-T1-Pairwise050-Seed2026-s2026,92,0.4312045
B,Pairwise term (0.5·r),RELER,2026,G1-R2-RL-GradedNDCG64-CP-Align070-ShortlistUniform-K0-T1-Pairwise050-Seed2026-s2026,93,0.423135
B,Pairwise term (0.5·r),RELER,2026,G1-R2-RL-GradedNDCG64-CP-Align070-ShortlistUniform-K0-T1-Pairwise050-Seed2026-s2026,94,0.433265
B,Pairwise term (0.5·r),RELER,2026,G1-R2-RL-GradedNDCG64-CP-Align070-ShortlistUniform-K0-T1-Pairwise050-Seed2026-s2026,95,0.431135
B,Pairwise term (0.5·r),RELER,2026,G1-R2-RL-GradedNDCG64-CP-Align070-ShortlistUniform-K0-T1-Pairwise050-Seed2026-s2026,96,0.4321535
B,Pairwise term (0.5·r),RELER,2026,G1-R2-RL-GradedNDCG64-CP-Align070-ShortlistUniform-K0-T1-Pairwise050-Seed2026-s2026,97,0.4308685
B,Pairwise term (0.5·r),RELER,2026,G1-R2-RL-GradedNDCG64-CP-Align070-ShortlistUniform-K0-T1-Pairwise050-Seed2026-s2026,98,0.4385075
B,Pairwise term (0.5·r),RELER,2026,G1-R2-RL-GradedNDCG64-CP-Align070-ShortlistUniform-K0-T1-Pairwise050-Seed2026-s2026,99,0.4327515
B,Pairwise term (0.5·r),RELER,2026,G1-R2-RL-GradedNDCG64-CP-Align070-ShortlistUniform-K0-T1-Pairwise050-Seed2026-s2026,100,0.424778
B,Pairwise term (0.5·r),RELER,2026,G1-R2-RL-GradedNDCG64-CP-Align070-ShortlistUniform-K0-T1-Pairwise050-Seed2026-s2026,101,0.418848
B,Pairwise term (0.5·r),RELER,2026,G1-R2-RL-GradedNDCG64-CP-Align070-ShortlistUniform-K0-T1-Pairwise050-Seed2026-s2026,102,0.4328745
B,Pairwise term (0.5·r),RELER,2026,G1-R2-RL-GradedNDCG64-CP-Align070-ShortlistUniform-K0-T1-Pairwise050-Seed2026-s2026,103,0.4403255
B,Pairwise term (0.5·r),RELER,2026,G1-R2-RL-GradedNDCG64-CP-Align070-ShortlistUniform-K0-T1-Pairwise050-Seed2026-s2026,104,0.4333015
B,Pairwise term (0.5·r),RELER,2026,G1-R2-RL-GradedNDCG64-CP-Align070-ShortlistUniform-K0-T1-Pairwise050-Seed2026-s2026,105,0.428179
B,Pairwise term (0.5·r),RELER,2026,G1-R2-RL-GradedNDCG64-CP-Align070-ShortlistUniform-K0-T1-Pairwise050-Seed2026-s2026,106,0.436107
B,Pairwise term (0.5·r),RELER,2026,G1-R2-RL-GradedNDCG64-CP-Align070-ShortlistUniform-K0-T1-Pairwise050-Seed2026-s2026,107,0.4338685
B,Pairwise term (0.5·r),RELER,2026,G1-R2-RL-GradedNDCG64-CP-Align070-ShortlistUniform-K0-T1-Pairwise050-Seed2026-s2026,108,0.427417
B,Pairwise term (0.5·r),RELER,2026,G1-R2-RL-GradedNDCG64-CP-Align070-ShortlistUniform-K0-T1-Pairwise050-Seed2026-s2026,109,0.4309375
B,Pairwise term (0.5·r),RELER,2026,G1-R2-RL-GradedNDCG64-CP-Align070-ShortlistUniform-K0-T1-Pairwise050-Seed2026-s2026,110,0.435927
B,Pairwise term (0.5·r),RELER,2026,G1-R2-RL-GradedNDCG64-CP-Align070-ShortlistUniform-K0-T1-Pairwise050-Seed2026-s2026,111,0.4317965
B,Pairwise term (0.5·r),RELER,2026,G1-R2-RL-GradedNDCG64-CP-Align070-ShortlistUniform-K0-T1-Pairwise050-Seed2026-s2026,112,0.426279
B,Pairwise term (0.5·r),RELER,2026,G1-R2-RL-GradedNDCG64-CP-Align070-ShortlistUniform-K0-T1-Pairwise050-Seed2026-s2026,113,0.426643
B,Pairwise term (0.5·r),RELER,3407,G1-R2-RL-GradedNDCG64-CP-Align070-ShortlistUniform-K0-T1-Pairwise050-Seed3407-s3407,1,0.3446135
B,Pairwise term (0.5·r),RELER,3407,G1-R2-RL-GradedNDCG64-CP-Align070-ShortlistUniform-K0-T1-Pairwise050-Seed3407-s3407,2,0.320167
B,Pairwise term (0.5·r),RELER,3407,G1-R2-RL-GradedNDCG64-CP-Align070-ShortlistUniform-K0-T1-Pairwise050-Seed3407-s3407,3,0.3254065
B,Pairwise term (0.5·r),RELER,3407,G1-R2-RL-GradedNDCG64-CP-Align070-ShortlistUniform-K0-T1-Pairwise050-Seed3407-s3407,4,0.3182205
B,Pairwise term (0.5·r),RELER,3407,G1-R2-RL-GradedNDCG64-CP-Align070-ShortlistUniform-K0-T1-Pairwise050-Seed3407-s3407,5,0.3227415
B,Pairwise term (0.5·r),RELER,3407,G1-R2-RL-GradedNDCG64-CP-Align070-ShortlistUniform-K0-T1-Pairwise050-Seed3407-s3407,6,0.316155
B,Pairwise term (0.5·r),RELER,3407,G1-R2-RL-GradedNDCG64-CP-Align070-ShortlistUniform-K0-T1-Pairwise050-Seed3407-s3407,7,0.3253075
B,Pairwise term (0.5·r),RELER,3407,G1-R2-RL-GradedNDCG64-CP-Align070-ShortlistUniform-K0-T1-Pairwise050-Seed3407-s3407,8,0.3590855
B,Pairwise term (0.5·r),RELER,3407,G1-R2-RL-GradedNDCG64-CP-Align070-ShortlistUniform-K0-T1-Pairwise050-Seed3407-s3407,9,0.3478305
B,Pairwise term (0.5·r),RELER,3407,G1-R2-RL-GradedNDCG64-CP-Align070-ShortlistUniform-K0-T1-Pairwise050-Seed3407-s3407,10,0.345588
B,Pairwise term (0.5·r),RELER,3407,G1-R2-RL-GradedNDCG64-CP-Align070-ShortlistUniform-K0-T1-Pairwise050-Seed3407-s3407,11,0.361957
B,Pairwise term (0.5·r),RELER,3407,G1-R2-RL-GradedNDCG64-CP-Align070-ShortlistUniform-K0-T1-Pairwise050-Seed3407-s3407,12,0.3847435
B,Pairwise term (0.5·r),RELER,3407,G1-R2-RL-GradedNDCG64-CP-Align070-ShortlistUniform-K0-T1-Pairwise050-Seed3407-s3407,13,0.376707
B,Pairwise term (0.5·r),RELER,3407,G1-R2-RL-GradedNDCG64-CP-Align070-ShortlistUniform-K0-T1-Pairwise050-Seed3407-s3407,14,0.386308
B,Pairwise term (0.5·r),RELER,3407,G1-R2-RL-GradedNDCG64-CP-Align070-ShortlistUniform-K0-T1-Pairwise050-Seed3407-s3407,15,0.3797405
B,Pairwise term (0.5·r),RELER,3407,G1-R2-RL-GradedNDCG64-CP-Align070-ShortlistUniform-K0-T1-Pairwise050-Seed3407-s3407,16,0.3835965
B,Pairwise term (0.5·r),RELER,3407,G1-R2-RL-GradedNDCG64-CP-Align070-ShortlistUniform-K0-T1-Pairwise050-Seed3407-s3407,17,0.3867535
B,Pairwise term (0.5·r),RELER,3407,G1-R2-RL-GradedNDCG64-CP-Align070-ShortlistUniform-K0-T1-Pairwise050-Seed3407-s3407,18,0.380994
B,Pairwise term (0.5·r),RELER,3407,G1-R2-RL-GradedNDCG64-CP-Align070-ShortlistUniform-K0-T1-Pairwise050-Seed3407-s3407,19,0.37599
B,Pairwise term (0.5·r),RELER,3407,G1-R2-RL-GradedNDCG64-CP-Align070-ShortlistUniform-K0-T1-Pairwise050-Seed3407-s3407,20,0.393963
B,Pairwise term (0.5·r),RELER,3407,G1-R2-RL-GradedNDCG64-CP-Align070-ShortlistUniform-K0-T1-Pairwise050-Seed3407-s3407,21,0.4082675
B,Pairwise term (0.5·r),RELER,3407,G1-R2-RL-GradedNDCG64-CP-Align070-ShortlistUniform-K0-T1-Pairwise050-Seed3407-s3407,22,0.404471
B,Pairwise term (0.5·r),RELER,3407,G1-R2-RL-GradedNDCG64-CP-Align070-ShortlistUniform-K0-T1-Pairwise050-Seed3407-s3407,23,0.412257
B,Pairwise term (0.5·r),RELER,3407,G1-R2-RL-GradedNDCG64-CP-Align070-ShortlistUniform-K0-T1-Pairwise050-Seed3407-s3407,24,0.393005
B,Pairwise term (0.5·r),RELER,3407,G1-R2-RL-GradedNDCG64-CP-Align070-ShortlistUniform-K0-T1-Pairwise050-Seed3407-s3407,25,0.3978995
B,Pairwise term (0.5·r),RELER,3407,G1-R2-RL-GradedNDCG64-CP-Align070-ShortlistUniform-K0-T1-Pairwise050-Seed3407-s3407,26,0.3948265
B,Pairwise term (0.5·r),RELER,3407,G1-R2-RL-GradedNDCG64-CP-Align070-ShortlistUniform-K0-T1-Pairwise050-Seed3407-s3407,27,0.395283
B,Pairwise term (0.5·r),RELER,3407,G1-R2-RL-GradedNDCG64-CP-Align070-ShortlistUniform-K0-T1-Pairwise050-Seed3407-s3407,28,0.4114735
B,Pairwise term (0.5·r),RELER,3407,G1-R2-RL-GradedNDCG64-CP-Align070-ShortlistUniform-K0-T1-Pairwise050-Seed3407-s3407,29,0.396994
B,Pairwise term (0.5·r),RELER,3407,G1-R2-RL-GradedNDCG64-CP-Align070-ShortlistUniform-K0-T1-Pairwise050-Seed3407-s3407,30,0.3865855
B,Pairwise term (0.5·r),RELER,3407,G1-R2-RL-GradedNDCG64-CP-Align070-ShortlistUniform-K0-T1-Pairwise050-Seed3407-s3407,31,0.4091295
B,Pairwise term (0.5·r),RELER,3407,G1-R2-RL-GradedNDCG64-CP-Align070-ShortlistUniform-K0-T1-Pairwise050-Seed3407-s3407,32,0.422216
B,Pairwise term (0.5·r),RELER,3407,G1-R2-RL-GradedNDCG64-CP-Align070-ShortlistUniform-K0-T1-Pairwise050-Seed3407-s3407,33,0.4145785
B,Pairwise term (0.5·r),RELER,3407,G1-R2-RL-GradedNDCG64-CP-Align070-ShortlistUniform-K0-T1-Pairwise050-Seed3407-s3407,34,0.4111935
B,Pairwise term (0.5·r),RELER,3407,G1-R2-RL-GradedNDCG64-CP-Align070-ShortlistUniform-K0-T1-Pairwise050-Seed3407-s3407,35,0.3965
B,Pairwise term (0.5·r),RELER,3407,G1-R2-RL-GradedNDCG64-CP-Align070-ShortlistUniform-K0-T1-Pairwise050-Seed3407-s3407,36,0.3972225
B,Pairwise term (0.5·r),RELER,3407,G1-R2-RL-GradedNDCG64-CP-Align070-ShortlistUniform-K0-T1-Pairwise050-Seed3407-s3407,37,0.4000995
B,Pairwise term (0.5·r),RELER,3407,G1-R2-RL-GradedNDCG64-CP-Align070-ShortlistUniform-K0-T1-Pairwise050-Seed3407-s3407,38,0.422964
B,Pairwise term (0.5·r),RELER,3407,G1-R2-RL-GradedNDCG64-CP-Align070-ShortlistUniform-K0-T1-Pairwise050-Seed3407-s3407,39,0.4027125
B,Pairwise term (0.5·r),RELER,3407,G1-R2-RL-GradedNDCG64-CP-Align070-ShortlistUniform-K0-T1-Pairwise050-Seed3407-s3407,40,0.408078
B,Pairwise term (0.5·r),RELER,3407,G1-R2-RL-GradedNDCG64-CP-Align070-ShortlistUniform-K0-T1-Pairwise050-Seed3407-s3407,41,0.4147935
B,Pairwise term (0.5·r),RELER,3407,G1-R2-RL-GradedNDCG64-CP-Align070-ShortlistUniform-K0-T1-Pairwise050-Seed3407-s3407,42,0.414302
B,Pairwise term (0.5·r),RELER,3407,G1-R2-RL-GradedNDCG64-CP-Align070-ShortlistUniform-K0-T1-Pairwise050-Seed3407-s3407,43,0.415422
B,Pairwise term (0.5·r),RELER,3407,G1-R2-RL-GradedNDCG64-CP-Align070-ShortlistUniform-K0-T1-Pairwise050-Seed3407-s3407,44,0.420638
B,Pairwise term (0.5·r),RELER,3407,G1-R2-RL-GradedNDCG64-CP-Align070-ShortlistUniform-K0-T1-Pairwise050-Seed3407-s3407,45,0.424258
B,Pairwise term (0.5·r),RELER,3407,G1-R2-RL-GradedNDCG64-CP-Align070-ShortlistUniform-K0-T1-Pairwise050-Seed3407-s3407,46,0.4246525
B,Pairwise term (0.5·r),RELER,3407,G1-R2-RL-GradedNDCG64-CP-Align070-ShortlistUniform-K0-T1-Pairwise050-Seed3407-s3407,47,0.410434
B,Pairwise term (0.5·r),RELER,3407,G1-R2-RL-GradedNDCG64-CP-Align070-ShortlistUniform-K0-T1-Pairwise050-Seed3407-s3407,48,0.4359885
B,Pairwise term (0.5·r),RELER,3407,G1-R2-RL-GradedNDCG64-CP-Align070-ShortlistUniform-K0-T1-Pairwise050-Seed3407-s3407,49,0.416847
B,Pairwise term (0.5·r),RELER,3407,G1-R2-RL-GradedNDCG64-CP-Align070-ShortlistUniform-K0-T1-Pairwise050-Seed3407-s3407,50,0.4352775
B,Pairwise term (0.5·r),RELER,3407,G1-R2-RL-GradedNDCG64-CP-Align070-ShortlistUniform-K0-T1-Pairwise050-Seed3407-s3407,51,0.425383
B,Pairwise term (0.5·r),RELER,3407,G1-R2-RL-GradedNDCG64-CP-Align070-ShortlistUniform-K0-T1-Pairwise050-Seed3407-s3407,52,0.409943
B,Pairwise term (0.5·r),RELER,3407,G1-R2-RL-GradedNDCG64-CP-Align070-ShortlistUniform-K0-T1-Pairwise050-Seed3407-s3407,53,0.4224705
B,Pairwise term (0.5·r),RELER,3407,G1-R2-RL-GradedNDCG64-CP-Align070-ShortlistUniform-K0-T1-Pairwise050-Seed3407-s3407,54,0.4239795
B,Pairwise term (0.5·r),RELER,3407,G1-R2-RL-GradedNDCG64-CP-Align070-ShortlistUniform-K0-T1-Pairwise050-Seed3407-s3407,55,0.4157375
B,Pairwise term (0.5·r),RELER,3407,G1-R2-RL-GradedNDCG64-CP-Align070-ShortlistUniform-K0-T1-Pairwise050-Seed3407-s3407,56,0.428399
B,Pairwise term (0.5·r),RELER,3407,G1-R2-RL-GradedNDCG64-CP-Align070-ShortlistUniform-K0-T1-Pairwise050-Seed3407-s3407,57,0.423079
B,Pairwise term (0.5·r),RELER,3407,G1-R2-RL-GradedNDCG64-CP-Align070-ShortlistUniform-K0-T1-Pairwise050-Seed3407-s3407,58,0.4238735
B,Pairwise term (0.5·r),RELER,3407,G1-R2-RL-GradedNDCG64-CP-Align070-ShortlistUniform-K0-T1-Pairwise050-Seed3407-s3407,59,0.4011325
B,Pairwise term (0.5·r),RELER,3407,G1-R2-RL-GradedNDCG64-CP-Align070-ShortlistUniform-K0-T1-Pairwise050-Seed3407-s3407,60,0.425512
B,Pairwise term (0.5·r),RELER,3407,G1-R2-RL-GradedNDCG64-CP-Align070-ShortlistUniform-K0-T1-Pairwise050-Seed3407-s3407,61,0.422057
B,Pairwise term (0.5·r),RELER,3407,G1-R2-RL-GradedNDCG64-CP-Align070-ShortlistUniform-K0-T1-Pairwise050-Seed3407-s3407,62,0.4324105
B,Pairwise term (0.5·r),RELER,3407,G1-R2-RL-GradedNDCG64-CP-Align070-ShortlistUniform-K0-T1-Pairwise050-Seed3407-s3407,63,0.437875
B,Pairwise term (0.5·r),RELER,3407,G1-R2-RL-GradedNDCG64-CP-Align070-ShortlistUniform-K0-T1-Pairwise050-Seed3407-s3407,64,0.41942
B,Pairwise term (0.5·r),RELER,3407,G1-R2-RL-GradedNDCG64-CP-Align070-ShortlistUniform-K0-T1-Pairwise050-Seed3407-s3407,65,0.4173215
B,Pairwise term (0.5·r),RELER,3407,G1-R2-RL-GradedNDCG64-CP-Align070-ShortlistUniform-K0-T1-Pairwise050-Seed3407-s3407,66,0.409415
B,Pairwise term (0.5·r),RELER,3407,G1-R2-RL-GradedNDCG64-CP-Align070-ShortlistUniform-K0-T1-Pairwise050-Seed3407-s3407,67,0.4247415
B,Pairwise term (0.5·r),RELER,3407,G1-R2-RL-GradedNDCG64-CP-Align070-ShortlistUniform-K0-T1-Pairwise050-Seed3407-s3407,68,0.4071725
B,Pairwise term (0.5·r),RELER,3407,G1-R2-RL-GradedNDCG64-CP-Align070-ShortlistUniform-K0-T1-Pairwise050-Seed3407-s3407,69,0.424046
B,Pairwise term (0.5·r),RELER,3407,G1-R2-RL-GradedNDCG64-CP-Align070-ShortlistUniform-K0-T1-Pairwise050-Seed3407-s3407,70,0.419522
B,Pairwise term (0.5·r),RELER,3407,G1-R2-RL-GradedNDCG64-CP-Align070-ShortlistUniform-K0-T1-Pairwise050-Seed3407-s3407,71,0.424671
B,Pairwise term (0.5·r),RELER,3407,G1-R2-RL-GradedNDCG64-CP-Align070-ShortlistUniform-K0-T1-Pairwise050-Seed3407-s3407,72,0.422749
B,Pairwise term (0.5·r),RELER,3407,G1-R2-RL-GradedNDCG64-CP-Align070-ShortlistUniform-K0-T1-Pairwise050-Seed3407-s3407,73,0.4263315
B,Pairwise term (0.5·r),RELER,3407,G1-R2-RL-GradedNDCG64-CP-Align070-ShortlistUniform-K0-T1-Pairwise050-Seed3407-s3407,74,0.424266
B,Pairwise term (0.5·r),RELER,3407,G1-R2-RL-GradedNDCG64-CP-Align070-ShortlistUniform-K0-T1-Pairwise050-Seed3407-s3407,75,0.412424
B,Pairwise term (0.5·r),RELER,3407,G1-R2-RL-GradedNDCG64-CP-Align070-ShortlistUniform-K0-T1-Pairwise050-Seed3407-s3407,76,0.41854
B,Pairwise term (0.5·r),RELER,3407,G1-R2-RL-GradedNDCG64-CP-Align070-ShortlistUniform-K0-T1-Pairwise050-Seed3407-s3407,77,0.4196505
B,Pairwise term (0.5·r),RELER,3407,G1-R2-RL-GradedNDCG64-CP-Align070-ShortlistUniform-K0-T1-Pairwise050-Seed3407-s3407,78,0.4269995
B,Pairwise term (0.5·r),RELER,3407,G1-R2-RL-GradedNDCG64-CP-Align070-ShortlistUniform-K0-T1-Pairwise050-Seed3407-s3407,79,0.432769
B,Pairwise term (0.5·r),RELER,3407,G1-R2-RL-GradedNDCG64-CP-Align070-ShortlistUniform-K0-T1-Pairwise050-Seed3407-s3407,80,0.434166
B,Pairwise term (0.5·r),RELER,3407,G1-R2-RL-GradedNDCG64-CP-Align070-ShortlistUniform-K0-T1-Pairwise050-Seed3407-s3407,81,0.432635
B,Pairwise term (0.5·r),RELER,3407,G1-R2-RL-GradedNDCG64-CP-Align070-ShortlistUniform-K0-T1-Pairwise050-Seed3407-s3407,82,0.416601
B,Pairwise term (0.5·r),RELER,3407,G1-R2-RL-GradedNDCG64-CP-Align070-ShortlistUniform-K0-T1-Pairwise050-Seed3407-s3407,83,0.4252
B,Pairwise term (0.5·r),RELER,3407,G1-R2-RL-GradedNDCG64-CP-Align070-ShortlistUniform-K0-T1-Pairwise050-Seed3407-s3407,84,0.444865
B,Pairwise term (0.5·r),RELER,3407,G1-R2-RL-GradedNDCG64-CP-Align070-ShortlistUniform-K0-T1-Pairwise050-Seed3407-s3407,85,0.4240645
B,Pairwise term (0.5·r),RELER,3407,G1-R2-RL-GradedNDCG64-CP-Align070-ShortlistUniform-K0-T1-Pairwise050-Seed3407-s3407,86,0.4284675
B,Pairwise term (0.5·r),RELER,3407,G1-R2-RL-GradedNDCG64-CP-Align070-ShortlistUniform-K0-T1-Pairwise050-Seed3407-s3407,87,0.435577
B,Pairwise term (0.5·r),RELER,3407,G1-R2-RL-GradedNDCG64-CP-Align070-ShortlistUniform-K0-T1-Pairwise050-Seed3407-s3407,88,0.421431
B,Pairwise term (0.5·r),RELER,3407,G1-R2-RL-GradedNDCG64-CP-Align070-ShortlistUniform-K0-T1-Pairwise050-Seed3407-s3407,89,0.420502
B,Pairwise term (0.5·r),RELER,3407,G1-R2-RL-GradedNDCG64-CP-Align070-ShortlistUniform-K0-T1-Pairwise050-Seed3407-s3407,90,0.434842
B,Pairwise term (0.5·r),RELER,3407,G1-R2-RL-GradedNDCG64-CP-Align070-ShortlistUniform-K0-T1-Pairwise050-Seed3407-s3407,91,0.4365545
B,Pairwise term (0.5·r),RELER,3407,G1-R2-RL-GradedNDCG64-CP-Align070-ShortlistUniform-K0-T1-Pairwise050-Seed3407-s3407,92,0.4338845
B,Pairwise term (0.5·r),RELER,3407,G1-R2-RL-GradedNDCG64-CP-Align070-ShortlistUniform-K0-T1-Pairwise050-Seed3407-s3407,93,0.4273775
B,Pairwise term (0.5·r),RELER,3407,G1-R2-RL-GradedNDCG64-CP-Align070-ShortlistUniform-K0-T1-Pairwise050-Seed3407-s3407,94,0.429119
B,Pairwise term (0.5·r),RELER,3407,G1-R2-RL-GradedNDCG64-CP-Align070-ShortlistUniform-K0-T1-Pairwise050-Seed3407-s3407,95,0.4291405
B,Pairwise term (0.5·r),RELER,3407,G1-R2-RL-GradedNDCG64-CP-Align070-ShortlistUniform-K0-T1-Pairwise050-Seed3407-s3407,96,0.4348635
B,Pairwise term (0.5·r),RELER,3407,G1-R2-RL-GradedNDCG64-CP-Align070-ShortlistUniform-K0-T1-Pairwise050-Seed3407-s3407,97,0.4420895
B,Pairwise term (0.5·r),RELER,3407,G1-R2-RL-GradedNDCG64-CP-Align070-ShortlistUniform-K0-T1-Pairwise050-Seed3407-s3407,98,0.4197665
B,Pairwise term (0.5·r),RELER,3407,G1-R2-RL-GradedNDCG64-CP-Align070-ShortlistUniform-K0-T1-Pairwise050-Seed3407-s3407,99,0.4276345
B,Pairwise term (0.5·r),RELER,3407,G1-R2-RL-GradedNDCG64-CP-Align070-ShortlistUniform-K0-T1-Pairwise050-Seed3407-s3407,100,0.4347085
B,Pairwise term (0.5·r),RELER,3407,G1-R2-RL-GradedNDCG64-CP-Align070-ShortlistUniform-K0-T1-Pairwise050-Seed3407-s3407,101,0.4485485
B,Pairwise term (0.5·r),RELER,3407,G1-R2-RL-GradedNDCG64-CP-Align070-ShortlistUniform-K0-T1-Pairwise050-Seed3407-s3407,102,0.4252005
B,Pairwise term (0.5·r),RELER,3407,G1-R2-RL-GradedNDCG64-CP-Align070-ShortlistUniform-K0-T1-Pairwise050-Seed3407-s3407,103,0.433492
B,Pairwise term (0.5·r),RELER,3407,G1-R2-RL-GradedNDCG64-CP-Align070-ShortlistUniform-K0-T1-Pairwise050-Seed3407-s3407,104,0.4385425
B,Pairwise term (0.5·r),RELER,3407,G1-R2-RL-GradedNDCG64-CP-Align070-ShortlistUniform-K0-T1-Pairwise050-Seed3407-s3407,105,0.424554
B,Pairwise term (0.5·r),RELER,3407,G1-R2-RL-GradedNDCG64-CP-Align070-ShortlistUniform-K0-T1-Pairwise050-Seed3407-s3407,106,0.4329215
B,Pairwise term (0.5·r),RELER,3407,G1-R2-RL-GradedNDCG64-CP-Align070-ShortlistUniform-K0-T1-Pairwise050-Seed3407-s3407,107,0.4332965
B,Pairwise term (0.5·r),RELER,3407,G1-R2-RL-GradedNDCG64-CP-Align070-ShortlistUniform-K0-T1-Pairwise050-Seed3407-s3407,108,0.435537
B,Pairwise term (0.5·r),RELER,3407,G1-R2-RL-GradedNDCG64-CP-Align070-ShortlistUniform-K0-T1-Pairwise050-Seed3407-s3407,109,0.434271
B,Pairwise term (0.5·r),RELER,3407,G1-R2-RL-GradedNDCG64-CP-Align070-ShortlistUniform-K0-T1-Pairwise050-Seed3407-s3407,110,0.430424
B,Pairwise term (0.5·r),RELER,3407,G1-R2-RL-GradedNDCG64-CP-Align070-ShortlistUniform-K0-T1-Pairwise050-Seed3407-s3407,111,0.439278
B,Pairwise term (0.5·r),RELER,3407,G1-R2-RL-GradedNDCG64-CP-Align070-ShortlistUniform-K0-T1-Pairwise050-Seed3407-s3407,112,0.4379165
B,Pairwise term (0.5·r),RELER,3407,G1-R2-RL-GradedNDCG64-CP-Align070-ShortlistUniform-K0-T1-Pairwise050-Seed3407-s3407,113,0.4370595
